#usda 1.0
(
    customLayerData = {
        dictionary cameraSettings = {
            dictionary Perspective = {
                double3 position = (-9.6533, 1.0845, 0.6561)
                double3 target = (-4.856, 4.7249, -3.8533)
            }
            string boundCamera = "/OmniverseKit_Persp"
        }
        string comment = "built by build_demo_layer.py (sublayer: chem_lab_scene.usda)"
        dictionary renderSettings = {
            bool "rtx:flow:enabled" = 1
            bool "rtx:flow:pathTracingEnabled" = 1
            bool "rtx:flow:rayTracedReflectionsEnabled" = 1
            bool "rtx:flow:rayTracedTranslucencyEnabled" = 1
        }
    }
    defaultPrim = "World"
    endTimeCode = 36000
    metersPerUnit = 1
    startTimeCode = 0
    subLayers = [
        @./chem_lab_scene.usda@
    ]
    timeCodesPerSecond = 60
    upAxis = "Z"
)

over "physicsScene" (
    prepend apiSchemas = ["PhysxSceneAPI"]
)
{
    uniform token physxScene:broadphaseType = "GPU"
    bool physxScene:enableGPUDynamics = 1
}

over "Beaker" (
    active = false
)
{
}

def Xform "DemoBeakers"
{
    def Xform "DeskBeaker_1" (
        prepend apiSchemas = ["PhysicsRigidBodyAPI", "PhysicsMassAPI"]
        prepend references = @./chem_lab/lab.usd@</root/Lab/ST_Acc_BechersGlass03_mo>
    )
    {
        float physics:mass = 0.05
        float3 xformOp:rotateXYZ = (0, 0, 0)
        double3 xformOp:translate = (-4.32, 3.99, -1.901)

        over "ST_Acc_BechersGlass03_md" (
            prepend apiSchemas = ["PhysicsCollisionAPI", "PhysicsMeshCollisionAPI", "PhysxSDFMeshCollisionAPI", "MaterialBindingAPI"]
        )
        {
            rel material:binding = </ChemLab/materials/ST_Acc_ScienceGlass01>
            rel material:binding:physics = </PhysicsMaterials/BeakerGrip> (
                bindMaterialAs = "weakerThanDescendants"
            )
            uniform token physics:approximation = "sdf"
            uniform int physxSDFMeshCollision:sdfResolution = 150
        }

        def Cylinder "Liquid" (
            prepend apiSchemas = ["MaterialBindingAPI"]
        )
        {
            uniform token axis = "Z"
            double height = 0.045
            rel material:binding = </Looks/Liquid_DeskBeaker_1>
            double radius = 0.03
            double3 xformOp:translate = (0, 0, 0.0245)
            uniform token[] xformOpOrder = ["xformOp:translate"]
        }
    }

    def Xform "DeskBeaker_2" (
        prepend apiSchemas = ["PhysicsRigidBodyAPI", "PhysicsMassAPI"]
        prepend references = @./chem_lab/lab.usd@</root/Lab/ST_Acc_BechersGlass03_mo>
    )
    {
        float physics:mass = 0.05
        float3 xformOp:rotateXYZ = (0, 0, 0)
        double3 xformOp:translate = (-4.22, 4.1, -1.901)

        over "ST_Acc_BechersGlass03_md" (
            prepend apiSchemas = ["PhysicsCollisionAPI", "PhysicsMeshCollisionAPI", "PhysxSDFMeshCollisionAPI", "MaterialBindingAPI"]
        )
        {
            rel material:binding = </ChemLab/materials/ST_Acc_ScienceGlass01>
            rel material:binding:physics = </PhysicsMaterials/BeakerGrip> (
                bindMaterialAs = "weakerThanDescendants"
            )
            uniform token physics:approximation = "sdf"
            uniform int physxSDFMeshCollision:sdfResolution = 150
        }

        def Cylinder "Liquid" (
            prepend apiSchemas = ["MaterialBindingAPI"]
        )
        {
            uniform token axis = "Z"
            double height = 0.03
            rel material:binding = </Looks/Liquid_DeskBeaker_2>
            double radius = 0.03
            double3 xformOp:translate = (0, 0, 0.017)
            uniform token[] xformOpOrder = ["xformOp:translate"]
        }
    }

    def Xform "DeskBeaker_3" (
        prepend apiSchemas = ["PhysicsRigidBodyAPI", "PhysicsMassAPI"]
        prepend references = @./chem_lab/lab.usd@</root/Lab/ST_Acc_BechersGlass03_mo>
    )
    {
        float physics:mass = 0.05
        float3 xformOp:rotateXYZ = (0, 0, 0)
        double3 xformOp:translate = (-4.1, 3.98, -1.901)

        over "ST_Acc_BechersGlass03_md" (
            prepend apiSchemas = ["PhysicsCollisionAPI", "PhysicsMeshCollisionAPI", "PhysxSDFMeshCollisionAPI", "MaterialBindingAPI"]
        )
        {
            rel material:binding = </ChemLab/materials/ST_Acc_ScienceGlass01>
            rel material:binding:physics = </PhysicsMaterials/BeakerGrip> (
                bindMaterialAs = "weakerThanDescendants"
            )
            uniform token physics:approximation = "sdf"
            uniform int physxSDFMeshCollision:sdfResolution = 150
        }

        def Cylinder "Liquid" (
            prepend apiSchemas = ["MaterialBindingAPI"]
        )
        {
            uniform token axis = "Z"
            double height = 0.05
            rel material:binding = </Looks/Liquid_DeskBeaker_3>
            double radius = 0.03
            double3 xformOp:translate = (0, 0, 0.027000000000000003)
            uniform token[] xformOpOrder = ["xformOp:translate"]
        }
    }

    def Xform "DeskBeaker_4" (
        prepend apiSchemas = ["PhysicsRigidBodyAPI", "PhysicsMassAPI"]
        prepend references = @./chem_lab/lab.usd@</root/Lab/ST_Acc_BechersGlass03_mo>
    )
    {
        float physics:mass = 0.05
        float3 xformOp:rotateXYZ = (0, 0, 0)
        double3 xformOp:translate = (-3.45, 4.35, -1.828)

        over "ST_Acc_BechersGlass03_md" (
            prepend apiSchemas = ["PhysicsCollisionAPI", "PhysicsMeshCollisionAPI", "PhysxSDFMeshCollisionAPI", "MaterialBindingAPI"]
        )
        {
            rel material:binding = </ChemLab/materials/ST_Acc_ScienceGlass01>
            rel material:binding:physics = </PhysicsMaterials/BeakerGrip> (
                bindMaterialAs = "weakerThanDescendants"
            )
            uniform token physics:approximation = "sdf"
            uniform int physxSDFMeshCollision:sdfResolution = 150
        }

        def Cylinder "Liquid" (
            prepend apiSchemas = ["MaterialBindingAPI"]
        )
        {
            uniform token axis = "Z"
            double height = 0.035
            rel material:binding = </Looks/Liquid_DeskBeaker_4>
            double radius = 0.03
            double3 xformOp:translate = (0, 0, 0.019500000000000003)
            uniform token[] xformOpOrder = ["xformOp:translate"]
        }
    }

    def Xform "DeskBeaker_5" (
        prepend apiSchemas = ["PhysicsRigidBodyAPI", "PhysicsMassAPI"]
        prepend references = @./chem_lab/lab.usd@</root/Lab/ST_Acc_BechersGlass03_mo>
    )
    {
        float physics:mass = 0.05
        float3 xformOp:rotateXYZ = (0, 0, 0)
        double3 xformOp:translate = (-3.3, 3.99, -1.901)

        over "ST_Acc_BechersGlass03_md" (
            prepend apiSchemas = ["PhysicsCollisionAPI", "PhysicsMeshCollisionAPI", "PhysxSDFMeshCollisionAPI", "MaterialBindingAPI"]
        )
        {
            rel material:binding = </ChemLab/materials/ST_Acc_ScienceGlass01>
            rel material:binding:physics = </PhysicsMaterials/BeakerGrip> (
                bindMaterialAs = "weakerThanDescendants"
            )
            uniform token physics:approximation = "sdf"
            uniform int physxSDFMeshCollision:sdfResolution = 150
        }

        def Cylinder "Liquid" (
            prepend apiSchemas = ["MaterialBindingAPI"]
        )
        {
            uniform token axis = "Z"
            double height = 0.04
            rel material:binding = </Looks/Liquid_DeskBeaker_5>
            double radius = 0.03
            double3 xformOp:translate = (0, 0, 0.022)
            uniform token[] xformOpOrder = ["xformOp:translate"]
        }
    }

    def Xform "HazardBeaker" (
        prepend apiSchemas = ["PhysicsRigidBodyAPI", "PhysicsMassAPI"]
        prepend references = @./chem_lab/lab.usd@</root/Lab/ST_Acc_BechersGlass03_mo>
    )
    {
        float physics:mass = 0.05
        vector3f physics:velocity = (0, -1, 0)
        float3 xformOp:rotateXYZ = (0, 0, 0)
        double3 xformOp:translate = (-5.1, 3.9450000000000003, -1.901)

        over "ST_Acc_BechersGlass03_md" (
            prepend apiSchemas = ["PhysicsCollisionAPI", "PhysicsMeshCollisionAPI", "PhysxSDFMeshCollisionAPI", "MaterialBindingAPI"]
        )
        {
            rel material:binding = </ChemLab/materials/ST_Acc_ScienceGlass01>
            rel material:binding:physics = </PhysicsMaterials/BeakerGrip> (
                bindMaterialAs = "weakerThanDescendants"
            )
            uniform token physics:approximation = "sdf"
            uniform int physxSDFMeshCollision:sdfResolution = 300
        }

        def Xform "Cup"
        {
            def Cylinder "Floor" (
                prepend apiSchemas = ["PhysicsCollisionAPI"]
            )
            {
                uniform token axis = "Z"
                double height = 0.006
                uniform token purpose = "guide"
                double radius = 0.0328
                double3 xformOp:translate = (0, 0, 0.005)
                uniform token[] xformOpOrder = ["xformOp:translate"]
            }

            def Cube "Wall_00" (
                prepend apiSchemas = ["PhysicsCollisionAPI"]
            )
            {
                uniform token purpose = "guide"
                double size = 1
                float xformOp:rotateZ = 0
                float3 xformOp:scale = (0.006, 0.0135245565, 0.07)
                double3 xformOp:translate = (0.0298, 0, 0.043)
                uniform token[] xformOpOrder = ["xformOp:translate", "xformOp:rotateZ", "xformOp:scale"]
            }

            def Cube "Wall_01" (
                prepend apiSchemas = ["PhysicsCollisionAPI"]
            )
            {
                uniform token purpose = "guide"
                double size = 1
                float xformOp:rotateZ = 22.5
                float3 xformOp:scale = (0.006, 0.0135245565, 0.07)
                double3 xformOp:translate = (0.027531610068836344, 0.011403966284479676, 0.043)
                uniform token[] xformOpOrder = ["xformOp:translate", "xformOp:rotateZ", "xformOp:scale"]
            }

            def Cube "Wall_02" (
                prepend apiSchemas = ["PhysicsCollisionAPI"]
            )
            {
                uniform token purpose = "guide"
                double size = 1
                float xformOp:rotateZ = 45
                float3 xformOp:scale = (0.006, 0.0135245565, 0.07)
                double3 xformOp:translate = (0.021071782079359117, 0.021071782079359114, 0.043)
                uniform token[] xformOpOrder = ["xformOp:translate", "xformOp:rotateZ", "xformOp:scale"]
            }

            def Cube "Wall_03" (
                prepend apiSchemas = ["PhysicsCollisionAPI"]
            )
            {
                uniform token purpose = "guide"
                double size = 1
                float xformOp:rotateZ = 67.5
                float3 xformOp:scale = (0.006, 0.0135245565, 0.07)
                double3 xformOp:translate = (0.011403966284479677, 0.027531610068836344, 0.043)
                uniform token[] xformOpOrder = ["xformOp:translate", "xformOp:rotateZ", "xformOp:scale"]
            }

            def Cube "Wall_04" (
                prepend apiSchemas = ["PhysicsCollisionAPI"]
            )
            {
                uniform token purpose = "guide"
                double size = 1
                float xformOp:rotateZ = 90
                float3 xformOp:scale = (0.006, 0.0135245565, 0.07)
                double3 xformOp:translate = (1.8247237307295563e-18, 0.0298, 0.043)
                uniform token[] xformOpOrder = ["xformOp:translate", "xformOp:rotateZ", "xformOp:scale"]
            }

            def Cube "Wall_05" (
                prepend apiSchemas = ["PhysicsCollisionAPI"]
            )
            {
                uniform token purpose = "guide"
                double size = 1
                float xformOp:rotateZ = 112.5
                float3 xformOp:scale = (0.006, 0.0135245565, 0.07)
                double3 xformOp:translate = (-0.011403966284479674, 0.027531610068836344, 0.043)
                uniform token[] xformOpOrder = ["xformOp:translate", "xformOp:rotateZ", "xformOp:scale"]
            }

            def Cube "Wall_06" (
                prepend apiSchemas = ["PhysicsCollisionAPI"]
            )
            {
                uniform token purpose = "guide"
                double size = 1
                float xformOp:rotateZ = 135
                float3 xformOp:scale = (0.006, 0.0135245565, 0.07)
                double3 xformOp:translate = (-0.021071782079359114, 0.021071782079359117, 0.043)
                uniform token[] xformOpOrder = ["xformOp:translate", "xformOp:rotateZ", "xformOp:scale"]
            }

            def Cube "Wall_07" (
                prepend apiSchemas = ["PhysicsCollisionAPI"]
            )
            {
                uniform token purpose = "guide"
                double size = 1
                float xformOp:rotateZ = 157.5
                float3 xformOp:scale = (0.006, 0.0135245565, 0.07)
                double3 xformOp:translate = (-0.027531610068836344, 0.01140396628447968, 0.043)
                uniform token[] xformOpOrder = ["xformOp:translate", "xformOp:rotateZ", "xformOp:scale"]
            }

            def Cube "Wall_08" (
                prepend apiSchemas = ["PhysicsCollisionAPI"]
            )
            {
                uniform token purpose = "guide"
                double size = 1
                float xformOp:rotateZ = 180
                float3 xformOp:scale = (0.006, 0.0135245565, 0.07)
                double3 xformOp:translate = (-0.0298, 3.649447461459113e-18, 0.043)
                uniform token[] xformOpOrder = ["xformOp:translate", "xformOp:rotateZ", "xformOp:scale"]
            }

            def Cube "Wall_09" (
                prepend apiSchemas = ["PhysicsCollisionAPI"]
            )
            {
                uniform token purpose = "guide"
                double size = 1
                float xformOp:rotateZ = 202.5
                float3 xformOp:scale = (0.006, 0.0135245565, 0.07)
                double3 xformOp:translate = (-0.027531610068836348, -0.011403966284479672, 0.043)
                uniform token[] xformOpOrder = ["xformOp:translate", "xformOp:rotateZ", "xformOp:scale"]
            }

            def Cube "Wall_10" (
                prepend apiSchemas = ["PhysicsCollisionAPI"]
            )
            {
                uniform token purpose = "guide"
                double size = 1
                float xformOp:rotateZ = 225
                float3 xformOp:scale = (0.006, 0.0135245565, 0.07)
                double3 xformOp:translate = (-0.02107178207935912, -0.021071782079359114, 0.043)
                uniform token[] xformOpOrder = ["xformOp:translate", "xformOp:rotateZ", "xformOp:scale"]
            }

            def Cube "Wall_11" (
                prepend apiSchemas = ["PhysicsCollisionAPI"]
            )
            {
                uniform token purpose = "guide"
                double size = 1
                float xformOp:rotateZ = 247.5
                float3 xformOp:scale = (0.006, 0.0135245565, 0.07)
                double3 xformOp:translate = (-0.011403966284479691, -0.027531610068836337, 0.043)
                uniform token[] xformOpOrder = ["xformOp:translate", "xformOp:rotateZ", "xformOp:scale"]
            }

            def Cube "Wall_12" (
                prepend apiSchemas = ["PhysicsCollisionAPI"]
            )
            {
                uniform token purpose = "guide"
                double size = 1
                float xformOp:rotateZ = 270
                float3 xformOp:scale = (0.006, 0.0135245565, 0.07)
                double3 xformOp:translate = (-5.4741711921886686e-18, -0.0298, 0.043)
                uniform token[] xformOpOrder = ["xformOp:translate", "xformOp:rotateZ", "xformOp:scale"]
            }

            def Cube "Wall_13" (
                prepend apiSchemas = ["PhysicsCollisionAPI"]
            )
            {
                uniform token purpose = "guide"
                double size = 1
                float xformOp:rotateZ = 292.5
                float3 xformOp:scale = (0.006, 0.0135245565, 0.07)
                double3 xformOp:translate = (0.011403966284479683, -0.02753161006883634, 0.043)
                uniform token[] xformOpOrder = ["xformOp:translate", "xformOp:rotateZ", "xformOp:scale"]
            }

            def Cube "Wall_14" (
                prepend apiSchemas = ["PhysicsCollisionAPI"]
            )
            {
                uniform token purpose = "guide"
                double size = 1
                float xformOp:rotateZ = 315
                float3 xformOp:scale = (0.006, 0.0135245565, 0.07)
                double3 xformOp:translate = (0.02107178207935911, -0.02107178207935912, 0.043)
                uniform token[] xformOpOrder = ["xformOp:translate", "xformOp:rotateZ", "xformOp:scale"]
            }

            def Cube "Wall_15" (
                prepend apiSchemas = ["PhysicsCollisionAPI"]
            )
            {
                uniform token purpose = "guide"
                double size = 1
                float xformOp:rotateZ = 337.5
                float3 xformOp:scale = (0.006, 0.0135245565, 0.07)
                double3 xformOp:translate = (0.027531610068836337, -0.011403966284479693, 0.043)
                uniform token[] xformOpOrder = ["xformOp:translate", "xformOp:rotateZ", "xformOp:scale"]
            }
        }
    }
}

def Xform "DemoProps"
{
    def Xform "Burette" (
        prepend references = @./chem_lab/lab.usd@</root/Lab/ST_Acc_Buret01_mo>
    )
    {
        float3 xformOp:rotateXYZ = (0, 0, 90)
        double3 xformOp:translate = (-5.19, 4.1, -1.901)
    }

    def Xform "FlaskTall" (
        prepend references = @./chem_lab/lab.usd@</root/Lab/ST_Acc_ErlenmeyerGlass02_mo>
    )
    {
        float3 xformOp:rotateXYZ = (0, 0, 20)
        double3 xformOp:translate = (-3.92, 4.15, -1.901)
    }

    def Xform "FlaskWide" (
        prepend references = @./chem_lab/lab.usd@</root/Lab/ST_Acc_ErlenmeyerGlass01_mo>
    )
    {
        float3 xformOp:rotateXYZ = (0, 0, -30)
        double3 xformOp:translate = (-3.75, 3.99, -1.901)
    }

    def Xform "Reagent1" (
        prepend references = @./chem_lab/lab.usd@</root/Lab/ST_Acc_ChemistryBottle01_mo>
    )
    {
        float3 xformOp:rotateXYZ = (0, 0, 120)
        double3 xformOp:translate = (-4.3, 4.45, -1.901)
    }

    def Xform "Reagent2" (
        prepend references = @./chem_lab/lab.usd@</root/Lab/ST_Acc_ChemistryBottle01_mo>
    )
    {
        float3 xformOp:rotateXYZ = (0, 0, 80)
        double3 xformOp:translate = (-4.13, 4.48, -1.901)
    }

    def Xform "Balance" (
        prepend references = @./chem_lab/lab.usd@</root/Lab/ST_Acc_ElecBalance01_mo>
    )
    {
        float3 xformOp:rotateXYZ = (0, 0, 5)
        double3 xformOp:translate = (-3.45, 4.35, -1.901)

        over "ST_Acc_ElecBalance01_md" (
            prepend apiSchemas = ["PhysicsCollisionAPI", "PhysicsMeshCollisionAPI"]
        )
        {
            uniform token physics:approximation = "convexHull"
        }
    }

    def Xform "Burner" (
        prepend references = @./chem_lab/lab.usd@</root/Lab/ST_Acc_BunsenBurner01_mo>
    )
    {
        float3 xformOp:rotateXYZ = (0, 0, 0)
        double3 xformOp:translate = (-3.65, 4.42, -1.901)
    }

    def Xform "Sponge" (
        prepend references = @./chem_lab/lab.usd@</root/Lab/ST_Acc_Sponge01_mo>
    )
    {
        float3 xformOp:rotateXYZ = (0, 0, -20)
        double3 xformOp:translate = (-5.2, 4.5, -1.901)
    }
}

def Xform "DemoFX"
{
    def PhysxParticleSystem "FluidSystem" (
        prepend apiSchemas = ["PhysxParticleAnisotropyAPI", "PhysxParticleSmoothingAPI", "PhysxParticleIsosurfaceAPI", "MaterialBindingAPI"]
    )
    {
        bool enableCCD = 1
        rel material:binding = </Looks/HazardFluid>
        rel material:binding:physics = </Looks/HazardFluid>
        float maxVelocity = 6
        float particleContactOffset = 0.003
        float physxParticleAnisotropy:max = 2
        float physxParticleAnisotropy:min = 1
        bool physxParticleAnisotropy:particleAnisotropyEnabled = 1
        float physxParticleAnisotropy:scale = 5
        string physxParticleIsosurface:gridFilteringPasses = "GSRS"
        float physxParticleIsosurface:gridSmoothingRadius = 0.005346
        float physxParticleIsosurface:gridSpacing = 0.0021384
        bool physxParticleIsosurface:isosurfaceEnabled = 1
        int physxParticleIsosurface:numMeshNormalSmoothingPasses = 6
        int physxParticleIsosurface:numMeshSmoothingPasses = 6
        float physxParticleIsosurface:surfaceDistance = 0.007128
        bool physxParticleSmoothing:particleSmoothingEnabled = 1
        float physxParticleSmoothing:strength = 0.8
        rel simulationOwner = </physicsScene>
        int solverPositionIterationCount = 8
    }

    def Points "HazardFluid" (
        prepend apiSchemas = ["PhysxParticleSetAPI", "PhysicsMassAPI", "MaterialBindingAPI"]
    )
    {
        rel material:binding = </Looks/HazardFluid>
        float physics:density = 1000
        float physics:mass = 0
        bool physxParticle:fluid = 1
        int physxParticle:particleGroup = 0
        rel physxParticle:particleSystem = </DemoFX/FluidSystem>
        bool physxParticle:selfCollision = 1
        point3f[] points = [(-5.111308, 3.926564, -1.891), (-5.107744, 3.926564, -1.891), (-5.10418, 3.926564, -1.891), (-5.100616, 3.926564, -1.891), (-5.097052, 3.926564, -1.891), (-5.093488, 3.926564, -1.891), (-5.089924, 3.926564, -1.891), (-5.114872, 3.930128, -1.891), (-5.111308, 3.930128, -1.891), (-5.107744, 3.930128, -1.891), (-5.10418, 3.930128, -1.891), (-5.100616, 3.930128, -1.891), (-5.097052, 3.930128, -1.891), (-5.093488, 3.930128, -1.891), (-5.089924, 3.930128, -1.891), (-5.08636, 3.930128, -1.891), (-5.118436, 3.933692, -1.891), (-5.114872, 3.933692, -1.891), (-5.111308, 3.933692, -1.891), (-5.107744, 3.933692, -1.891), (-5.10418, 3.933692, -1.891), (-5.100616, 3.933692, -1.891), (-5.097052, 3.933692, -1.891), (-5.093488, 3.933692, -1.891), (-5.089924, 3.933692, -1.891), (-5.08636, 3.933692, -1.891), (-5.082796, 3.933692, -1.891), (-5.118436, 3.937256, -1.891), (-5.114872, 3.937256, -1.891), (-5.111308, 3.937256, -1.891), (-5.107744, 3.937256, -1.891), (-5.10418, 3.937256, -1.891), (-5.100616, 3.937256, -1.891), (-5.097052, 3.937256, -1.891), (-5.093488, 3.937256, -1.891), (-5.089924, 3.937256, -1.891), (-5.08636, 3.937256, -1.891), (-5.082796, 3.937256, -1.891), (-5.118436, 3.94082, -1.891), (-5.114872, 3.94082, -1.891), (-5.111308, 3.94082, -1.891), (-5.107744, 3.94082, -1.891), (-5.10418, 3.94082, -1.891), (-5.100616, 3.94082, -1.891), (-5.097052, 3.94082, -1.891), (-5.093488, 3.94082, -1.891), (-5.089924, 3.94082, -1.891), (-5.08636, 3.94082, -1.891), (-5.082796, 3.94082, -1.891), (-5.079232, 3.94082, -1.891), (-5.118436, 3.944384, -1.891), (-5.114872, 3.944384, -1.891), (-5.111308, 3.944384, -1.891), (-5.107744, 3.944384, -1.891), (-5.10418, 3.944384, -1.891), (-5.100616, 3.944384, -1.891), (-5.097052, 3.944384, -1.891), (-5.093488, 3.944384, -1.891), (-5.089924, 3.944384, -1.891), (-5.08636, 3.944384, -1.891), (-5.082796, 3.944384, -1.891), (-5.079232, 3.944384, -1.891), (-5.118436, 3.947948, -1.891), (-5.114872, 3.947948, -1.891), (-5.111308, 3.947948, -1.891), (-5.107744, 3.947948, -1.891), (-5.10418, 3.947948, -1.891), (-5.100616, 3.947948, -1.891), (-5.097052, 3.947948, -1.891), (-5.093488, 3.947948, -1.891), (-5.089924, 3.947948, -1.891), (-5.08636, 3.947948, -1.891), (-5.082796, 3.947948, -1.891), (-5.079232, 3.947948, -1.891), (-5.118436, 3.951512, -1.891), (-5.114872, 3.951512, -1.891), (-5.111308, 3.951512, -1.891), (-5.107744, 3.951512, -1.891), (-5.10418, 3.951512, -1.891), (-5.100616, 3.951512, -1.891), (-5.097052, 3.951512, -1.891), (-5.093488, 3.951512, -1.891), (-5.089924, 3.951512, -1.891), (-5.08636, 3.951512, -1.891), (-5.082796, 3.951512, -1.891), (-5.079232, 3.951512, -1.891), (-5.118436, 3.955076, -1.891), (-5.114872, 3.955076, -1.891), (-5.111308, 3.955076, -1.891), (-5.107744, 3.955076, -1.891), (-5.10418, 3.955076, -1.891), (-5.100616, 3.955076, -1.891), (-5.097052, 3.955076, -1.891), (-5.093488, 3.955076, -1.891), (-5.089924, 3.955076, -1.891), (-5.08636, 3.955076, -1.891), (-5.082796, 3.955076, -1.891), (-5.114872, 3.95864, -1.891), (-5.111308, 3.95864, -1.891), (-5.107744, 3.95864, -1.891), (-5.10418, 3.95864, -1.891), (-5.100616, 3.95864, -1.891), (-5.097052, 3.95864, -1.891), (-5.093488, 3.95864, -1.891), (-5.089924, 3.95864, -1.891), (-5.08636, 3.95864, -1.891), (-5.082796, 3.95864, -1.891), (-5.111308, 3.962204, -1.891), (-5.107744, 3.962204, -1.891), (-5.10418, 3.962204, -1.891), (-5.100616, 3.962204, -1.891), (-5.097052, 3.962204, -1.891), (-5.093488, 3.962204, -1.891), (-5.089924, 3.962204, -1.891), (-5.08636, 3.962204, -1.891), (-5.10418, 3.965768, -1.891), (-5.100616, 3.965768, -1.891), (-5.097052, 3.965768, -1.891), (-5.093488, 3.965768, -1.891), (-5.111308, 3.926564, -1.887436), (-5.107744, 3.926564, -1.887436), (-5.10418, 3.926564, -1.887436), (-5.100616, 3.926564, -1.887436), (-5.097052, 3.926564, -1.887436), (-5.093488, 3.926564, -1.887436), (-5.089924, 3.926564, -1.887436), (-5.114872, 3.930128, -1.887436), (-5.111308, 3.930128, -1.887436), (-5.107744, 3.930128, -1.887436), (-5.10418, 3.930128, -1.887436), (-5.100616, 3.930128, -1.887436), (-5.097052, 3.930128, -1.887436), (-5.093488, 3.930128, -1.887436), (-5.089924, 3.930128, -1.887436), (-5.08636, 3.930128, -1.887436), (-5.118436, 3.933692, -1.887436), (-5.114872, 3.933692, -1.887436), (-5.111308, 3.933692, -1.887436), (-5.107744, 3.933692, -1.887436), (-5.10418, 3.933692, -1.887436), (-5.100616, 3.933692, -1.887436), (-5.097052, 3.933692, -1.887436), (-5.093488, 3.933692, -1.887436), (-5.089924, 3.933692, -1.887436), (-5.08636, 3.933692, -1.887436), (-5.082796, 3.933692, -1.887436), (-5.118436, 3.937256, -1.887436), (-5.114872, 3.937256, -1.887436), (-5.111308, 3.937256, -1.887436), (-5.107744, 3.937256, -1.887436), (-5.10418, 3.937256, -1.887436), (-5.100616, 3.937256, -1.887436), (-5.097052, 3.937256, -1.887436), (-5.093488, 3.937256, -1.887436), (-5.089924, 3.937256, -1.887436), (-5.08636, 3.937256, -1.887436), (-5.082796, 3.937256, -1.887436), (-5.118436, 3.94082, -1.887436), (-5.114872, 3.94082, -1.887436), (-5.111308, 3.94082, -1.887436), (-5.107744, 3.94082, -1.887436), (-5.10418, 3.94082, -1.887436), (-5.100616, 3.94082, -1.887436), (-5.097052, 3.94082, -1.887436), (-5.093488, 3.94082, -1.887436), (-5.089924, 3.94082, -1.887436), (-5.08636, 3.94082, -1.887436), (-5.082796, 3.94082, -1.887436), (-5.079232, 3.94082, -1.887436), (-5.118436, 3.944384, -1.887436), (-5.114872, 3.944384, -1.887436), (-5.111308, 3.944384, -1.887436), (-5.107744, 3.944384, -1.887436), (-5.10418, 3.944384, -1.887436), (-5.100616, 3.944384, -1.887436), (-5.097052, 3.944384, -1.887436), (-5.093488, 3.944384, -1.887436), (-5.089924, 3.944384, -1.887436), (-5.08636, 3.944384, -1.887436), (-5.082796, 3.944384, -1.887436), (-5.079232, 3.944384, -1.887436), (-5.118436, 3.947948, -1.887436), (-5.114872, 3.947948, -1.887436), (-5.111308, 3.947948, -1.887436), (-5.107744, 3.947948, -1.887436), (-5.10418, 3.947948, -1.887436), (-5.100616, 3.947948, -1.887436), (-5.097052, 3.947948, -1.887436), (-5.093488, 3.947948, -1.887436), (-5.089924, 3.947948, -1.887436), (-5.08636, 3.947948, -1.887436), (-5.082796, 3.947948, -1.887436), (-5.079232, 3.947948, -1.887436), (-5.118436, 3.951512, -1.887436), (-5.114872, 3.951512, -1.887436), (-5.111308, 3.951512, -1.887436), (-5.107744, 3.951512, -1.887436), (-5.10418, 3.951512, -1.887436), (-5.100616, 3.951512, -1.887436), (-5.097052, 3.951512, -1.887436), (-5.093488, 3.951512, -1.887436), (-5.089924, 3.951512, -1.887436), (-5.08636, 3.951512, -1.887436), (-5.082796, 3.951512, -1.887436), (-5.079232, 3.951512, -1.887436), (-5.118436, 3.955076, -1.887436), (-5.114872, 3.955076, -1.887436), (-5.111308, 3.955076, -1.887436), (-5.107744, 3.955076, -1.887436), (-5.10418, 3.955076, -1.887436), (-5.100616, 3.955076, -1.887436), (-5.097052, 3.955076, -1.887436), (-5.093488, 3.955076, -1.887436), (-5.089924, 3.955076, -1.887436), (-5.08636, 3.955076, -1.887436), (-5.082796, 3.955076, -1.887436), (-5.114872, 3.95864, -1.887436), (-5.111308, 3.95864, -1.887436), (-5.107744, 3.95864, -1.887436), (-5.10418, 3.95864, -1.887436), (-5.100616, 3.95864, -1.887436), (-5.097052, 3.95864, -1.887436), (-5.093488, 3.95864, -1.887436), (-5.089924, 3.95864, -1.887436), (-5.08636, 3.95864, -1.887436), (-5.082796, 3.95864, -1.887436), (-5.111308, 3.962204, -1.887436), (-5.107744, 3.962204, -1.887436), (-5.10418, 3.962204, -1.887436), (-5.100616, 3.962204, -1.887436), (-5.097052, 3.962204, -1.887436), (-5.093488, 3.962204, -1.887436), (-5.089924, 3.962204, -1.887436), (-5.08636, 3.962204, -1.887436), (-5.10418, 3.965768, -1.887436), (-5.100616, 3.965768, -1.887436), (-5.097052, 3.965768, -1.887436), (-5.093488, 3.965768, -1.887436), (-5.111308, 3.926564, -1.883872), (-5.107744, 3.926564, -1.883872), (-5.10418, 3.926564, -1.883872), (-5.100616, 3.926564, -1.883872), (-5.097052, 3.926564, -1.883872), (-5.093488, 3.926564, -1.883872), (-5.089924, 3.926564, -1.883872), (-5.114872, 3.930128, -1.883872), (-5.111308, 3.930128, -1.883872), (-5.107744, 3.930128, -1.883872), (-5.10418, 3.930128, -1.883872), (-5.100616, 3.930128, -1.883872), (-5.097052, 3.930128, -1.883872), (-5.093488, 3.930128, -1.883872), (-5.089924, 3.930128, -1.883872), (-5.08636, 3.930128, -1.883872), (-5.118436, 3.933692, -1.883872), (-5.114872, 3.933692, -1.883872), (-5.111308, 3.933692, -1.883872), (-5.107744, 3.933692, -1.883872), (-5.10418, 3.933692, -1.883872), (-5.100616, 3.933692, -1.883872), (-5.097052, 3.933692, -1.883872), (-5.093488, 3.933692, -1.883872), (-5.089924, 3.933692, -1.883872), (-5.08636, 3.933692, -1.883872), (-5.082796, 3.933692, -1.883872), (-5.118436, 3.937256, -1.883872), (-5.114872, 3.937256, -1.883872), (-5.111308, 3.937256, -1.883872), (-5.107744, 3.937256, -1.883872), (-5.10418, 3.937256, -1.883872), (-5.100616, 3.937256, -1.883872), (-5.097052, 3.937256, -1.883872), (-5.093488, 3.937256, -1.883872), (-5.089924, 3.937256, -1.883872), (-5.08636, 3.937256, -1.883872), (-5.082796, 3.937256, -1.883872), (-5.118436, 3.94082, -1.883872), (-5.114872, 3.94082, -1.883872), (-5.111308, 3.94082, -1.883872), (-5.107744, 3.94082, -1.883872), (-5.10418, 3.94082, -1.883872), (-5.100616, 3.94082, -1.883872), (-5.097052, 3.94082, -1.883872), (-5.093488, 3.94082, -1.883872), (-5.089924, 3.94082, -1.883872), (-5.08636, 3.94082, -1.883872), (-5.082796, 3.94082, -1.883872), (-5.079232, 3.94082, -1.883872), (-5.118436, 3.944384, -1.883872), (-5.114872, 3.944384, -1.883872), (-5.111308, 3.944384, -1.883872), (-5.107744, 3.944384, -1.883872), (-5.10418, 3.944384, -1.883872), (-5.100616, 3.944384, -1.883872), (-5.097052, 3.944384, -1.883872), (-5.093488, 3.944384, -1.883872), (-5.089924, 3.944384, -1.883872), (-5.08636, 3.944384, -1.883872), (-5.082796, 3.944384, -1.883872), (-5.079232, 3.944384, -1.883872), (-5.118436, 3.947948, -1.883872), (-5.114872, 3.947948, -1.883872), (-5.111308, 3.947948, -1.883872), (-5.107744, 3.947948, -1.883872), (-5.10418, 3.947948, -1.883872), (-5.100616, 3.947948, -1.883872), (-5.097052, 3.947948, -1.883872), (-5.093488, 3.947948, -1.883872), (-5.089924, 3.947948, -1.883872), (-5.08636, 3.947948, -1.883872), (-5.082796, 3.947948, -1.883872), (-5.079232, 3.947948, -1.883872), (-5.118436, 3.951512, -1.883872), (-5.114872, 3.951512, -1.883872), (-5.111308, 3.951512, -1.883872), (-5.107744, 3.951512, -1.883872), (-5.10418, 3.951512, -1.883872), (-5.100616, 3.951512, -1.883872), (-5.097052, 3.951512, -1.883872), (-5.093488, 3.951512, -1.883872), (-5.089924, 3.951512, -1.883872), (-5.08636, 3.951512, -1.883872), (-5.082796, 3.951512, -1.883872), (-5.079232, 3.951512, -1.883872), (-5.118436, 3.955076, -1.883872), (-5.114872, 3.955076, -1.883872), (-5.111308, 3.955076, -1.883872), (-5.107744, 3.955076, -1.883872), (-5.10418, 3.955076, -1.883872), (-5.100616, 3.955076, -1.883872), (-5.097052, 3.955076, -1.883872), (-5.093488, 3.955076, -1.883872), (-5.089924, 3.955076, -1.883872), (-5.08636, 3.955076, -1.883872), (-5.082796, 3.955076, -1.883872), (-5.114872, 3.95864, -1.883872), (-5.111308, 3.95864, -1.883872), (-5.107744, 3.95864, -1.883872), (-5.10418, 3.95864, -1.883872), (-5.100616, 3.95864, -1.883872), (-5.097052, 3.95864, -1.883872), (-5.093488, 3.95864, -1.883872), (-5.089924, 3.95864, -1.883872), (-5.08636, 3.95864, -1.883872), (-5.082796, 3.95864, -1.883872), (-5.111308, 3.962204, -1.883872), (-5.107744, 3.962204, -1.883872), (-5.10418, 3.962204, -1.883872), (-5.100616, 3.962204, -1.883872), (-5.097052, 3.962204, -1.883872), (-5.093488, 3.962204, -1.883872), (-5.089924, 3.962204, -1.883872), (-5.08636, 3.962204, -1.883872), (-5.10418, 3.965768, -1.883872), (-5.100616, 3.965768, -1.883872), (-5.097052, 3.965768, -1.883872), (-5.093488, 3.965768, -1.883872), (-5.111308, 3.926564, -1.880308), (-5.107744, 3.926564, -1.880308), (-5.10418, 3.926564, -1.880308), (-5.100616, 3.926564, -1.880308), (-5.097052, 3.926564, -1.880308), (-5.093488, 3.926564, -1.880308), (-5.089924, 3.926564, -1.880308), (-5.114872, 3.930128, -1.880308), (-5.111308, 3.930128, -1.880308), (-5.107744, 3.930128, -1.880308), (-5.10418, 3.930128, -1.880308), (-5.100616, 3.930128, -1.880308), (-5.097052, 3.930128, -1.880308), (-5.093488, 3.930128, -1.880308), (-5.089924, 3.930128, -1.880308), (-5.08636, 3.930128, -1.880308), (-5.118436, 3.933692, -1.880308), (-5.114872, 3.933692, -1.880308), (-5.111308, 3.933692, -1.880308), (-5.107744, 3.933692, -1.880308), (-5.10418, 3.933692, -1.880308), (-5.100616, 3.933692, -1.880308), (-5.097052, 3.933692, -1.880308), (-5.093488, 3.933692, -1.880308), (-5.089924, 3.933692, -1.880308), (-5.08636, 3.933692, -1.880308), (-5.082796, 3.933692, -1.880308), (-5.118436, 3.937256, -1.880308), (-5.114872, 3.937256, -1.880308), (-5.111308, 3.937256, -1.880308), (-5.107744, 3.937256, -1.880308), (-5.10418, 3.937256, -1.880308), (-5.100616, 3.937256, -1.880308), (-5.097052, 3.937256, -1.880308), (-5.093488, 3.937256, -1.880308), (-5.089924, 3.937256, -1.880308), (-5.08636, 3.937256, -1.880308), (-5.082796, 3.937256, -1.880308), (-5.118436, 3.94082, -1.880308), (-5.114872, 3.94082, -1.880308), (-5.111308, 3.94082, -1.880308), (-5.107744, 3.94082, -1.880308), (-5.10418, 3.94082, -1.880308), (-5.100616, 3.94082, -1.880308), (-5.097052, 3.94082, -1.880308), (-5.093488, 3.94082, -1.880308), (-5.089924, 3.94082, -1.880308), (-5.08636, 3.94082, -1.880308), (-5.082796, 3.94082, -1.880308), (-5.079232, 3.94082, -1.880308), (-5.118436, 3.944384, -1.880308), (-5.114872, 3.944384, -1.880308), (-5.111308, 3.944384, -1.880308), (-5.107744, 3.944384, -1.880308), (-5.10418, 3.944384, -1.880308), (-5.100616, 3.944384, -1.880308), (-5.097052, 3.944384, -1.880308), (-5.093488, 3.944384, -1.880308), (-5.089924, 3.944384, -1.880308), (-5.08636, 3.944384, -1.880308), (-5.082796, 3.944384, -1.880308), (-5.079232, 3.944384, -1.880308), (-5.118436, 3.947948, -1.880308), (-5.114872, 3.947948, -1.880308), (-5.111308, 3.947948, -1.880308), (-5.107744, 3.947948, -1.880308), (-5.10418, 3.947948, -1.880308), (-5.100616, 3.947948, -1.880308), (-5.097052, 3.947948, -1.880308), (-5.093488, 3.947948, -1.880308), (-5.089924, 3.947948, -1.880308), (-5.08636, 3.947948, -1.880308), (-5.082796, 3.947948, -1.880308), (-5.079232, 3.947948, -1.880308), (-5.118436, 3.951512, -1.880308), (-5.114872, 3.951512, -1.880308), (-5.111308, 3.951512, -1.880308), (-5.107744, 3.951512, -1.880308), (-5.10418, 3.951512, -1.880308), (-5.100616, 3.951512, -1.880308), (-5.097052, 3.951512, -1.880308), (-5.093488, 3.951512, -1.880308), (-5.089924, 3.951512, -1.880308), (-5.08636, 3.951512, -1.880308), (-5.082796, 3.951512, -1.880308), (-5.079232, 3.951512, -1.880308), (-5.118436, 3.955076, -1.880308), (-5.114872, 3.955076, -1.880308), (-5.111308, 3.955076, -1.880308), (-5.107744, 3.955076, -1.880308), (-5.10418, 3.955076, -1.880308), (-5.100616, 3.955076, -1.880308), (-5.097052, 3.955076, -1.880308), (-5.093488, 3.955076, -1.880308), (-5.089924, 3.955076, -1.880308), (-5.08636, 3.955076, -1.880308), (-5.082796, 3.955076, -1.880308), (-5.114872, 3.95864, -1.880308), (-5.111308, 3.95864, -1.880308), (-5.107744, 3.95864, -1.880308), (-5.10418, 3.95864, -1.880308), (-5.100616, 3.95864, -1.880308), (-5.097052, 3.95864, -1.880308), (-5.093488, 3.95864, -1.880308), (-5.089924, 3.95864, -1.880308), (-5.08636, 3.95864, -1.880308), (-5.082796, 3.95864, -1.880308), (-5.111308, 3.962204, -1.880308), (-5.107744, 3.962204, -1.880308), (-5.10418, 3.962204, -1.880308), (-5.100616, 3.962204, -1.880308), (-5.097052, 3.962204, -1.880308), (-5.093488, 3.962204, -1.880308), (-5.089924, 3.962204, -1.880308), (-5.08636, 3.962204, -1.880308), (-5.10418, 3.965768, -1.880308), (-5.100616, 3.965768, -1.880308), (-5.097052, 3.965768, -1.880308), (-5.093488, 3.965768, -1.880308), (-5.111308, 3.926564, -1.876744), (-5.107744, 3.926564, -1.876744), (-5.10418, 3.926564, -1.876744), (-5.100616, 3.926564, -1.876744), (-5.097052, 3.926564, -1.876744), (-5.093488, 3.926564, -1.876744), (-5.089924, 3.926564, -1.876744), (-5.114872, 3.930128, -1.876744), (-5.111308, 3.930128, -1.876744), (-5.107744, 3.930128, -1.876744), (-5.10418, 3.930128, -1.876744), (-5.100616, 3.930128, -1.876744), (-5.097052, 3.930128, -1.876744), (-5.093488, 3.930128, -1.876744), (-5.089924, 3.930128, -1.876744), (-5.08636, 3.930128, -1.876744), (-5.118436, 3.933692, -1.876744), (-5.114872, 3.933692, -1.876744), (-5.111308, 3.933692, -1.876744), (-5.107744, 3.933692, -1.876744), (-5.10418, 3.933692, -1.876744), (-5.100616, 3.933692, -1.876744), (-5.097052, 3.933692, -1.876744), (-5.093488, 3.933692, -1.876744), (-5.089924, 3.933692, -1.876744), (-5.08636, 3.933692, -1.876744), (-5.082796, 3.933692, -1.876744), (-5.118436, 3.937256, -1.876744), (-5.114872, 3.937256, -1.876744), (-5.111308, 3.937256, -1.876744), (-5.107744, 3.937256, -1.876744), (-5.10418, 3.937256, -1.876744), (-5.100616, 3.937256, -1.876744), (-5.097052, 3.937256, -1.876744), (-5.093488, 3.937256, -1.876744), (-5.089924, 3.937256, -1.876744), (-5.08636, 3.937256, -1.876744), (-5.082796, 3.937256, -1.876744), (-5.118436, 3.94082, -1.876744), (-5.114872, 3.94082, -1.876744), (-5.111308, 3.94082, -1.876744), (-5.107744, 3.94082, -1.876744), (-5.10418, 3.94082, -1.876744), (-5.100616, 3.94082, -1.876744), (-5.097052, 3.94082, -1.876744), (-5.093488, 3.94082, -1.876744), (-5.089924, 3.94082, -1.876744), (-5.08636, 3.94082, -1.876744), (-5.082796, 3.94082, -1.876744), (-5.079232, 3.94082, -1.876744), (-5.118436, 3.944384, -1.876744), (-5.114872, 3.944384, -1.876744), (-5.111308, 3.944384, -1.876744), (-5.107744, 3.944384, -1.876744), (-5.10418, 3.944384, -1.876744), (-5.100616, 3.944384, -1.876744), (-5.097052, 3.944384, -1.876744), (-5.093488, 3.944384, -1.876744), (-5.089924, 3.944384, -1.876744), (-5.08636, 3.944384, -1.876744), (-5.082796, 3.944384, -1.876744), (-5.079232, 3.944384, -1.876744), (-5.118436, 3.947948, -1.876744), (-5.114872, 3.947948, -1.876744), (-5.111308, 3.947948, -1.876744), (-5.107744, 3.947948, -1.876744), (-5.10418, 3.947948, -1.876744), (-5.100616, 3.947948, -1.876744), (-5.097052, 3.947948, -1.876744), (-5.093488, 3.947948, -1.876744), (-5.089924, 3.947948, -1.876744), (-5.08636, 3.947948, -1.876744), (-5.082796, 3.947948, -1.876744), (-5.079232, 3.947948, -1.876744), (-5.118436, 3.951512, -1.876744), (-5.114872, 3.951512, -1.876744), (-5.111308, 3.951512, -1.876744), (-5.107744, 3.951512, -1.876744), (-5.10418, 3.951512, -1.876744), (-5.100616, 3.951512, -1.876744), (-5.097052, 3.951512, -1.876744), (-5.093488, 3.951512, -1.876744), (-5.089924, 3.951512, -1.876744), (-5.08636, 3.951512, -1.876744), (-5.082796, 3.951512, -1.876744), (-5.079232, 3.951512, -1.876744), (-5.118436, 3.955076, -1.876744), (-5.114872, 3.955076, -1.876744), (-5.111308, 3.955076, -1.876744), (-5.107744, 3.955076, -1.876744), (-5.10418, 3.955076, -1.876744), (-5.100616, 3.955076, -1.876744), (-5.097052, 3.955076, -1.876744), (-5.093488, 3.955076, -1.876744), (-5.089924, 3.955076, -1.876744), (-5.08636, 3.955076, -1.876744), (-5.082796, 3.955076, -1.876744), (-5.114872, 3.95864, -1.876744), (-5.111308, 3.95864, -1.876744), (-5.107744, 3.95864, -1.876744), (-5.10418, 3.95864, -1.876744), (-5.100616, 3.95864, -1.876744), (-5.097052, 3.95864, -1.876744), (-5.093488, 3.95864, -1.876744), (-5.089924, 3.95864, -1.876744), (-5.08636, 3.95864, -1.876744), (-5.082796, 3.95864, -1.876744), (-5.111308, 3.962204, -1.876744), (-5.107744, 3.962204, -1.876744), (-5.10418, 3.962204, -1.876744), (-5.100616, 3.962204, -1.876744), (-5.097052, 3.962204, -1.876744), (-5.093488, 3.962204, -1.876744), (-5.089924, 3.962204, -1.876744), (-5.08636, 3.962204, -1.876744), (-5.10418, 3.965768, -1.876744), (-5.100616, 3.965768, -1.876744), (-5.097052, 3.965768, -1.876744), (-5.093488, 3.965768, -1.876744), (-5.111308, 3.926564, -1.87318), (-5.107744, 3.926564, -1.87318), (-5.10418, 3.926564, -1.87318), (-5.100616, 3.926564, -1.87318), (-5.097052, 3.926564, -1.87318), (-5.093488, 3.926564, -1.87318), (-5.089924, 3.926564, -1.87318), (-5.114872, 3.930128, -1.87318), (-5.111308, 3.930128, -1.87318), (-5.107744, 3.930128, -1.87318), (-5.10418, 3.930128, -1.87318), (-5.100616, 3.930128, -1.87318), (-5.097052, 3.930128, -1.87318), (-5.093488, 3.930128, -1.87318), (-5.089924, 3.930128, -1.87318), (-5.08636, 3.930128, -1.87318), (-5.118436, 3.933692, -1.87318), (-5.114872, 3.933692, -1.87318), (-5.111308, 3.933692, -1.87318), (-5.107744, 3.933692, -1.87318), (-5.10418, 3.933692, -1.87318), (-5.100616, 3.933692, -1.87318), (-5.097052, 3.933692, -1.87318), (-5.093488, 3.933692, -1.87318), (-5.089924, 3.933692, -1.87318), (-5.08636, 3.933692, -1.87318), (-5.082796, 3.933692, -1.87318), (-5.118436, 3.937256, -1.87318), (-5.114872, 3.937256, -1.87318), (-5.111308, 3.937256, -1.87318), (-5.107744, 3.937256, -1.87318), (-5.10418, 3.937256, -1.87318), (-5.100616, 3.937256, -1.87318), (-5.097052, 3.937256, -1.87318), (-5.093488, 3.937256, -1.87318), (-5.089924, 3.937256, -1.87318), (-5.08636, 3.937256, -1.87318), (-5.082796, 3.937256, -1.87318), (-5.118436, 3.94082, -1.87318), (-5.114872, 3.94082, -1.87318), (-5.111308, 3.94082, -1.87318), (-5.107744, 3.94082, -1.87318), (-5.10418, 3.94082, -1.87318), (-5.100616, 3.94082, -1.87318), (-5.097052, 3.94082, -1.87318), (-5.093488, 3.94082, -1.87318), (-5.089924, 3.94082, -1.87318), (-5.08636, 3.94082, -1.87318), (-5.082796, 3.94082, -1.87318), (-5.079232, 3.94082, -1.87318), (-5.118436, 3.944384, -1.87318), (-5.114872, 3.944384, -1.87318), (-5.111308, 3.944384, -1.87318), (-5.107744, 3.944384, -1.87318), (-5.10418, 3.944384, -1.87318), (-5.100616, 3.944384, -1.87318), (-5.097052, 3.944384, -1.87318), (-5.093488, 3.944384, -1.87318), (-5.089924, 3.944384, -1.87318), (-5.08636, 3.944384, -1.87318), (-5.082796, 3.944384, -1.87318), (-5.079232, 3.944384, -1.87318), (-5.118436, 3.947948, -1.87318), (-5.114872, 3.947948, -1.87318), (-5.111308, 3.947948, -1.87318), (-5.107744, 3.947948, -1.87318), (-5.10418, 3.947948, -1.87318), (-5.100616, 3.947948, -1.87318), (-5.097052, 3.947948, -1.87318), (-5.093488, 3.947948, -1.87318), (-5.089924, 3.947948, -1.87318), (-5.08636, 3.947948, -1.87318), (-5.082796, 3.947948, -1.87318), (-5.079232, 3.947948, -1.87318), (-5.118436, 3.951512, -1.87318), (-5.114872, 3.951512, -1.87318), (-5.111308, 3.951512, -1.87318), (-5.107744, 3.951512, -1.87318), (-5.10418, 3.951512, -1.87318), (-5.100616, 3.951512, -1.87318), (-5.097052, 3.951512, -1.87318), (-5.093488, 3.951512, -1.87318), (-5.089924, 3.951512, -1.87318), (-5.08636, 3.951512, -1.87318), (-5.082796, 3.951512, -1.87318), (-5.079232, 3.951512, -1.87318), (-5.118436, 3.955076, -1.87318), (-5.114872, 3.955076, -1.87318), (-5.111308, 3.955076, -1.87318), (-5.107744, 3.955076, -1.87318), (-5.10418, 3.955076, -1.87318), (-5.100616, 3.955076, -1.87318), (-5.097052, 3.955076, -1.87318), (-5.093488, 3.955076, -1.87318), (-5.089924, 3.955076, -1.87318), (-5.08636, 3.955076, -1.87318), (-5.082796, 3.955076, -1.87318), (-5.114872, 3.95864, -1.87318), (-5.111308, 3.95864, -1.87318), (-5.107744, 3.95864, -1.87318), (-5.10418, 3.95864, -1.87318), (-5.100616, 3.95864, -1.87318), (-5.097052, 3.95864, -1.87318), (-5.093488, 3.95864, -1.87318), (-5.089924, 3.95864, -1.87318), (-5.08636, 3.95864, -1.87318), (-5.082796, 3.95864, -1.87318), (-5.111308, 3.962204, -1.87318), (-5.107744, 3.962204, -1.87318), (-5.10418, 3.962204, -1.87318), (-5.100616, 3.962204, -1.87318), (-5.097052, 3.962204, -1.87318), (-5.093488, 3.962204, -1.87318), (-5.089924, 3.962204, -1.87318), (-5.08636, 3.962204, -1.87318), (-5.10418, 3.965768, -1.87318), (-5.100616, 3.965768, -1.87318), (-5.097052, 3.965768, -1.87318), (-5.093488, 3.965768, -1.87318), (-5.111308, 3.926564, -1.869616), (-5.107744, 3.926564, -1.869616), (-5.10418, 3.926564, -1.869616), (-5.100616, 3.926564, -1.869616), (-5.097052, 3.926564, -1.869616), (-5.093488, 3.926564, -1.869616), (-5.089924, 3.926564, -1.869616), (-5.114872, 3.930128, -1.869616), (-5.111308, 3.930128, -1.869616), (-5.107744, 3.930128, -1.869616), (-5.10418, 3.930128, -1.869616), (-5.100616, 3.930128, -1.869616), (-5.097052, 3.930128, -1.869616), (-5.093488, 3.930128, -1.869616), (-5.089924, 3.930128, -1.869616), (-5.08636, 3.930128, -1.869616), (-5.118436, 3.933692, -1.869616), (-5.114872, 3.933692, -1.869616), (-5.111308, 3.933692, -1.869616), (-5.107744, 3.933692, -1.869616), (-5.10418, 3.933692, -1.869616), (-5.100616, 3.933692, -1.869616), (-5.097052, 3.933692, -1.869616), (-5.093488, 3.933692, -1.869616), (-5.089924, 3.933692, -1.869616), (-5.08636, 3.933692, -1.869616), (-5.082796, 3.933692, -1.869616), (-5.118436, 3.937256, -1.869616), (-5.114872, 3.937256, -1.869616), (-5.111308, 3.937256, -1.869616), (-5.107744, 3.937256, -1.869616), (-5.10418, 3.937256, -1.869616), (-5.100616, 3.937256, -1.869616), (-5.097052, 3.937256, -1.869616), (-5.093488, 3.937256, -1.869616), (-5.089924, 3.937256, -1.869616), (-5.08636, 3.937256, -1.869616), (-5.082796, 3.937256, -1.869616), (-5.118436, 3.94082, -1.869616), (-5.114872, 3.94082, -1.869616), (-5.111308, 3.94082, -1.869616), (-5.107744, 3.94082, -1.869616), (-5.10418, 3.94082, -1.869616), (-5.100616, 3.94082, -1.869616), (-5.097052, 3.94082, -1.869616), (-5.093488, 3.94082, -1.869616), (-5.089924, 3.94082, -1.869616), (-5.08636, 3.94082, -1.869616), (-5.082796, 3.94082, -1.869616), (-5.079232, 3.94082, -1.869616), (-5.118436, 3.944384, -1.869616), (-5.114872, 3.944384, -1.869616), (-5.111308, 3.944384, -1.869616), (-5.107744, 3.944384, -1.869616), (-5.10418, 3.944384, -1.869616), (-5.100616, 3.944384, -1.869616), (-5.097052, 3.944384, -1.869616), (-5.093488, 3.944384, -1.869616), (-5.089924, 3.944384, -1.869616), (-5.08636, 3.944384, -1.869616), (-5.082796, 3.944384, -1.869616), (-5.079232, 3.944384, -1.869616), (-5.118436, 3.947948, -1.869616), (-5.114872, 3.947948, -1.869616), (-5.111308, 3.947948, -1.869616), (-5.107744, 3.947948, -1.869616), (-5.10418, 3.947948, -1.869616), (-5.100616, 3.947948, -1.869616), (-5.097052, 3.947948, -1.869616), (-5.093488, 3.947948, -1.869616), (-5.089924, 3.947948, -1.869616), (-5.08636, 3.947948, -1.869616), (-5.082796, 3.947948, -1.869616), (-5.079232, 3.947948, -1.869616), (-5.118436, 3.951512, -1.869616), (-5.114872, 3.951512, -1.869616), (-5.111308, 3.951512, -1.869616), (-5.107744, 3.951512, -1.869616), (-5.10418, 3.951512, -1.869616), (-5.100616, 3.951512, -1.869616), (-5.097052, 3.951512, -1.869616), (-5.093488, 3.951512, -1.869616), (-5.089924, 3.951512, -1.869616), (-5.08636, 3.951512, -1.869616), (-5.082796, 3.951512, -1.869616), (-5.079232, 3.951512, -1.869616), (-5.118436, 3.955076, -1.869616), (-5.114872, 3.955076, -1.869616), (-5.111308, 3.955076, -1.869616), (-5.107744, 3.955076, -1.869616), (-5.10418, 3.955076, -1.869616), (-5.100616, 3.955076, -1.869616), (-5.097052, 3.955076, -1.869616), (-5.093488, 3.955076, -1.869616), (-5.089924, 3.955076, -1.869616), (-5.08636, 3.955076, -1.869616), (-5.082796, 3.955076, -1.869616), (-5.114872, 3.95864, -1.869616), (-5.111308, 3.95864, -1.869616), (-5.107744, 3.95864, -1.869616), (-5.10418, 3.95864, -1.869616), (-5.100616, 3.95864, -1.869616), (-5.097052, 3.95864, -1.869616), (-5.093488, 3.95864, -1.869616), (-5.089924, 3.95864, -1.869616), (-5.08636, 3.95864, -1.869616), (-5.082796, 3.95864, -1.869616), (-5.111308, 3.962204, -1.869616), (-5.107744, 3.962204, -1.869616), (-5.10418, 3.962204, -1.869616), (-5.100616, 3.962204, -1.869616), (-5.097052, 3.962204, -1.869616), (-5.093488, 3.962204, -1.869616), (-5.089924, 3.962204, -1.869616), (-5.08636, 3.962204, -1.869616), (-5.10418, 3.965768, -1.869616), (-5.100616, 3.965768, -1.869616), (-5.097052, 3.965768, -1.869616), (-5.093488, 3.965768, -1.869616), (-5.111308, 3.926564, -1.866052), (-5.107744, 3.926564, -1.866052), (-5.10418, 3.926564, -1.866052), (-5.100616, 3.926564, -1.866052), (-5.097052, 3.926564, -1.866052), (-5.093488, 3.926564, -1.866052), (-5.089924, 3.926564, -1.866052), (-5.114872, 3.930128, -1.866052), (-5.111308, 3.930128, -1.866052), (-5.107744, 3.930128, -1.866052), (-5.10418, 3.930128, -1.866052), (-5.100616, 3.930128, -1.866052), (-5.097052, 3.930128, -1.866052), (-5.093488, 3.930128, -1.866052), (-5.089924, 3.930128, -1.866052), (-5.08636, 3.930128, -1.866052), (-5.118436, 3.933692, -1.866052), (-5.114872, 3.933692, -1.866052), (-5.111308, 3.933692, -1.866052), (-5.107744, 3.933692, -1.866052), (-5.10418, 3.933692, -1.866052), (-5.100616, 3.933692, -1.866052), (-5.097052, 3.933692, -1.866052), (-5.093488, 3.933692, -1.866052), (-5.089924, 3.933692, -1.866052), (-5.08636, 3.933692, -1.866052), (-5.082796, 3.933692, -1.866052), (-5.118436, 3.937256, -1.866052), (-5.114872, 3.937256, -1.866052), (-5.111308, 3.937256, -1.866052), (-5.107744, 3.937256, -1.866052), (-5.10418, 3.937256, -1.866052), (-5.100616, 3.937256, -1.866052), (-5.097052, 3.937256, -1.866052), (-5.093488, 3.937256, -1.866052), (-5.089924, 3.937256, -1.866052), (-5.08636, 3.937256, -1.866052), (-5.082796, 3.937256, -1.866052), (-5.118436, 3.94082, -1.866052), (-5.114872, 3.94082, -1.866052), (-5.111308, 3.94082, -1.866052), (-5.107744, 3.94082, -1.866052), (-5.10418, 3.94082, -1.866052), (-5.100616, 3.94082, -1.866052), (-5.097052, 3.94082, -1.866052), (-5.093488, 3.94082, -1.866052), (-5.089924, 3.94082, -1.866052), (-5.08636, 3.94082, -1.866052), (-5.082796, 3.94082, -1.866052), (-5.079232, 3.94082, -1.866052), (-5.118436, 3.944384, -1.866052), (-5.114872, 3.944384, -1.866052), (-5.111308, 3.944384, -1.866052), (-5.107744, 3.944384, -1.866052), (-5.10418, 3.944384, -1.866052), (-5.100616, 3.944384, -1.866052), (-5.097052, 3.944384, -1.866052), (-5.093488, 3.944384, -1.866052), (-5.089924, 3.944384, -1.866052), (-5.08636, 3.944384, -1.866052), (-5.082796, 3.944384, -1.866052), (-5.079232, 3.944384, -1.866052), (-5.118436, 3.947948, -1.866052), (-5.114872, 3.947948, -1.866052), (-5.111308, 3.947948, -1.866052), (-5.107744, 3.947948, -1.866052), (-5.10418, 3.947948, -1.866052), (-5.100616, 3.947948, -1.866052), (-5.097052, 3.947948, -1.866052), (-5.093488, 3.947948, -1.866052), (-5.089924, 3.947948, -1.866052), (-5.08636, 3.947948, -1.866052), (-5.082796, 3.947948, -1.866052), (-5.079232, 3.947948, -1.866052), (-5.118436, 3.951512, -1.866052), (-5.114872, 3.951512, -1.866052), (-5.111308, 3.951512, -1.866052), (-5.107744, 3.951512, -1.866052), (-5.10418, 3.951512, -1.866052), (-5.100616, 3.951512, -1.866052), (-5.097052, 3.951512, -1.866052), (-5.093488, 3.951512, -1.866052), (-5.089924, 3.951512, -1.866052), (-5.08636, 3.951512, -1.866052), (-5.082796, 3.951512, -1.866052), (-5.079232, 3.951512, -1.866052), (-5.118436, 3.955076, -1.866052), (-5.114872, 3.955076, -1.866052), (-5.111308, 3.955076, -1.866052), (-5.107744, 3.955076, -1.866052), (-5.10418, 3.955076, -1.866052), (-5.100616, 3.955076, -1.866052), (-5.097052, 3.955076, -1.866052), (-5.093488, 3.955076, -1.866052), (-5.089924, 3.955076, -1.866052), (-5.08636, 3.955076, -1.866052), (-5.082796, 3.955076, -1.866052), (-5.114872, 3.95864, -1.866052), (-5.111308, 3.95864, -1.866052), (-5.107744, 3.95864, -1.866052), (-5.10418, 3.95864, -1.866052), (-5.100616, 3.95864, -1.866052), (-5.097052, 3.95864, -1.866052), (-5.093488, 3.95864, -1.866052), (-5.089924, 3.95864, -1.866052), (-5.08636, 3.95864, -1.866052), (-5.082796, 3.95864, -1.866052), (-5.111308, 3.962204, -1.866052), (-5.107744, 3.962204, -1.866052), (-5.10418, 3.962204, -1.866052), (-5.100616, 3.962204, -1.866052), (-5.097052, 3.962204, -1.866052), (-5.093488, 3.962204, -1.866052), (-5.089924, 3.962204, -1.866052), (-5.08636, 3.962204, -1.866052), (-5.10418, 3.965768, -1.866052), (-5.100616, 3.965768, -1.866052), (-5.097052, 3.965768, -1.866052), (-5.093488, 3.965768, -1.866052), (-5.111308, 3.926564, -1.862488), (-5.107744, 3.926564, -1.862488), (-5.10418, 3.926564, -1.862488), (-5.100616, 3.926564, -1.862488), (-5.097052, 3.926564, -1.862488), (-5.093488, 3.926564, -1.862488), (-5.089924, 3.926564, -1.862488), (-5.114872, 3.930128, -1.862488), (-5.111308, 3.930128, -1.862488), (-5.107744, 3.930128, -1.862488), (-5.10418, 3.930128, -1.862488), (-5.100616, 3.930128, -1.862488), (-5.097052, 3.930128, -1.862488), (-5.093488, 3.930128, -1.862488), (-5.089924, 3.930128, -1.862488), (-5.08636, 3.930128, -1.862488), (-5.118436, 3.933692, -1.862488), (-5.114872, 3.933692, -1.862488), (-5.111308, 3.933692, -1.862488), (-5.107744, 3.933692, -1.862488), (-5.10418, 3.933692, -1.862488), (-5.100616, 3.933692, -1.862488), (-5.097052, 3.933692, -1.862488), (-5.093488, 3.933692, -1.862488), (-5.089924, 3.933692, -1.862488), (-5.08636, 3.933692, -1.862488), (-5.082796, 3.933692, -1.862488), (-5.118436, 3.937256, -1.862488), (-5.114872, 3.937256, -1.862488), (-5.111308, 3.937256, -1.862488), (-5.107744, 3.937256, -1.862488), (-5.10418, 3.937256, -1.862488), (-5.100616, 3.937256, -1.862488), (-5.097052, 3.937256, -1.862488), (-5.093488, 3.937256, -1.862488), (-5.089924, 3.937256, -1.862488), (-5.08636, 3.937256, -1.862488), (-5.082796, 3.937256, -1.862488), (-5.118436, 3.94082, -1.862488), (-5.114872, 3.94082, -1.862488), (-5.111308, 3.94082, -1.862488), (-5.107744, 3.94082, -1.862488), (-5.10418, 3.94082, -1.862488), (-5.100616, 3.94082, -1.862488), (-5.097052, 3.94082, -1.862488), (-5.093488, 3.94082, -1.862488), (-5.089924, 3.94082, -1.862488), (-5.08636, 3.94082, -1.862488), (-5.082796, 3.94082, -1.862488), (-5.079232, 3.94082, -1.862488), (-5.118436, 3.944384, -1.862488), (-5.114872, 3.944384, -1.862488), (-5.111308, 3.944384, -1.862488), (-5.107744, 3.944384, -1.862488), (-5.10418, 3.944384, -1.862488), (-5.100616, 3.944384, -1.862488), (-5.097052, 3.944384, -1.862488), (-5.093488, 3.944384, -1.862488), (-5.089924, 3.944384, -1.862488), (-5.08636, 3.944384, -1.862488), (-5.082796, 3.944384, -1.862488), (-5.079232, 3.944384, -1.862488), (-5.118436, 3.947948, -1.862488), (-5.114872, 3.947948, -1.862488), (-5.111308, 3.947948, -1.862488), (-5.107744, 3.947948, -1.862488), (-5.10418, 3.947948, -1.862488), (-5.100616, 3.947948, -1.862488), (-5.097052, 3.947948, -1.862488), (-5.093488, 3.947948, -1.862488), (-5.089924, 3.947948, -1.862488), (-5.08636, 3.947948, -1.862488), (-5.082796, 3.947948, -1.862488), (-5.079232, 3.947948, -1.862488), (-5.118436, 3.951512, -1.862488), (-5.114872, 3.951512, -1.862488), (-5.111308, 3.951512, -1.862488), (-5.107744, 3.951512, -1.862488), (-5.10418, 3.951512, -1.862488), (-5.100616, 3.951512, -1.862488), (-5.097052, 3.951512, -1.862488), (-5.093488, 3.951512, -1.862488), (-5.089924, 3.951512, -1.862488), (-5.08636, 3.951512, -1.862488), (-5.082796, 3.951512, -1.862488), (-5.079232, 3.951512, -1.862488), (-5.118436, 3.955076, -1.862488), (-5.114872, 3.955076, -1.862488), (-5.111308, 3.955076, -1.862488), (-5.107744, 3.955076, -1.862488), (-5.10418, 3.955076, -1.862488), (-5.100616, 3.955076, -1.862488), (-5.097052, 3.955076, -1.862488), (-5.093488, 3.955076, -1.862488), (-5.089924, 3.955076, -1.862488), (-5.08636, 3.955076, -1.862488), (-5.082796, 3.955076, -1.862488), (-5.114872, 3.95864, -1.862488), (-5.111308, 3.95864, -1.862488), (-5.107744, 3.95864, -1.862488), (-5.10418, 3.95864, -1.862488), (-5.100616, 3.95864, -1.862488), (-5.097052, 3.95864, -1.862488), (-5.093488, 3.95864, -1.862488), (-5.089924, 3.95864, -1.862488), (-5.08636, 3.95864, -1.862488), (-5.082796, 3.95864, -1.862488), (-5.111308, 3.962204, -1.862488), (-5.107744, 3.962204, -1.862488), (-5.10418, 3.962204, -1.862488), (-5.100616, 3.962204, -1.862488), (-5.097052, 3.962204, -1.862488), (-5.093488, 3.962204, -1.862488), (-5.089924, 3.962204, -1.862488), (-5.08636, 3.962204, -1.862488), (-5.10418, 3.965768, -1.862488), (-5.100616, 3.965768, -1.862488), (-5.097052, 3.965768, -1.862488), (-5.093488, 3.965768, -1.862488), (-5.111308, 3.926564, -1.858924), (-5.107744, 3.926564, -1.858924), (-5.10418, 3.926564, -1.858924), (-5.100616, 3.926564, -1.858924), (-5.097052, 3.926564, -1.858924), (-5.093488, 3.926564, -1.858924), (-5.089924, 3.926564, -1.858924), (-5.114872, 3.930128, -1.858924), (-5.111308, 3.930128, -1.858924), (-5.107744, 3.930128, -1.858924), (-5.10418, 3.930128, -1.858924), (-5.100616, 3.930128, -1.858924), (-5.097052, 3.930128, -1.858924), (-5.093488, 3.930128, -1.858924), (-5.089924, 3.930128, -1.858924), (-5.08636, 3.930128, -1.858924), (-5.118436, 3.933692, -1.858924), (-5.114872, 3.933692, -1.858924), (-5.111308, 3.933692, -1.858924), (-5.107744, 3.933692, -1.858924), (-5.10418, 3.933692, -1.858924), (-5.100616, 3.933692, -1.858924), (-5.097052, 3.933692, -1.858924), (-5.093488, 3.933692, -1.858924), (-5.089924, 3.933692, -1.858924), (-5.08636, 3.933692, -1.858924), (-5.082796, 3.933692, -1.858924), (-5.118436, 3.937256, -1.858924), (-5.114872, 3.937256, -1.858924), (-5.111308, 3.937256, -1.858924), (-5.107744, 3.937256, -1.858924), (-5.10418, 3.937256, -1.858924), (-5.100616, 3.937256, -1.858924), (-5.097052, 3.937256, -1.858924), (-5.093488, 3.937256, -1.858924), (-5.089924, 3.937256, -1.858924), (-5.08636, 3.937256, -1.858924), (-5.082796, 3.937256, -1.858924), (-5.118436, 3.94082, -1.858924), (-5.114872, 3.94082, -1.858924), (-5.111308, 3.94082, -1.858924), (-5.107744, 3.94082, -1.858924), (-5.10418, 3.94082, -1.858924), (-5.100616, 3.94082, -1.858924), (-5.097052, 3.94082, -1.858924), (-5.093488, 3.94082, -1.858924), (-5.089924, 3.94082, -1.858924), (-5.08636, 3.94082, -1.858924), (-5.082796, 3.94082, -1.858924), (-5.079232, 3.94082, -1.858924), (-5.118436, 3.944384, -1.858924), (-5.114872, 3.944384, -1.858924), (-5.111308, 3.944384, -1.858924), (-5.107744, 3.944384, -1.858924), (-5.10418, 3.944384, -1.858924), (-5.100616, 3.944384, -1.858924), (-5.097052, 3.944384, -1.858924), (-5.093488, 3.944384, -1.858924), (-5.089924, 3.944384, -1.858924), (-5.08636, 3.944384, -1.858924), (-5.082796, 3.944384, -1.858924), (-5.079232, 3.944384, -1.858924), (-5.118436, 3.947948, -1.858924), (-5.114872, 3.947948, -1.858924), (-5.111308, 3.947948, -1.858924), (-5.107744, 3.947948, -1.858924), (-5.10418, 3.947948, -1.858924), (-5.100616, 3.947948, -1.858924), (-5.097052, 3.947948, -1.858924), (-5.093488, 3.947948, -1.858924), (-5.089924, 3.947948, -1.858924), (-5.08636, 3.947948, -1.858924), (-5.082796, 3.947948, -1.858924), (-5.079232, 3.947948, -1.858924), (-5.118436, 3.951512, -1.858924), (-5.114872, 3.951512, -1.858924), (-5.111308, 3.951512, -1.858924), (-5.107744, 3.951512, -1.858924), (-5.10418, 3.951512, -1.858924), (-5.100616, 3.951512, -1.858924), (-5.097052, 3.951512, -1.858924), (-5.093488, 3.951512, -1.858924), (-5.089924, 3.951512, -1.858924), (-5.08636, 3.951512, -1.858924), (-5.082796, 3.951512, -1.858924), (-5.079232, 3.951512, -1.858924), (-5.118436, 3.955076, -1.858924), (-5.114872, 3.955076, -1.858924), (-5.111308, 3.955076, -1.858924), (-5.107744, 3.955076, -1.858924), (-5.10418, 3.955076, -1.858924), (-5.100616, 3.955076, -1.858924), (-5.097052, 3.955076, -1.858924), (-5.093488, 3.955076, -1.858924), (-5.089924, 3.955076, -1.858924), (-5.08636, 3.955076, -1.858924), (-5.082796, 3.955076, -1.858924), (-5.114872, 3.95864, -1.858924), (-5.111308, 3.95864, -1.858924), (-5.107744, 3.95864, -1.858924), (-5.10418, 3.95864, -1.858924), (-5.100616, 3.95864, -1.858924), (-5.097052, 3.95864, -1.858924), (-5.093488, 3.95864, -1.858924), (-5.089924, 3.95864, -1.858924), (-5.08636, 3.95864, -1.858924), (-5.082796, 3.95864, -1.858924), (-5.111308, 3.962204, -1.858924), (-5.107744, 3.962204, -1.858924), (-5.10418, 3.962204, -1.858924), (-5.100616, 3.962204, -1.858924), (-5.097052, 3.962204, -1.858924), (-5.093488, 3.962204, -1.858924), (-5.089924, 3.962204, -1.858924), (-5.08636, 3.962204, -1.858924), (-5.10418, 3.965768, -1.858924), (-5.100616, 3.965768, -1.858924), (-5.097052, 3.965768, -1.858924), (-5.093488, 3.965768, -1.858924), (-5.111308, 3.926564, -1.85536), (-5.107744, 3.926564, -1.85536), (-5.10418, 3.926564, -1.85536), (-5.100616, 3.926564, -1.85536), (-5.097052, 3.926564, -1.85536), (-5.093488, 3.926564, -1.85536), (-5.089924, 3.926564, -1.85536), (-5.114872, 3.930128, -1.85536), (-5.111308, 3.930128, -1.85536), (-5.107744, 3.930128, -1.85536), (-5.10418, 3.930128, -1.85536), (-5.100616, 3.930128, -1.85536), (-5.097052, 3.930128, -1.85536), (-5.093488, 3.930128, -1.85536), (-5.089924, 3.930128, -1.85536), (-5.08636, 3.930128, -1.85536), (-5.118436, 3.933692, -1.85536), (-5.114872, 3.933692, -1.85536), (-5.111308, 3.933692, -1.85536), (-5.107744, 3.933692, -1.85536), (-5.10418, 3.933692, -1.85536), (-5.100616, 3.933692, -1.85536), (-5.097052, 3.933692, -1.85536), (-5.093488, 3.933692, -1.85536), (-5.089924, 3.933692, -1.85536), (-5.08636, 3.933692, -1.85536), (-5.082796, 3.933692, -1.85536), (-5.118436, 3.937256, -1.85536), (-5.114872, 3.937256, -1.85536), (-5.111308, 3.937256, -1.85536), (-5.107744, 3.937256, -1.85536), (-5.10418, 3.937256, -1.85536), (-5.100616, 3.937256, -1.85536), (-5.097052, 3.937256, -1.85536), (-5.093488, 3.937256, -1.85536), (-5.089924, 3.937256, -1.85536), (-5.08636, 3.937256, -1.85536), (-5.082796, 3.937256, -1.85536), (-5.118436, 3.94082, -1.85536), (-5.114872, 3.94082, -1.85536), (-5.111308, 3.94082, -1.85536), (-5.107744, 3.94082, -1.85536), (-5.10418, 3.94082, -1.85536), (-5.100616, 3.94082, -1.85536), (-5.097052, 3.94082, -1.85536), (-5.093488, 3.94082, -1.85536), (-5.089924, 3.94082, -1.85536), (-5.08636, 3.94082, -1.85536), (-5.082796, 3.94082, -1.85536), (-5.079232, 3.94082, -1.85536), (-5.118436, 3.944384, -1.85536), (-5.114872, 3.944384, -1.85536), (-5.111308, 3.944384, -1.85536), (-5.107744, 3.944384, -1.85536), (-5.10418, 3.944384, -1.85536), (-5.100616, 3.944384, -1.85536), (-5.097052, 3.944384, -1.85536), (-5.093488, 3.944384, -1.85536), (-5.089924, 3.944384, -1.85536), (-5.08636, 3.944384, -1.85536), (-5.082796, 3.944384, -1.85536), (-5.079232, 3.944384, -1.85536), (-5.118436, 3.947948, -1.85536), (-5.114872, 3.947948, -1.85536), (-5.111308, 3.947948, -1.85536), (-5.107744, 3.947948, -1.85536), (-5.10418, 3.947948, -1.85536), (-5.100616, 3.947948, -1.85536), (-5.097052, 3.947948, -1.85536), (-5.093488, 3.947948, -1.85536), (-5.089924, 3.947948, -1.85536), (-5.08636, 3.947948, -1.85536), (-5.082796, 3.947948, -1.85536), (-5.079232, 3.947948, -1.85536), (-5.118436, 3.951512, -1.85536), (-5.114872, 3.951512, -1.85536), (-5.111308, 3.951512, -1.85536), (-5.107744, 3.951512, -1.85536), (-5.10418, 3.951512, -1.85536), (-5.100616, 3.951512, -1.85536), (-5.097052, 3.951512, -1.85536), (-5.093488, 3.951512, -1.85536), (-5.089924, 3.951512, -1.85536), (-5.08636, 3.951512, -1.85536), (-5.082796, 3.951512, -1.85536), (-5.079232, 3.951512, -1.85536), (-5.118436, 3.955076, -1.85536), (-5.114872, 3.955076, -1.85536), (-5.111308, 3.955076, -1.85536), (-5.107744, 3.955076, -1.85536), (-5.10418, 3.955076, -1.85536), (-5.100616, 3.955076, -1.85536), (-5.097052, 3.955076, -1.85536), (-5.093488, 3.955076, -1.85536), (-5.089924, 3.955076, -1.85536), (-5.08636, 3.955076, -1.85536), (-5.082796, 3.955076, -1.85536), (-5.114872, 3.95864, -1.85536), (-5.111308, 3.95864, -1.85536), (-5.107744, 3.95864, -1.85536), (-5.10418, 3.95864, -1.85536), (-5.100616, 3.95864, -1.85536), (-5.097052, 3.95864, -1.85536), (-5.093488, 3.95864, -1.85536), (-5.089924, 3.95864, -1.85536), (-5.08636, 3.95864, -1.85536), (-5.082796, 3.95864, -1.85536), (-5.111308, 3.962204, -1.85536), (-5.107744, 3.962204, -1.85536), (-5.10418, 3.962204, -1.85536), (-5.100616, 3.962204, -1.85536), (-5.097052, 3.962204, -1.85536), (-5.093488, 3.962204, -1.85536), (-5.089924, 3.962204, -1.85536), (-5.08636, 3.962204, -1.85536), (-5.10418, 3.965768, -1.85536), (-5.100616, 3.965768, -1.85536), (-5.097052, 3.965768, -1.85536), (-5.093488, 3.965768, -1.85536), (-5.111308, 3.926564, -1.851796), (-5.107744, 3.926564, -1.851796), (-5.10418, 3.926564, -1.851796), (-5.100616, 3.926564, -1.851796), (-5.097052, 3.926564, -1.851796), (-5.093488, 3.926564, -1.851796), (-5.089924, 3.926564, -1.851796), (-5.114872, 3.930128, -1.851796), (-5.111308, 3.930128, -1.851796), (-5.107744, 3.930128, -1.851796), (-5.10418, 3.930128, -1.851796), (-5.100616, 3.930128, -1.851796), (-5.097052, 3.930128, -1.851796), (-5.093488, 3.930128, -1.851796), (-5.089924, 3.930128, -1.851796), (-5.08636, 3.930128, -1.851796), (-5.118436, 3.933692, -1.851796), (-5.114872, 3.933692, -1.851796), (-5.111308, 3.933692, -1.851796), (-5.107744, 3.933692, -1.851796), (-5.10418, 3.933692, -1.851796), (-5.100616, 3.933692, -1.851796), (-5.097052, 3.933692, -1.851796), (-5.093488, 3.933692, -1.851796), (-5.089924, 3.933692, -1.851796), (-5.08636, 3.933692, -1.851796), (-5.082796, 3.933692, -1.851796), (-5.118436, 3.937256, -1.851796), (-5.114872, 3.937256, -1.851796), (-5.111308, 3.937256, -1.851796), (-5.107744, 3.937256, -1.851796), (-5.10418, 3.937256, -1.851796), (-5.100616, 3.937256, -1.851796), (-5.097052, 3.937256, -1.851796), (-5.093488, 3.937256, -1.851796), (-5.089924, 3.937256, -1.851796), (-5.08636, 3.937256, -1.851796), (-5.082796, 3.937256, -1.851796), (-5.118436, 3.94082, -1.851796), (-5.114872, 3.94082, -1.851796), (-5.111308, 3.94082, -1.851796), (-5.107744, 3.94082, -1.851796), (-5.10418, 3.94082, -1.851796), (-5.100616, 3.94082, -1.851796), (-5.097052, 3.94082, -1.851796), (-5.093488, 3.94082, -1.851796), (-5.089924, 3.94082, -1.851796), (-5.08636, 3.94082, -1.851796), (-5.082796, 3.94082, -1.851796), (-5.079232, 3.94082, -1.851796), (-5.118436, 3.944384, -1.851796), (-5.114872, 3.944384, -1.851796), (-5.111308, 3.944384, -1.851796), (-5.107744, 3.944384, -1.851796), (-5.10418, 3.944384, -1.851796), (-5.100616, 3.944384, -1.851796), (-5.097052, 3.944384, -1.851796), (-5.093488, 3.944384, -1.851796), (-5.089924, 3.944384, -1.851796), (-5.08636, 3.944384, -1.851796), (-5.082796, 3.944384, -1.851796), (-5.079232, 3.944384, -1.851796), (-5.118436, 3.947948, -1.851796), (-5.114872, 3.947948, -1.851796), (-5.111308, 3.947948, -1.851796), (-5.107744, 3.947948, -1.851796), (-5.10418, 3.947948, -1.851796), (-5.100616, 3.947948, -1.851796), (-5.097052, 3.947948, -1.851796), (-5.093488, 3.947948, -1.851796), (-5.089924, 3.947948, -1.851796), (-5.08636, 3.947948, -1.851796), (-5.082796, 3.947948, -1.851796), (-5.079232, 3.947948, -1.851796), (-5.118436, 3.951512, -1.851796), (-5.114872, 3.951512, -1.851796), (-5.111308, 3.951512, -1.851796), (-5.107744, 3.951512, -1.851796), (-5.10418, 3.951512, -1.851796), (-5.100616, 3.951512, -1.851796), (-5.097052, 3.951512, -1.851796), (-5.093488, 3.951512, -1.851796), (-5.089924, 3.951512, -1.851796), (-5.08636, 3.951512, -1.851796), (-5.082796, 3.951512, -1.851796), (-5.079232, 3.951512, -1.851796), (-5.118436, 3.955076, -1.851796), (-5.114872, 3.955076, -1.851796), (-5.111308, 3.955076, -1.851796), (-5.107744, 3.955076, -1.851796), (-5.10418, 3.955076, -1.851796), (-5.100616, 3.955076, -1.851796), (-5.097052, 3.955076, -1.851796), (-5.093488, 3.955076, -1.851796), (-5.089924, 3.955076, -1.851796), (-5.08636, 3.955076, -1.851796), (-5.082796, 3.955076, -1.851796), (-5.114872, 3.95864, -1.851796), (-5.111308, 3.95864, -1.851796), (-5.107744, 3.95864, -1.851796), (-5.10418, 3.95864, -1.851796), (-5.100616, 3.95864, -1.851796), (-5.097052, 3.95864, -1.851796), (-5.093488, 3.95864, -1.851796), (-5.089924, 3.95864, -1.851796), (-5.08636, 3.95864, -1.851796), (-5.082796, 3.95864, -1.851796), (-5.111308, 3.962204, -1.851796), (-5.107744, 3.962204, -1.851796), (-5.10418, 3.962204, -1.851796), (-5.100616, 3.962204, -1.851796), (-5.097052, 3.962204, -1.851796), (-5.093488, 3.962204, -1.851796), (-5.089924, 3.962204, -1.851796), (-5.08636, 3.962204, -1.851796), (-5.10418, 3.965768, -1.851796), (-5.100616, 3.965768, -1.851796), (-5.097052, 3.965768, -1.851796), (-5.093488, 3.965768, -1.851796)]
        vector3f[] velocities = [(0, -1, 0), (0, -1, 0), (0, -1, 0), (0, -1, 0), (0, -1, 0), (0, -1, 0), (0, -1, 0), (0, -1, 0), (0, -1, 0), (0, -1, 0), (0, -1, 0), (0, -1, 0), (0, -1, 0), (0, -1, 0), (0, -1, 0), (0, -1, 0), (0, -1, 0), (0, -1, 0), (0, -1, 0), (0, -1, 0), (0, -1, 0), (0, -1, 0), (0, -1, 0), (0, -1, 0), (0, -1, 0), (0, -1, 0), (0, -1, 0), (0, -1, 0), (0, -1, 0), (0, -1, 0), (0, -1, 0), (0, -1, 0), (0, -1, 0), (0, -1, 0), (0, -1, 0), (0, -1, 0), (0, -1, 0), (0, -1, 0), (0, -1, 0), (0, -1, 0), (0, -1, 0), (0, -1, 0), (0, -1, 0), (0, -1, 0), (0, -1, 0), (0, -1, 0), (0, -1, 0), (0, -1, 0), (0, -1, 0), (0, -1, 0), (0, -1, 0), (0, -1, 0), (0, -1, 0), (0, -1, 0), (0, -1, 0), (0, -1, 0), (0, -1, 0), (0, -1, 0), (0, -1, 0), (0, -1, 0), (0, -1, 0), (0, -1, 0), (0, -1, 0), (0, -1, 0), (0, -1, 0), (0, -1, 0), (0, -1, 0), (0, -1, 0), (0, -1, 0), (0, -1, 0), (0, -1, 0), (0, -1, 0), (0, -1, 0), (0, -1, 0), (0, -1, 0), (0, -1, 0), (0, -1, 0), (0, -1, 0), (0, -1, 0), (0, -1, 0), (0, -1, 0), (0, -1, 0), (0, -1, 0), (0, -1, 0), (0, -1, 0), (0, -1, 0), (0, -1, 0), (0, -1, 0), (0, -1, 0), (0, -1, 0), (0, -1, 0), (0, -1, 0), (0, -1, 0), (0, -1, 0), (0, -1, 0), (0, -1, 0), (0, -1, 0), (0, -1, 0), (0, -1, 0), (0, -1, 0), (0, -1, 0), (0, -1, 0), (0, -1, 0), (0, -1, 0), (0, -1, 0), (0, -1, 0), (0, -1, 0), (0, -1, 0), (0, -1, 0), (0, -1, 0), (0, -1, 0), (0, -1, 0), (0, -1, 0), (0, -1, 0), (0, -1, 0), (0, -1, 0), (0, -1, 0), (0, -1, 0), (0, -1, 0), (0, -1, 0), (0, -1, 0), (0, -1, 0), (0, -1, 0), (0, -1, 0), (0, -1, 0), (0, -1, 0), (0, -1, 0), (0, -1, 0), (0, -1, 0), (0, -1, 0), (0, -1, 0), (0, -1, 0), (0, -1, 0), (0, -1, 0), (0, -1, 0), (0, -1, 0), (0, -1, 0), (0, -1, 0), (0, -1, 0), (0, -1, 0), (0, -1, 0), (0, -1, 0), (0, -1, 0), (0, -1, 0), (0, -1, 0), (0, -1, 0), (0, -1, 0), (0, -1, 0), (0, -1, 0), (0, -1, 0), (0, -1, 0), (0, -1, 0), (0, -1, 0), (0, -1, 0), (0, -1, 0), (0, -1, 0), (0, -1, 0), (0, -1, 0), (0, -1, 0), (0, -1, 0), (0, -1, 0), (0, -1, 0), (0, -1, 0), (0, -1, 0), (0, -1, 0), (0, -1, 0), (0, -1, 0), (0, -1, 0), (0, -1, 0), (0, -1, 0), (0, -1, 0), (0, -1, 0), (0, -1, 0), (0, -1, 0), (0, -1, 0), (0, -1, 0), (0, -1, 0), (0, -1, 0), (0, -1, 0), (0, -1, 0), (0, -1, 0), (0, -1, 0), (0, -1, 0), (0, -1, 0), (0, -1, 0), (0, -1, 0), (0, -1, 0), (0, -1, 0), (0, -1, 0), (0, -1, 0), (0, -1, 0), (0, -1, 0), (0, -1, 0), (0, -1, 0), (0, -1, 0), (0, -1, 0), (0, -1, 0), (0, -1, 0), (0, -1, 0), (0, -1, 0), (0, -1, 0), (0, -1, 0), (0, -1, 0), (0, -1, 0), (0, -1, 0), (0, -1, 0), (0, -1, 0), (0, -1, 0), (0, -1, 0), (0, -1, 0), (0, -1, 0), (0, -1, 0), (0, -1, 0), (0, -1, 0), (0, -1, 0), (0, -1, 0), (0, -1, 0), (0, -1, 0), (0, -1, 0), (0, -1, 0), (0, -1, 0), (0, -1, 0), (0, -1, 0), (0, -1, 0), (0, -1, 0), (0, -1, 0), (0, -1, 0), (0, -1, 0), (0, -1, 0), (0, -1, 0), (0, -1, 0), (0, -1, 0), (0, -1, 0), (0, -1, 0), (0, -1, 0), (0, -1, 0), (0, -1, 0), (0, -1, 0), (0, -1, 0), (0, -1, 0), (0, -1, 0), (0, -1, 0), (0, -1, 0), (0, -1, 0), (0, -1, 0), (0, -1, 0), (0, -1, 0), (0, -1, 0), (0, -1, 0), (0, -1, 0), (0, -1, 0), (0, -1, 0), (0, -1, 0), (0, -1, 0), (0, -1, 0), (0, -1, 0), (0, -1, 0), (0, -1, 0), (0, -1, 0), (0, -1, 0), (0, -1, 0), (0, -1, 0), (0, -1, 0), (0, -1, 0), (0, -1, 0), (0, -1, 0), (0, -1, 0), (0, -1, 0), (0, -1, 0), (0, -1, 0), (0, -1, 0), (0, -1, 0), (0, -1, 0), (0, -1, 0), (0, -1, 0), (0, -1, 0), (0, -1, 0), (0, -1, 0), (0, -1, 0), (0, -1, 0), (0, -1, 0), (0, -1, 0), (0, -1, 0), (0, -1, 0), (0, -1, 0), (0, -1, 0), (0, -1, 0), (0, -1, 0), (0, -1, 0), (0, -1, 0), (0, -1, 0), (0, -1, 0), (0, -1, 0), (0, -1, 0), (0, -1, 0), (0, -1, 0), (0, -1, 0), (0, -1, 0), (0, -1, 0), (0, -1, 0), (0, -1, 0), (0, -1, 0), (0, -1, 0), (0, -1, 0), (0, -1, 0), (0, -1, 0), (0, -1, 0), (0, -1, 0), (0, -1, 0), (0, -1, 0), (0, -1, 0), (0, -1, 0), (0, -1, 0), (0, -1, 0), (0, -1, 0), (0, -1, 0), (0, -1, 0), (0, -1, 0), (0, -1, 0), (0, -1, 0), (0, -1, 0), (0, -1, 0), (0, -1, 0), (0, -1, 0), (0, -1, 0), (0, -1, 0), (0, -1, 0), (0, -1, 0), (0, -1, 0), (0, -1, 0), (0, -1, 0), (0, -1, 0), (0, -1, 0), (0, -1, 0), (0, -1, 0), (0, -1, 0), (0, -1, 0), (0, -1, 0), (0, -1, 0), (0, -1, 0), (0, -1, 0), (0, -1, 0), (0, -1, 0), (0, -1, 0), (0, -1, 0), (0, -1, 0), (0, -1, 0), (0, -1, 0), (0, -1, 0), (0, -1, 0), (0, -1, 0), (0, -1, 0), (0, -1, 0), (0, -1, 0), (0, -1, 0), (0, -1, 0), (0, -1, 0), (0, -1, 0), (0, -1, 0), (0, -1, 0), (0, -1, 0), (0, -1, 0), (0, -1, 0), (0, -1, 0), (0, -1, 0), (0, -1, 0), (0, -1, 0), (0, -1, 0), (0, -1, 0), (0, -1, 0), (0, -1, 0), (0, -1, 0), (0, -1, 0), (0, -1, 0), (0, -1, 0), (0, -1, 0), (0, -1, 0), (0, -1, 0), (0, -1, 0), (0, -1, 0), (0, -1, 0), (0, -1, 0), (0, -1, 0), (0, -1, 0), (0, -1, 0), (0, -1, 0), (0, -1, 0), (0, -1, 0), (0, -1, 0), (0, -1, 0), (0, -1, 0), (0, -1, 0), (0, -1, 0), (0, -1, 0), (0, -1, 0), (0, -1, 0), (0, -1, 0), (0, -1, 0), (0, -1, 0), (0, -1, 0), (0, -1, 0), (0, -1, 0), (0, -1, 0), (0, -1, 0), (0, -1, 0), (0, -1, 0), (0, -1, 0), (0, -1, 0), (0, -1, 0), (0, -1, 0), (0, -1, 0), (0, -1, 0), (0, -1, 0), (0, -1, 0), (0, -1, 0), (0, -1, 0), (0, -1, 0), (0, -1, 0), (0, -1, 0), (0, -1, 0), (0, -1, 0), (0, -1, 0), (0, -1, 0), (0, -1, 0), (0, -1, 0), (0, -1, 0), (0, -1, 0), (0, -1, 0), (0, -1, 0), (0, -1, 0), (0, -1, 0), (0, -1, 0), (0, -1, 0), (0, -1, 0), (0, -1, 0), (0, -1, 0), (0, -1, 0), (0, -1, 0), (0, -1, 0), (0, -1, 0), (0, -1, 0), (0, -1, 0), (0, -1, 0), (0, -1, 0), (0, -1, 0), (0, -1, 0), (0, -1, 0), (0, -1, 0), (0, -1, 0), (0, -1, 0), (0, -1, 0), (0, -1, 0), (0, -1, 0), (0, -1, 0), (0, -1, 0), (0, -1, 0), (0, -1, 0), (0, -1, 0), (0, -1, 0), (0, -1, 0), (0, -1, 0), (0, -1, 0), (0, -1, 0), (0, -1, 0), (0, -1, 0), (0, -1, 0), (0, -1, 0), (0, -1, 0), (0, -1, 0), (0, -1, 0), (0, -1, 0), (0, -1, 0), (0, -1, 0), (0, -1, 0), (0, -1, 0), (0, -1, 0), (0, -1, 0), (0, -1, 0), (0, -1, 0), (0, -1, 0), (0, -1, 0), (0, -1, 0), (0, -1, 0), (0, -1, 0), (0, -1, 0), (0, -1, 0), (0, -1, 0), (0, -1, 0), (0, -1, 0), (0, -1, 0), (0, -1, 0), (0, -1, 0), (0, -1, 0), (0, -1, 0), (0, -1, 0), (0, -1, 0), (0, -1, 0), (0, -1, 0), (0, -1, 0), (0, -1, 0), (0, -1, 0), (0, -1, 0), (0, -1, 0), (0, -1, 0), (0, -1, 0), (0, -1, 0), (0, -1, 0), (0, -1, 0), (0, -1, 0), (0, -1, 0), (0, -1, 0), (0, -1, 0), (0, -1, 0), (0, -1, 0), (0, -1, 0), (0, -1, 0), (0, -1, 0), (0, -1, 0), (0, -1, 0), (0, -1, 0), (0, -1, 0), (0, -1, 0), (0, -1, 0), (0, -1, 0), (0, -1, 0), (0, -1, 0), (0, -1, 0), (0, -1, 0), (0, -1, 0), (0, -1, 0), (0, -1, 0), (0, -1, 0), (0, -1, 0), (0, -1, 0), (0, -1, 0), (0, -1, 0), (0, -1, 0), (0, -1, 0), (0, -1, 0), (0, -1, 0), (0, -1, 0), (0, -1, 0), (0, -1, 0), (0, -1, 0), (0, -1, 0), (0, -1, 0), (0, -1, 0), (0, -1, 0), (0, -1, 0), (0, -1, 0), (0, -1, 0), (0, -1, 0), (0, -1, 0), (0, -1, 0), (0, -1, 0), (0, -1, 0), (0, -1, 0), (0, -1, 0), (0, -1, 0), (0, -1, 0), (0, -1, 0), (0, -1, 0), (0, -1, 0), (0, -1, 0), (0, -1, 0), (0, -1, 0), (0, -1, 0), (0, -1, 0), (0, -1, 0), (0, -1, 0), (0, -1, 0), (0, -1, 0), (0, -1, 0), (0, -1, 0), (0, -1, 0), (0, -1, 0), (0, -1, 0), (0, -1, 0), (0, -1, 0), (0, -1, 0), (0, -1, 0), (0, -1, 0), (0, -1, 0), (0, -1, 0), (0, -1, 0), (0, -1, 0), (0, -1, 0), (0, -1, 0), (0, -1, 0), (0, -1, 0), (0, -1, 0), (0, -1, 0), (0, -1, 0), (0, -1, 0), (0, -1, 0), (0, -1, 0), (0, -1, 0), (0, -1, 0), (0, -1, 0), (0, -1, 0), (0, -1, 0), (0, -1, 0), (0, -1, 0), (0, -1, 0), (0, -1, 0), (0, -1, 0), (0, -1, 0), (0, -1, 0), (0, -1, 0), (0, -1, 0), (0, -1, 0), (0, -1, 0), (0, -1, 0), (0, -1, 0), (0, -1, 0), (0, -1, 0), (0, -1, 0), (0, -1, 0), (0, -1, 0), (0, -1, 0), (0, -1, 0), (0, -1, 0), (0, -1, 0), (0, -1, 0), (0, -1, 0), (0, -1, 0), (0, -1, 0), (0, -1, 0), (0, -1, 0), (0, -1, 0), (0, -1, 0), (0, -1, 0), (0, -1, 0), (0, -1, 0), (0, -1, 0), (0, -1, 0), (0, -1, 0), (0, -1, 0), (0, -1, 0), (0, -1, 0), (0, -1, 0), (0, -1, 0), (0, -1, 0), (0, -1, 0), (0, -1, 0), (0, -1, 0), (0, -1, 0), (0, -1, 0), (0, -1, 0), (0, -1, 0), (0, -1, 0), (0, -1, 0), (0, -1, 0), (0, -1, 0), (0, -1, 0), (0, -1, 0), (0, -1, 0), (0, -1, 0), (0, -1, 0), (0, -1, 0), (0, -1, 0), (0, -1, 0), (0, -1, 0), (0, -1, 0), (0, -1, 0), (0, -1, 0), (0, -1, 0), (0, -1, 0), (0, -1, 0), (0, -1, 0), (0, -1, 0), (0, -1, 0), (0, -1, 0), (0, -1, 0), (0, -1, 0), (0, -1, 0), (0, -1, 0), (0, -1, 0), (0, -1, 0), (0, -1, 0), (0, -1, 0), (0, -1, 0), (0, -1, 0), (0, -1, 0), (0, -1, 0), (0, -1, 0), (0, -1, 0), (0, -1, 0), (0, -1, 0), (0, -1, 0), (0, -1, 0), (0, -1, 0), (0, -1, 0), (0, -1, 0), (0, -1, 0), (0, -1, 0), (0, -1, 0), (0, -1, 0), (0, -1, 0), (0, -1, 0), (0, -1, 0), (0, -1, 0), (0, -1, 0), (0, -1, 0), (0, -1, 0), (0, -1, 0), (0, -1, 0), (0, -1, 0), (0, -1, 0), (0, -1, 0), (0, -1, 0), (0, -1, 0), (0, -1, 0), (0, -1, 0), (0, -1, 0), (0, -1, 0), (0, -1, 0), (0, -1, 0), (0, -1, 0), (0, -1, 0), (0, -1, 0), (0, -1, 0), (0, -1, 0), (0, -1, 0), (0, -1, 0), (0, -1, 0), (0, -1, 0), (0, -1, 0), (0, -1, 0), (0, -1, 0), (0, -1, 0), (0, -1, 0), (0, -1, 0), (0, -1, 0), (0, -1, 0), (0, -1, 0), (0, -1, 0), (0, -1, 0), (0, -1, 0), (0, -1, 0), (0, -1, 0), (0, -1, 0), (0, -1, 0), (0, -1, 0), (0, -1, 0), (0, -1, 0), (0, -1, 0), (0, -1, 0), (0, -1, 0), (0, -1, 0), (0, -1, 0), (0, -1, 0), (0, -1, 0), (0, -1, 0), (0, -1, 0), (0, -1, 0), (0, -1, 0), (0, -1, 0), (0, -1, 0), (0, -1, 0), (0, -1, 0), (0, -1, 0), (0, -1, 0), (0, -1, 0), (0, -1, 0), (0, -1, 0), (0, -1, 0), (0, -1, 0), (0, -1, 0), (0, -1, 0), (0, -1, 0), (0, -1, 0), (0, -1, 0), (0, -1, 0), (0, -1, 0), (0, -1, 0), (0, -1, 0), (0, -1, 0), (0, -1, 0), (0, -1, 0), (0, -1, 0), (0, -1, 0), (0, -1, 0), (0, -1, 0), (0, -1, 0), (0, -1, 0), (0, -1, 0), (0, -1, 0), (0, -1, 0), (0, -1, 0), (0, -1, 0), (0, -1, 0), (0, -1, 0), (0, -1, 0), (0, -1, 0), (0, -1, 0), (0, -1, 0), (0, -1, 0), (0, -1, 0), (0, -1, 0), (0, -1, 0), (0, -1, 0), (0, -1, 0), (0, -1, 0), (0, -1, 0), (0, -1, 0), (0, -1, 0), (0, -1, 0), (0, -1, 0), (0, -1, 0), (0, -1, 0), (0, -1, 0), (0, -1, 0), (0, -1, 0), (0, -1, 0), (0, -1, 0), (0, -1, 0), (0, -1, 0), (0, -1, 0), (0, -1, 0), (0, -1, 0), (0, -1, 0), (0, -1, 0), (0, -1, 0), (0, -1, 0), (0, -1, 0), (0, -1, 0), (0, -1, 0), (0, -1, 0), (0, -1, 0), (0, -1, 0), (0, -1, 0), (0, -1, 0), (0, -1, 0), (0, -1, 0), (0, -1, 0), (0, -1, 0), (0, -1, 0), (0, -1, 0), (0, -1, 0), (0, -1, 0), (0, -1, 0), (0, -1, 0), (0, -1, 0), (0, -1, 0), (0, -1, 0), (0, -1, 0), (0, -1, 0), (0, -1, 0), (0, -1, 0), (0, -1, 0), (0, -1, 0), (0, -1, 0), (0, -1, 0), (0, -1, 0), (0, -1, 0), (0, -1, 0), (0, -1, 0), (0, -1, 0), (0, -1, 0), (0, -1, 0), (0, -1, 0), (0, -1, 0), (0, -1, 0), (0, -1, 0), (0, -1, 0), (0, -1, 0), (0, -1, 0), (0, -1, 0), (0, -1, 0), (0, -1, 0), (0, -1, 0), (0, -1, 0), (0, -1, 0), (0, -1, 0), (0, -1, 0), (0, -1, 0), (0, -1, 0), (0, -1, 0), (0, -1, 0), (0, -1, 0), (0, -1, 0), (0, -1, 0), (0, -1, 0), (0, -1, 0), (0, -1, 0), (0, -1, 0), (0, -1, 0), (0, -1, 0), (0, -1, 0), (0, -1, 0), (0, -1, 0), (0, -1, 0), (0, -1, 0), (0, -1, 0), (0, -1, 0), (0, -1, 0), (0, -1, 0), (0, -1, 0), (0, -1, 0), (0, -1, 0), (0, -1, 0), (0, -1, 0), (0, -1, 0), (0, -1, 0), (0, -1, 0), (0, -1, 0), (0, -1, 0), (0, -1, 0), (0, -1, 0), (0, -1, 0), (0, -1, 0), (0, -1, 0), (0, -1, 0), (0, -1, 0), (0, -1, 0), (0, -1, 0), (0, -1, 0), (0, -1, 0), (0, -1, 0), (0, -1, 0), (0, -1, 0), (0, -1, 0), (0, -1, 0), (0, -1, 0), (0, -1, 0), (0, -1, 0), (0, -1, 0), (0, -1, 0), (0, -1, 0), (0, -1, 0), (0, -1, 0), (0, -1, 0), (0, -1, 0), (0, -1, 0), (0, -1, 0), (0, -1, 0), (0, -1, 0), (0, -1, 0), (0, -1, 0), (0, -1, 0), (0, -1, 0), (0, -1, 0), (0, -1, 0), (0, -1, 0), (0, -1, 0), (0, -1, 0), (0, -1, 0), (0, -1, 0), (0, -1, 0), (0, -1, 0), (0, -1, 0), (0, -1, 0), (0, -1, 0), (0, -1, 0), (0, -1, 0), (0, -1, 0), (0, -1, 0), (0, -1, 0), (0, -1, 0), (0, -1, 0), (0, -1, 0), (0, -1, 0), (0, -1, 0), (0, -1, 0), (0, -1, 0), (0, -1, 0), (0, -1, 0), (0, -1, 0), (0, -1, 0), (0, -1, 0), (0, -1, 0), (0, -1, 0), (0, -1, 0), (0, -1, 0), (0, -1, 0), (0, -1, 0), (0, -1, 0), (0, -1, 0), (0, -1, 0), (0, -1, 0), (0, -1, 0), (0, -1, 0), (0, -1, 0), (0, -1, 0), (0, -1, 0), (0, -1, 0), (0, -1, 0), (0, -1, 0), (0, -1, 0), (0, -1, 0), (0, -1, 0), (0, -1, 0), (0, -1, 0), (0, -1, 0), (0, -1, 0), (0, -1, 0), (0, -1, 0), (0, -1, 0), (0, -1, 0), (0, -1, 0), (0, -1, 0), (0, -1, 0), (0, -1, 0), (0, -1, 0), (0, -1, 0), (0, -1, 0), (0, -1, 0), (0, -1, 0), (0, -1, 0), (0, -1, 0), (0, -1, 0), (0, -1, 0), (0, -1, 0), (0, -1, 0), (0, -1, 0), (0, -1, 0), (0, -1, 0), (0, -1, 0), (0, -1, 0), (0, -1, 0), (0, -1, 0), (0, -1, 0), (0, -1, 0), (0, -1, 0), (0, -1, 0), (0, -1, 0), (0, -1, 0), (0, -1, 0), (0, -1, 0), (0, -1, 0), (0, -1, 0), (0, -1, 0), (0, -1, 0), (0, -1, 0), (0, -1, 0), (0, -1, 0), (0, -1, 0), (0, -1, 0), (0, -1, 0), (0, -1, 0), (0, -1, 0), (0, -1, 0), (0, -1, 0), (0, -1, 0), (0, -1, 0), (0, -1, 0), (0, -1, 0), (0, -1, 0), (0, -1, 0), (0, -1, 0), (0, -1, 0), (0, -1, 0), (0, -1, 0), (0, -1, 0), (0, -1, 0), (0, -1, 0), (0, -1, 0), (0, -1, 0), (0, -1, 0), (0, -1, 0), (0, -1, 0), (0, -1, 0), (0, -1, 0), (0, -1, 0), (0, -1, 0), (0, -1, 0), (0, -1, 0), (0, -1, 0), (0, -1, 0), (0, -1, 0), (0, -1, 0), (0, -1, 0), (0, -1, 0), (0, -1, 0), (0, -1, 0), (0, -1, 0), (0, -1, 0), (0, -1, 0), (0, -1, 0), (0, -1, 0), (0, -1, 0), (0, -1, 0), (0, -1, 0), (0, -1, 0), (0, -1, 0), (0, -1, 0), (0, -1, 0), (0, -1, 0), (0, -1, 0), (0, -1, 0), (0, -1, 0), (0, -1, 0), (0, -1, 0), (0, -1, 0), (0, -1, 0), (0, -1, 0), (0, -1, 0), (0, -1, 0), (0, -1, 0), (0, -1, 0), (0, -1, 0), (0, -1, 0), (0, -1, 0), (0, -1, 0), (0, -1, 0), (0, -1, 0), (0, -1, 0), (0, -1, 0), (0, -1, 0), (0, -1, 0), (0, -1, 0), (0, -1, 0), (0, -1, 0), (0, -1, 0), (0, -1, 0), (0, -1, 0), (0, -1, 0), (0, -1, 0), (0, -1, 0), (0, -1, 0), (0, -1, 0), (0, -1, 0), (0, -1, 0), (0, -1, 0), (0, -1, 0), (0, -1, 0), (0, -1, 0), (0, -1, 0), (0, -1, 0), (0, -1, 0), (0, -1, 0), (0, -1, 0), (0, -1, 0), (0, -1, 0), (0, -1, 0), (0, -1, 0), (0, -1, 0), (0, -1, 0), (0, -1, 0), (0, -1, 0), (0, -1, 0), (0, -1, 0), (0, -1, 0), (0, -1, 0), (0, -1, 0), (0, -1, 0), (0, -1, 0), (0, -1, 0), (0, -1, 0), (0, -1, 0), (0, -1, 0), (0, -1, 0), (0, -1, 0), (0, -1, 0), (0, -1, 0), (0, -1, 0), (0, -1, 0), (0, -1, 0), (0, -1, 0), (0, -1, 0), (0, -1, 0), (0, -1, 0), (0, -1, 0), (0, -1, 0), (0, -1, 0), (0, -1, 0), (0, -1, 0), (0, -1, 0), (0, -1, 0), (0, -1, 0), (0, -1, 0), (0, -1, 0), (0, -1, 0), (0, -1, 0), (0, -1, 0), (0, -1, 0), (0, -1, 0), (0, -1, 0), (0, -1, 0), (0, -1, 0), (0, -1, 0), (0, -1, 0), (0, -1, 0), (0, -1, 0), (0, -1, 0), (0, -1, 0), (0, -1, 0), (0, -1, 0), (0, -1, 0), (0, -1, 0), (0, -1, 0), (0, -1, 0), (0, -1, 0), (0, -1, 0), (0, -1, 0), (0, -1, 0), (0, -1, 0), (0, -1, 0), (0, -1, 0), (0, -1, 0), (0, -1, 0), (0, -1, 0), (0, -1, 0), (0, -1, 0), (0, -1, 0), (0, -1, 0), (0, -1, 0), (0, -1, 0), (0, -1, 0), (0, -1, 0), (0, -1, 0), (0, -1, 0), (0, -1, 0), (0, -1, 0), (0, -1, 0), (0, -1, 0), (0, -1, 0), (0, -1, 0), (0, -1, 0), (0, -1, 0), (0, -1, 0), (0, -1, 0), (0, -1, 0), (0, -1, 0), (0, -1, 0), (0, -1, 0), (0, -1, 0), (0, -1, 0), (0, -1, 0), (0, -1, 0), (0, -1, 0), (0, -1, 0), (0, -1, 0), (0, -1, 0), (0, -1, 0), (0, -1, 0), (0, -1, 0), (0, -1, 0), (0, -1, 0), (0, -1, 0), (0, -1, 0), (0, -1, 0), (0, -1, 0), (0, -1, 0), (0, -1, 0), (0, -1, 0), (0, -1, 0), (0, -1, 0), (0, -1, 0), (0, -1, 0), (0, -1, 0), (0, -1, 0), (0, -1, 0), (0, -1, 0), (0, -1, 0), (0, -1, 0), (0, -1, 0), (0, -1, 0), (0, -1, 0), (0, -1, 0), (0, -1, 0), (0, -1, 0), (0, -1, 0), (0, -1, 0), (0, -1, 0), (0, -1, 0), (0, -1, 0), (0, -1, 0), (0, -1, 0), (0, -1, 0), (0, -1, 0), (0, -1, 0), (0, -1, 0), (0, -1, 0), (0, -1, 0), (0, -1, 0), (0, -1, 0), (0, -1, 0), (0, -1, 0), (0, -1, 0), (0, -1, 0), (0, -1, 0), (0, -1, 0), (0, -1, 0), (0, -1, 0), (0, -1, 0), (0, -1, 0), (0, -1, 0), (0, -1, 0), (0, -1, 0), (0, -1, 0), (0, -1, 0), (0, -1, 0), (0, -1, 0), (0, -1, 0), (0, -1, 0), (0, -1, 0), (0, -1, 0), (0, -1, 0), (0, -1, 0), (0, -1, 0), (0, -1, 0), (0, -1, 0), (0, -1, 0), (0, -1, 0), (0, -1, 0), (0, -1, 0), (0, -1, 0), (0, -1, 0), (0, -1, 0), (0, -1, 0), (0, -1, 0), (0, -1, 0), (0, -1, 0), (0, -1, 0), (0, -1, 0), (0, -1, 0), (0, -1, 0), (0, -1, 0), (0, -1, 0), (0, -1, 0), (0, -1, 0), (0, -1, 0), (0, -1, 0), (0, -1, 0), (0, -1, 0), (0, -1, 0), (0, -1, 0), (0, -1, 0), (0, -1, 0), (0, -1, 0), (0, -1, 0), (0, -1, 0), (0, -1, 0), (0, -1, 0), (0, -1, 0), (0, -1, 0), (0, -1, 0), (0, -1, 0), (0, -1, 0), (0, -1, 0), (0, -1, 0), (0, -1, 0), (0, -1, 0), (0, -1, 0), (0, -1, 0), (0, -1, 0), (0, -1, 0), (0, -1, 0), (0, -1, 0), (0, -1, 0), (0, -1, 0), (0, -1, 0), (0, -1, 0), (0, -1, 0), (0, -1, 0), (0, -1, 0), (0, -1, 0), (0, -1, 0), (0, -1, 0), (0, -1, 0), (0, -1, 0), (0, -1, 0), (0, -1, 0), (0, -1, 0), (0, -1, 0), (0, -1, 0), (0, -1, 0), (0, -1, 0), (0, -1, 0), (0, -1, 0), (0, -1, 0), (0, -1, 0), (0, -1, 0), (0, -1, 0), (0, -1, 0), (0, -1, 0), (0, -1, 0), (0, -1, 0), (0, -1, 0), (0, -1, 0), (0, -1, 0), (0, -1, 0), (0, -1, 0), (0, -1, 0), (0, -1, 0), (0, -1, 0), (0, -1, 0), (0, -1, 0), (0, -1, 0), (0, -1, 0), (0, -1, 0), (0, -1, 0), (0, -1, 0), (0, -1, 0), (0, -1, 0), (0, -1, 0), (0, -1, 0), (0, -1, 0), (0, -1, 0), (0, -1, 0), (0, -1, 0), (0, -1, 0), (0, -1, 0), (0, -1, 0), (0, -1, 0), (0, -1, 0), (0, -1, 0), (0, -1, 0), (0, -1, 0), (0, -1, 0), (0, -1, 0), (0, -1, 0), (0, -1, 0), (0, -1, 0), (0, -1, 0), (0, -1, 0), (0, -1, 0), (0, -1, 0), (0, -1, 0), (0, -1, 0), (0, -1, 0), (0, -1, 0), (0, -1, 0), (0, -1, 0), (0, -1, 0), (0, -1, 0)]
        token visibility = "invisible"
        float[] widths = [0.003564, 0.003564, 0.003564, 0.003564, 0.003564, 0.003564, 0.003564, 0.003564, 0.003564, 0.003564, 0.003564, 0.003564, 0.003564, 0.003564, 0.003564, 0.003564, 0.003564, 0.003564, 0.003564, 0.003564, 0.003564, 0.003564, 0.003564, 0.003564, 0.003564, 0.003564, 0.003564, 0.003564, 0.003564, 0.003564, 0.003564, 0.003564, 0.003564, 0.003564, 0.003564, 0.003564, 0.003564, 0.003564, 0.003564, 0.003564, 0.003564, 0.003564, 0.003564, 0.003564, 0.003564, 0.003564, 0.003564, 0.003564, 0.003564, 0.003564, 0.003564, 0.003564, 0.003564, 0.003564, 0.003564, 0.003564, 0.003564, 0.003564, 0.003564, 0.003564, 0.003564, 0.003564, 0.003564, 0.003564, 0.003564, 0.003564, 0.003564, 0.003564, 0.003564, 0.003564, 0.003564, 0.003564, 0.003564, 0.003564, 0.003564, 0.003564, 0.003564, 0.003564, 0.003564, 0.003564, 0.003564, 0.003564, 0.003564, 0.003564, 0.003564, 0.003564, 0.003564, 0.003564, 0.003564, 0.003564, 0.003564, 0.003564, 0.003564, 0.003564, 0.003564, 0.003564, 0.003564, 0.003564, 0.003564, 0.003564, 0.003564, 0.003564, 0.003564, 0.003564, 0.003564, 0.003564, 0.003564, 0.003564, 0.003564, 0.003564, 0.003564, 0.003564, 0.003564, 0.003564, 0.003564, 0.003564, 0.003564, 0.003564, 0.003564, 0.003564, 0.003564, 0.003564, 0.003564, 0.003564, 0.003564, 0.003564, 0.003564, 0.003564, 0.003564, 0.003564, 0.003564, 0.003564, 0.003564, 0.003564, 0.003564, 0.003564, 0.003564, 0.003564, 0.003564, 0.003564, 0.003564, 0.003564, 0.003564, 0.003564, 0.003564, 0.003564, 0.003564, 0.003564, 0.003564, 0.003564, 0.003564, 0.003564, 0.003564, 0.003564, 0.003564, 0.003564, 0.003564, 0.003564, 0.003564, 0.003564, 0.003564, 0.003564, 0.003564, 0.003564, 0.003564, 0.003564, 0.003564, 0.003564, 0.003564, 0.003564, 0.003564, 0.003564, 0.003564, 0.003564, 0.003564, 0.003564, 0.003564, 0.003564, 0.003564, 0.003564, 0.003564, 0.003564, 0.003564, 0.003564, 0.003564, 0.003564, 0.003564, 0.003564, 0.003564, 0.003564, 0.003564, 0.003564, 0.003564, 0.003564, 0.003564, 0.003564, 0.003564, 0.003564, 0.003564, 0.003564, 0.003564, 0.003564, 0.003564, 0.003564, 0.003564, 0.003564, 0.003564, 0.003564, 0.003564, 0.003564, 0.003564, 0.003564, 0.003564, 0.003564, 0.003564, 0.003564, 0.003564, 0.003564, 0.003564, 0.003564, 0.003564, 0.003564, 0.003564, 0.003564, 0.003564, 0.003564, 0.003564, 0.003564, 0.003564, 0.003564, 0.003564, 0.003564, 0.003564, 0.003564, 0.003564, 0.003564, 0.003564, 0.003564, 0.003564, 0.003564, 0.003564, 0.003564, 0.003564, 0.003564, 0.003564, 0.003564, 0.003564, 0.003564, 0.003564, 0.003564, 0.003564, 0.003564, 0.003564, 0.003564, 0.003564, 0.003564, 0.003564, 0.003564, 0.003564, 0.003564, 0.003564, 0.003564, 0.003564, 0.003564, 0.003564, 0.003564, 0.003564, 0.003564, 0.003564, 0.003564, 0.003564, 0.003564, 0.003564, 0.003564, 0.003564, 0.003564, 0.003564, 0.003564, 0.003564, 0.003564, 0.003564, 0.003564, 0.003564, 0.003564, 0.003564, 0.003564, 0.003564, 0.003564, 0.003564, 0.003564, 0.003564, 0.003564, 0.003564, 0.003564, 0.003564, 0.003564, 0.003564, 0.003564, 0.003564, 0.003564, 0.003564, 0.003564, 0.003564, 0.003564, 0.003564, 0.003564, 0.003564, 0.003564, 0.003564, 0.003564, 0.003564, 0.003564, 0.003564, 0.003564, 0.003564, 0.003564, 0.003564, 0.003564, 0.003564, 0.003564, 0.003564, 0.003564, 0.003564, 0.003564, 0.003564, 0.003564, 0.003564, 0.003564, 0.003564, 0.003564, 0.003564, 0.003564, 0.003564, 0.003564, 0.003564, 0.003564, 0.003564, 0.003564, 0.003564, 0.003564, 0.003564, 0.003564, 0.003564, 0.003564, 0.003564, 0.003564, 0.003564, 0.003564, 0.003564, 0.003564, 0.003564, 0.003564, 0.003564, 0.003564, 0.003564, 0.003564, 0.003564, 0.003564, 0.003564, 0.003564, 0.003564, 0.003564, 0.003564, 0.003564, 0.003564, 0.003564, 0.003564, 0.003564, 0.003564, 0.003564, 0.003564, 0.003564, 0.003564, 0.003564, 0.003564, 0.003564, 0.003564, 0.003564, 0.003564, 0.003564, 0.003564, 0.003564, 0.003564, 0.003564, 0.003564, 0.003564, 0.003564, 0.003564, 0.003564, 0.003564, 0.003564, 0.003564, 0.003564, 0.003564, 0.003564, 0.003564, 0.003564, 0.003564, 0.003564, 0.003564, 0.003564, 0.003564, 0.003564, 0.003564, 0.003564, 0.003564, 0.003564, 0.003564, 0.003564, 0.003564, 0.003564, 0.003564, 0.003564, 0.003564, 0.003564, 0.003564, 0.003564, 0.003564, 0.003564, 0.003564, 0.003564, 0.003564, 0.003564, 0.003564, 0.003564, 0.003564, 0.003564, 0.003564, 0.003564, 0.003564, 0.003564, 0.003564, 0.003564, 0.003564, 0.003564, 0.003564, 0.003564, 0.003564, 0.003564, 0.003564, 0.003564, 0.003564, 0.003564, 0.003564, 0.003564, 0.003564, 0.003564, 0.003564, 0.003564, 0.003564, 0.003564, 0.003564, 0.003564, 0.003564, 0.003564, 0.003564, 0.003564, 0.003564, 0.003564, 0.003564, 0.003564, 0.003564, 0.003564, 0.003564, 0.003564, 0.003564, 0.003564, 0.003564, 0.003564, 0.003564, 0.003564, 0.003564, 0.003564, 0.003564, 0.003564, 0.003564, 0.003564, 0.003564, 0.003564, 0.003564, 0.003564, 0.003564, 0.003564, 0.003564, 0.003564, 0.003564, 0.003564, 0.003564, 0.003564, 0.003564, 0.003564, 0.003564, 0.003564, 0.003564, 0.003564, 0.003564, 0.003564, 0.003564, 0.003564, 0.003564, 0.003564, 0.003564, 0.003564, 0.003564, 0.003564, 0.003564, 0.003564, 0.003564, 0.003564, 0.003564, 0.003564, 0.003564, 0.003564, 0.003564, 0.003564, 0.003564, 0.003564, 0.003564, 0.003564, 0.003564, 0.003564, 0.003564, 0.003564, 0.003564, 0.003564, 0.003564, 0.003564, 0.003564, 0.003564, 0.003564, 0.003564, 0.003564, 0.003564, 0.003564, 0.003564, 0.003564, 0.003564, 0.003564, 0.003564, 0.003564, 0.003564, 0.003564, 0.003564, 0.003564, 0.003564, 0.003564, 0.003564, 0.003564, 0.003564, 0.003564, 0.003564, 0.003564, 0.003564, 0.003564, 0.003564, 0.003564, 0.003564, 0.003564, 0.003564, 0.003564, 0.003564, 0.003564, 0.003564, 0.003564, 0.003564, 0.003564, 0.003564, 0.003564, 0.003564, 0.003564, 0.003564, 0.003564, 0.003564, 0.003564, 0.003564, 0.003564, 0.003564, 0.003564, 0.003564, 0.003564, 0.003564, 0.003564, 0.003564, 0.003564, 0.003564, 0.003564, 0.003564, 0.003564, 0.003564, 0.003564, 0.003564, 0.003564, 0.003564, 0.003564, 0.003564, 0.003564, 0.003564, 0.003564, 0.003564, 0.003564, 0.003564, 0.003564, 0.003564, 0.003564, 0.003564, 0.003564, 0.003564, 0.003564, 0.003564, 0.003564, 0.003564, 0.003564, 0.003564, 0.003564, 0.003564, 0.003564, 0.003564, 0.003564, 0.003564, 0.003564, 0.003564, 0.003564, 0.003564, 0.003564, 0.003564, 0.003564, 0.003564, 0.003564, 0.003564, 0.003564, 0.003564, 0.003564, 0.003564, 0.003564, 0.003564, 0.003564, 0.003564, 0.003564, 0.003564, 0.003564, 0.003564, 0.003564, 0.003564, 0.003564, 0.003564, 0.003564, 0.003564, 0.003564, 0.003564, 0.003564, 0.003564, 0.003564, 0.003564, 0.003564, 0.003564, 0.003564, 0.003564, 0.003564, 0.003564, 0.003564, 0.003564, 0.003564, 0.003564, 0.003564, 0.003564, 0.003564, 0.003564, 0.003564, 0.003564, 0.003564, 0.003564, 0.003564, 0.003564, 0.003564, 0.003564, 0.003564, 0.003564, 0.003564, 0.003564, 0.003564, 0.003564, 0.003564, 0.003564, 0.003564, 0.003564, 0.003564, 0.003564, 0.003564, 0.003564, 0.003564, 0.003564, 0.003564, 0.003564, 0.003564, 0.003564, 0.003564, 0.003564, 0.003564, 0.003564, 0.003564, 0.003564, 0.003564, 0.003564, 0.003564, 0.003564, 0.003564, 0.003564, 0.003564, 0.003564, 0.003564, 0.003564, 0.003564, 0.003564, 0.003564, 0.003564, 0.003564, 0.003564, 0.003564, 0.003564, 0.003564, 0.003564, 0.003564, 0.003564, 0.003564, 0.003564, 0.003564, 0.003564, 0.003564, 0.003564, 0.003564, 0.003564, 0.003564, 0.003564, 0.003564, 0.003564, 0.003564, 0.003564, 0.003564, 0.003564, 0.003564, 0.003564, 0.003564, 0.003564, 0.003564, 0.003564, 0.003564, 0.003564, 0.003564, 0.003564, 0.003564, 0.003564, 0.003564, 0.003564, 0.003564, 0.003564, 0.003564, 0.003564, 0.003564, 0.003564, 0.003564, 0.003564, 0.003564, 0.003564, 0.003564, 0.003564, 0.003564, 0.003564, 0.003564, 0.003564, 0.003564, 0.003564, 0.003564, 0.003564, 0.003564, 0.003564, 0.003564, 0.003564, 0.003564, 0.003564, 0.003564, 0.003564, 0.003564, 0.003564, 0.003564, 0.003564, 0.003564, 0.003564, 0.003564, 0.003564, 0.003564, 0.003564, 0.003564, 0.003564, 0.003564, 0.003564, 0.003564, 0.003564, 0.003564, 0.003564, 0.003564, 0.003564, 0.003564, 0.003564, 0.003564, 0.003564, 0.003564, 0.003564, 0.003564, 0.003564, 0.003564, 0.003564, 0.003564, 0.003564, 0.003564, 0.003564, 0.003564, 0.003564, 0.003564, 0.003564, 0.003564, 0.003564, 0.003564, 0.003564, 0.003564, 0.003564, 0.003564, 0.003564, 0.003564, 0.003564, 0.003564, 0.003564, 0.003564, 0.003564, 0.003564, 0.003564, 0.003564, 0.003564, 0.003564, 0.003564, 0.003564, 0.003564, 0.003564, 0.003564, 0.003564, 0.003564, 0.003564, 0.003564, 0.003564, 0.003564, 0.003564, 0.003564, 0.003564, 0.003564, 0.003564, 0.003564, 0.003564, 0.003564, 0.003564, 0.003564, 0.003564, 0.003564, 0.003564, 0.003564, 0.003564, 0.003564, 0.003564, 0.003564, 0.003564, 0.003564, 0.003564, 0.003564, 0.003564, 0.003564, 0.003564, 0.003564, 0.003564, 0.003564, 0.003564, 0.003564, 0.003564, 0.003564, 0.003564, 0.003564, 0.003564, 0.003564, 0.003564, 0.003564, 0.003564, 0.003564, 0.003564, 0.003564, 0.003564, 0.003564, 0.003564, 0.003564, 0.003564, 0.003564, 0.003564, 0.003564, 0.003564, 0.003564, 0.003564, 0.003564, 0.003564, 0.003564, 0.003564, 0.003564, 0.003564, 0.003564, 0.003564, 0.003564, 0.003564, 0.003564, 0.003564, 0.003564, 0.003564, 0.003564, 0.003564, 0.003564, 0.003564, 0.003564, 0.003564, 0.003564, 0.003564, 0.003564, 0.003564, 0.003564, 0.003564, 0.003564, 0.003564, 0.003564, 0.003564, 0.003564, 0.003564, 0.003564, 0.003564, 0.003564, 0.003564, 0.003564, 0.003564, 0.003564, 0.003564, 0.003564, 0.003564, 0.003564, 0.003564, 0.003564, 0.003564, 0.003564, 0.003564, 0.003564, 0.003564, 0.003564, 0.003564, 0.003564, 0.003564, 0.003564, 0.003564, 0.003564, 0.003564, 0.003564, 0.003564, 0.003564, 0.003564, 0.003564, 0.003564, 0.003564, 0.003564, 0.003564, 0.003564, 0.003564, 0.003564, 0.003564, 0.003564, 0.003564, 0.003564, 0.003564, 0.003564, 0.003564, 0.003564, 0.003564, 0.003564, 0.003564, 0.003564, 0.003564, 0.003564, 0.003564, 0.003564, 0.003564, 0.003564, 0.003564, 0.003564, 0.003564, 0.003564, 0.003564, 0.003564, 0.003564, 0.003564, 0.003564, 0.003564, 0.003564, 0.003564, 0.003564, 0.003564, 0.003564, 0.003564, 0.003564, 0.003564, 0.003564, 0.003564, 0.003564, 0.003564, 0.003564, 0.003564, 0.003564, 0.003564, 0.003564, 0.003564, 0.003564, 0.003564, 0.003564, 0.003564, 0.003564, 0.003564, 0.003564, 0.003564, 0.003564, 0.003564, 0.003564, 0.003564, 0.003564, 0.003564, 0.003564, 0.003564, 0.003564, 0.003564, 0.003564, 0.003564, 0.003564, 0.003564, 0.003564, 0.003564, 0.003564, 0.003564, 0.003564, 0.003564, 0.003564, 0.003564, 0.003564, 0.003564, 0.003564, 0.003564, 0.003564, 0.003564, 0.003564, 0.003564, 0.003564, 0.003564, 0.003564, 0.003564, 0.003564, 0.003564, 0.003564, 0.003564, 0.003564, 0.003564, 0.003564, 0.003564, 0.003564, 0.003564, 0.003564, 0.003564, 0.003564, 0.003564, 0.003564, 0.003564, 0.003564, 0.003564, 0.003564, 0.003564, 0.003564, 0.003564, 0.003564, 0.003564, 0.003564, 0.003564, 0.003564, 0.003564, 0.003564, 0.003564, 0.003564, 0.003564, 0.003564, 0.003564, 0.003564, 0.003564, 0.003564, 0.003564, 0.003564, 0.003564, 0.003564, 0.003564, 0.003564, 0.003564, 0.003564, 0.003564, 0.003564, 0.003564, 0.003564, 0.003564, 0.003564, 0.003564, 0.003564, 0.003564, 0.003564, 0.003564, 0.003564, 0.003564, 0.003564, 0.003564, 0.003564, 0.003564, 0.003564, 0.003564, 0.003564, 0.003564, 0.003564, 0.003564, 0.003564, 0.003564, 0.003564, 0.003564, 0.003564, 0.003564, 0.003564, 0.003564, 0.003564, 0.003564, 0.003564, 0.003564, 0.003564, 0.003564, 0.003564, 0.003564, 0.003564, 0.003564, 0.003564, 0.003564, 0.003564, 0.003564, 0.003564, 0.003564, 0.003564, 0.003564, 0.003564, 0.003564, 0.003564, 0.003564, 0.003564, 0.003564, 0.003564, 0.003564, 0.003564, 0.003564, 0.003564, 0.003564, 0.003564, 0.003564, 0.003564, 0.003564, 0.003564, 0.003564, 0.003564, 0.003564, 0.003564, 0.003564, 0.003564, 0.003564, 0.003564, 0.003564, 0.003564, 0.003564, 0.003564, 0.003564, 0.003564, 0.003564, 0.003564, 0.003564, 0.003564, 0.003564, 0.003564, 0.003564, 0.003564, 0.003564, 0.003564, 0.003564, 0.003564, 0.003564, 0.003564, 0.003564, 0.003564, 0.003564, 0.003564, 0.003564, 0.003564, 0.003564, 0.003564, 0.003564, 0.003564, 0.003564, 0.003564, 0.003564, 0.003564, 0.003564, 0.003564, 0.003564, 0.003564, 0.003564, 0.003564, 0.003564, 0.003564, 0.003564, 0.003564, 0.003564, 0.003564, 0.003564, 0.003564, 0.003564, 0.003564, 0.003564, 0.003564, 0.003564, 0.003564, 0.003564, 0.003564, 0.003564, 0.003564, 0.003564, 0.003564, 0.003564, 0.003564, 0.003564, 0.003564, 0.003564, 0.003564, 0.003564, 0.003564, 0.003564, 0.003564, 0.003564, 0.003564, 0.003564, 0.003564, 0.003564, 0.003564, 0.003564, 0.003564, 0.003564, 0.003564, 0.003564, 0.003564, 0.003564, 0.003564, 0.003564, 0.003564, 0.003564, 0.003564, 0.003564, 0.003564, 0.003564, 0.003564, 0.003564, 0.003564, 0.003564, 0.003564, 0.003564, 0.003564, 0.003564, 0.003564, 0.003564, 0.003564, 0.003564, 0.003564, 0.003564, 0.003564, 0.003564, 0.003564, 0.003564, 0.003564, 0.003564, 0.003564, 0.003564, 0.003564, 0.003564, 0.003564, 0.003564, 0.003564, 0.003564, 0.003564, 0.003564, 0.003564, 0.003564, 0.003564, 0.003564, 0.003564, 0.003564, 0.003564, 0.003564, 0.003564, 0.003564, 0.003564, 0.003564, 0.003564, 0.003564, 0.003564, 0.003564, 0.003564, 0.003564, 0.003564, 0.003564, 0.003564, 0.003564, 0.003564, 0.003564, 0.003564, 0.003564, 0.003564, 0.003564, 0.003564, 0.003564, 0.003564, 0.003564, 0.003564, 0.003564, 0.003564, 0.003564, 0.003564, 0.003564, 0.003564, 0.003564, 0.003564, 0.003564, 0.003564, 0.003564, 0.003564, 0.003564, 0.003564, 0.003564, 0.003564, 0.003564, 0.003564, 0.003564, 0.003564, 0.003564, 0.003564, 0.003564, 0.003564, 0.003564, 0.003564, 0.003564, 0.003564, 0.003564, 0.003564, 0.003564, 0.003564, 0.003564, 0.003564, 0.003564, 0.003564, 0.003564, 0.003564, 0.003564, 0.003564, 0.003564, 0.003564, 0.003564, 0.003564, 0.003564, 0.003564, 0.003564, 0.003564, 0.003564, 0.003564, 0.003564, 0.003564, 0.003564, 0.003564, 0.003564, 0.003564, 0.003564, 0.003564, 0.003564, 0.003564, 0.003564, 0.003564, 0.003564, 0.003564, 0.003564, 0.003564, 0.003564, 0.003564, 0.003564, 0.003564, 0.003564, 0.003564, 0.003564, 0.003564, 0.003564, 0.003564, 0.003564, 0.003564, 0.003564, 0.003564, 0.003564, 0.003564, 0.003564, 0.003564, 0.003564, 0.003564, 0.003564, 0.003564, 0.003564, 0.003564, 0.003564, 0.003564, 0.003564, 0.003564, 0.003564]
    }

    def Xform "Gas"
    {
        def FlowSimulate "flowSimulate"
        {
            float densityCellSize = 0.1
            int layer = 0
            float stepsPerSecond = 30

            def FlowAdvectionCombustionParams "advection"
            {
                float buoyancyMaxSmoke = 1
                float buoyancyPerTemp = 0.3
                bool combustionEnabled = 0
                float3 gravity = (0, 0, -1)

                def FlowAdvectionChannelParams "smoke"
                {
                    float damping = 0.02
                    float fade = 0
                }

                def FlowAdvectionChannelParams "velocity"
                {
                    float damping = 0.1
                    float fade = 0.5
                }

                def FlowAdvectionChannelParams "temperature"
                {
                    float damping = 0
                    float fade = 0
                }
            }

            def FlowVorticityParams "vorticity"
            {
                float forceScale = 0.6
            }

            def FlowSummaryAllocateParams "summaryAllocate"
            {
                float smokeThreshold = 0.005
            }
        }

        def FlowOffscreen "flowOffscreen"
        {
            int layer = 0

            def FlowRayMarchColormapParams "colormap"
            {
                float colorScale = 1.5
                float4[] rgbaPoints = [(0, 0, 0, 0), (0.175, 0.7, 0.056, 0.4), (0.25, 1, 0.08, 0.7), (0.25, 1, 0.08, 0.9), (0.325, 1.3, 0.104, 1)]
                float[] xPoints = [0, 0.04, 0.15, 0.4, 1]
            }

            def FlowShadowParams "shadow"
            {
                float attenuation = 1
                float3 lightDirection = (0.3, 0.3, 1)
            }
        }

        def FlowRender "flowRender"
        {
            int layer = 0

            def FlowRayMarchParams "rayMarch"
            {
                float attenuation = 1
                float stepSizeScale = 0.75
            }
        }

        def FlowEmitterSphere "SpillFumes"
        {
            float coupleRateFuel = 0
            float coupleRateSmoke = 6
            float coupleRateTemperature = 2
            float coupleRateVelocity = 2
            bool enabled.timeSamples = {
                0: 0,
                59: 0,
                60: 1,
            }
            float fuel = 0
            int layer = 0
            float3 position = (-5.1, 3.55, -2.75)
            float radius = 0.25
            bool radiusIsWorldSpace = 1
            float smoke = 1
            float temperature = 0.8
            float3 velocity = (0, 0, 0.4)
            bool velocityIsWorldSpace = 1
        }

        def FlowEmitterBox "VentWest"
        {
            float coupleRateFuel = 0
            float coupleRateSmoke = 4
            float coupleRateTemperature = 2
            float coupleRateVelocity = 2
            bool enabled.timeSamples = {
                0: 0,
                119: 0,
                120: 1,
            }
            float fuel = 0
            float3 halfSize = (0.15, 6, 0.12)
            int layer = 0
            float3 position = (-10.6, 2, -2.6)
            float smoke = 1
            float temperature = 0.7
            float3 velocity = (0, 0, 0.3)
            bool velocityIsWorldSpace = 1
        }

        def FlowEmitterBox "VentEast"
        {
            float coupleRateFuel = 0
            float coupleRateSmoke = 4
            float coupleRateTemperature = 2
            float coupleRateVelocity = 2
            bool enabled.timeSamples = {
                0: 0,
                119: 0,
                120: 1,
            }
            float fuel = 0
            float3 halfSize = (0.15, 6, 0.12)
            int layer = 0
            float3 position = (-0.4, 2, -2.6)
            float smoke = 1
            float temperature = 0.7
            float3 velocity = (0, 0, 0.3)
            bool velocityIsWorldSpace = 1
        }

        def FlowEmitterBox "VentSouth"
        {
            float coupleRateFuel = 0
            float coupleRateSmoke = 4
            float coupleRateTemperature = 2
            float coupleRateVelocity = 2
            bool enabled.timeSamples = {
                0: 0,
                119: 0,
                120: 1,
            }
            float fuel = 0
            float3 halfSize = (5, 0.15, 0.12)
            int layer = 0
            float3 position = (-5.5, -6.6, -2.6)
            float smoke = 1
            float temperature = 0.7
            float3 velocity = (0, 0, 0.3)
            bool velocityIsWorldSpace = 1
        }

        def FlowEmitterBox "VentNorth"
        {
            float coupleRateFuel = 0
            float coupleRateSmoke = 4
            float coupleRateTemperature = 2
            float coupleRateVelocity = 2
            bool enabled.timeSamples = {
                0: 0,
                119: 0,
                120: 1,
            }
            float fuel = 0
            float3 halfSize = (5, 0.15, 0.12)
            int layer = 0
            float3 position = (-5.5, 10.9, -2.6)
            float smoke = 1
            float temperature = 0.7
            float3 velocity = (0, 0, 0.3)
            bool velocityIsWorldSpace = 1
        }

        def FlowEmitterBox "RoomFill"
        {
            float coupleRateFuel = 0
            float coupleRateSmoke = 0.6
            float coupleRateTemperature = 2
            float coupleRateVelocity = 2
            bool enabled.timeSamples = {
                0: 0,
                119: 0,
                120: 1,
            }
            float fuel = 0
            float3 halfSize = (5.3, 9, 1.1)
            int layer = 0
            float3 position = (-5.5, 2.2, -1.6)
            float smoke = 0.15
            float temperature = 0.5
            float3 velocity = (0, 0, 0.02)
            bool velocityIsWorldSpace = 1
        }
    }

    def Xform "Siren"
    {
        def SphereLight "StrobeAisle"
        {
            color3f inputs:color = (1, 0.05, 0.02)
            float inputs:intensity.timeSamples = {
                0: 0,
                119: 0,
                120: 4000000,
                134: 4000000,
                135: 0,
                169: 0,
                170: 4000000,
                184: 4000000,
                185: 0,
                219: 0,
                220: 4000000,
                234: 4000000,
                235: 0,
                269: 0,
                270: 4000000,
                284: 4000000,
                285: 0,
                319: 0,
                320: 4000000,
                334: 4000000,
                335: 0,
                369: 0,
                370: 4000000,
                384: 4000000,
                385: 0,
                419: 0,
                420: 4000000,
                434: 4000000,
                435: 0,
                469: 0,
                470: 4000000,
                484: 4000000,
                485: 0,
                519: 0,
                520: 4000000,
                534: 4000000,
                535: 0,
                569: 0,
                570: 4000000,
                584: 4000000,
                585: 0,
                619: 0,
                620: 4000000,
                634: 4000000,
                635: 0,
                669: 0,
                670: 4000000,
                684: 4000000,
                685: 0,
                719: 0,
                720: 4000000,
                734: 4000000,
                735: 0,
                769: 0,
                770: 4000000,
                784: 4000000,
                785: 0,
                819: 0,
                820: 4000000,
                834: 4000000,
                835: 0,
                869: 0,
                870: 4000000,
                884: 4000000,
                885: 0,
                919: 0,
                920: 4000000,
                934: 4000000,
                935: 0,
                969: 0,
                970: 4000000,
                984: 4000000,
                985: 0,
                1019: 0,
                1020: 4000000,
                1034: 4000000,
                1035: 0,
                1069: 0,
                1070: 4000000,
                1084: 4000000,
                1085: 0,
                1119: 0,
                1120: 4000000,
                1134: 4000000,
                1135: 0,
                1169: 0,
                1170: 4000000,
                1184: 4000000,
                1185: 0,
                1219: 0,
                1220: 4000000,
                1234: 4000000,
                1235: 0,
                1269: 0,
                1270: 4000000,
                1284: 4000000,
                1285: 0,
                1319: 0,
                1320: 4000000,
                1334: 4000000,
                1335: 0,
                1369: 0,
                1370: 4000000,
                1384: 4000000,
                1385: 0,
                1419: 0,
                1420: 4000000,
                1434: 4000000,
                1435: 0,
                1469: 0,
                1470: 4000000,
                1484: 4000000,
                1485: 0,
                1519: 0,
                1520: 4000000,
                1534: 4000000,
                1535: 0,
                1569: 0,
                1570: 4000000,
                1584: 4000000,
                1585: 0,
                1619: 0,
                1620: 4000000,
                1634: 4000000,
                1635: 0,
                1669: 0,
                1670: 4000000,
                1684: 4000000,
                1685: 0,
                1719: 0,
                1720: 4000000,
                1734: 4000000,
                1735: 0,
                1769: 0,
                1770: 4000000,
                1784: 4000000,
                1785: 0,
                1819: 0,
                1820: 4000000,
                1834: 4000000,
                1835: 0,
                1869: 0,
                1870: 4000000,
                1884: 4000000,
                1885: 0,
                1919: 0,
                1920: 4000000,
                1934: 4000000,
                1935: 0,
                1969: 0,
                1970: 4000000,
                1984: 4000000,
                1985: 0,
                2019: 0,
                2020: 4000000,
                2034: 4000000,
                2035: 0,
                2069: 0,
                2070: 4000000,
                2084: 4000000,
                2085: 0,
                2119: 0,
                2120: 4000000,
                2134: 4000000,
                2135: 0,
                2169: 0,
                2170: 4000000,
                2184: 4000000,
                2185: 0,
                2219: 0,
                2220: 4000000,
                2234: 4000000,
                2235: 0,
                2269: 0,
                2270: 4000000,
                2284: 4000000,
                2285: 0,
                2319: 0,
                2320: 4000000,
                2334: 4000000,
                2335: 0,
                2369: 0,
                2370: 4000000,
                2384: 4000000,
                2385: 0,
                2419: 0,
                2420: 4000000,
                2434: 4000000,
                2435: 0,
                2469: 0,
                2470: 4000000,
                2484: 4000000,
                2485: 0,
                2519: 0,
                2520: 4000000,
                2534: 4000000,
                2535: 0,
                2569: 0,
                2570: 4000000,
                2584: 4000000,
                2585: 0,
                2619: 0,
                2620: 4000000,
                2634: 4000000,
                2635: 0,
                2669: 0,
                2670: 4000000,
                2684: 4000000,
                2685: 0,
                2719: 0,
                2720: 4000000,
                2734: 4000000,
                2735: 0,
                2769: 0,
                2770: 4000000,
                2784: 4000000,
                2785: 0,
                2819: 0,
                2820: 4000000,
                2834: 4000000,
                2835: 0,
                2869: 0,
                2870: 4000000,
                2884: 4000000,
                2885: 0,
                2919: 0,
                2920: 4000000,
                2934: 4000000,
                2935: 0,
                2969: 0,
                2970: 4000000,
                2984: 4000000,
                2985: 0,
                3019: 0,
                3020: 4000000,
                3034: 4000000,
                3035: 0,
                3069: 0,
                3070: 4000000,
                3084: 4000000,
                3085: 0,
                3119: 0,
                3120: 4000000,
                3134: 4000000,
                3135: 0,
                3169: 0,
                3170: 4000000,
                3184: 4000000,
                3185: 0,
                3219: 0,
                3220: 4000000,
                3234: 4000000,
                3235: 0,
                3269: 0,
                3270: 4000000,
                3284: 4000000,
                3285: 0,
                3319: 0,
                3320: 4000000,
                3334: 4000000,
                3335: 0,
                3369: 0,
                3370: 4000000,
                3384: 4000000,
                3385: 0,
                3419: 0,
                3420: 4000000,
                3434: 4000000,
                3435: 0,
                3469: 0,
                3470: 4000000,
                3484: 4000000,
                3485: 0,
                3519: 0,
                3520: 4000000,
                3534: 4000000,
                3535: 0,
                3569: 0,
                3570: 4000000,
                3584: 4000000,
                3585: 0,
                3619: 0,
                3620: 4000000,
                3634: 4000000,
                3635: 0,
                3669: 0,
                3670: 4000000,
                3684: 4000000,
                3685: 0,
                3719: 0,
                3720: 4000000,
                3734: 4000000,
                3735: 0,
                3769: 0,
                3770: 4000000,
                3784: 4000000,
                3785: 0,
                3819: 0,
                3820: 4000000,
                3834: 4000000,
                3835: 0,
                3869: 0,
                3870: 4000000,
                3884: 4000000,
                3885: 0,
                3919: 0,
                3920: 4000000,
                3934: 4000000,
                3935: 0,
                3969: 0,
                3970: 4000000,
                3984: 4000000,
                3985: 0,
                4019: 0,
                4020: 4000000,
                4034: 4000000,
                4035: 0,
                4069: 0,
                4070: 4000000,
                4084: 4000000,
                4085: 0,
                4119: 0,
                4120: 4000000,
                4134: 4000000,
                4135: 0,
                4169: 0,
                4170: 4000000,
                4184: 4000000,
                4185: 0,
                4219: 0,
                4220: 4000000,
                4234: 4000000,
                4235: 0,
                4269: 0,
                4270: 4000000,
                4284: 4000000,
                4285: 0,
                4319: 0,
                4320: 4000000,
                4334: 4000000,
                4335: 0,
                4369: 0,
                4370: 4000000,
                4384: 4000000,
                4385: 0,
                4419: 0,
                4420: 4000000,
                4434: 4000000,
                4435: 0,
                4469: 0,
                4470: 4000000,
                4484: 4000000,
                4485: 0,
                4519: 0,
                4520: 4000000,
                4534: 4000000,
                4535: 0,
                4569: 0,
                4570: 4000000,
                4584: 4000000,
                4585: 0,
                4619: 0,
                4620: 4000000,
                4634: 4000000,
                4635: 0,
                4669: 0,
                4670: 4000000,
                4684: 4000000,
                4685: 0,
                4719: 0,
                4720: 4000000,
                4734: 4000000,
                4735: 0,
                4769: 0,
                4770: 4000000,
                4784: 4000000,
                4785: 0,
                4819: 0,
                4820: 4000000,
                4834: 4000000,
                4835: 0,
                4869: 0,
                4870: 4000000,
                4884: 4000000,
                4885: 0,
                4919: 0,
                4920: 4000000,
                4934: 4000000,
                4935: 0,
                4969: 0,
                4970: 4000000,
                4984: 4000000,
                4985: 0,
                5019: 0,
                5020: 4000000,
                5034: 4000000,
                5035: 0,
                5069: 0,
                5070: 4000000,
                5084: 4000000,
                5085: 0,
                5119: 0,
                5120: 4000000,
                5134: 4000000,
                5135: 0,
                5169: 0,
                5170: 4000000,
                5184: 4000000,
                5185: 0,
                5219: 0,
                5220: 4000000,
                5234: 4000000,
                5235: 0,
                5269: 0,
                5270: 4000000,
                5284: 4000000,
                5285: 0,
                5319: 0,
                5320: 4000000,
                5334: 4000000,
                5335: 0,
                5369: 0,
                5370: 4000000,
                5384: 4000000,
                5385: 0,
                5419: 0,
                5420: 4000000,
                5434: 4000000,
                5435: 0,
                5469: 0,
                5470: 4000000,
                5484: 4000000,
                5485: 0,
                5519: 0,
                5520: 4000000,
                5534: 4000000,
                5535: 0,
                5569: 0,
                5570: 4000000,
                5584: 4000000,
                5585: 0,
                5619: 0,
                5620: 4000000,
                5634: 4000000,
                5635: 0,
                5669: 0,
                5670: 4000000,
                5684: 4000000,
                5685: 0,
                5719: 0,
                5720: 4000000,
                5734: 4000000,
                5735: 0,
                5769: 0,
                5770: 4000000,
                5784: 4000000,
                5785: 0,
                5819: 0,
                5820: 4000000,
                5834: 4000000,
                5835: 0,
                5869: 0,
                5870: 4000000,
                5884: 4000000,
                5885: 0,
                5919: 0,
                5920: 4000000,
                5934: 4000000,
                5935: 0,
                5969: 0,
                5970: 4000000,
                5984: 4000000,
                5985: 0,
                6019: 0,
                6020: 4000000,
                6034: 4000000,
                6035: 0,
                6069: 0,
                6070: 4000000,
                6084: 4000000,
                6085: 0,
                6119: 0,
                6120: 4000000,
                6134: 4000000,
                6135: 0,
                6169: 0,
                6170: 4000000,
                6184: 4000000,
                6185: 0,
                6219: 0,
                6220: 4000000,
                6234: 4000000,
                6235: 0,
                6269: 0,
                6270: 4000000,
                6284: 4000000,
                6285: 0,
                6319: 0,
                6320: 4000000,
                6334: 4000000,
                6335: 0,
                6369: 0,
                6370: 4000000,
                6384: 4000000,
                6385: 0,
                6419: 0,
                6420: 4000000,
                6434: 4000000,
                6435: 0,
                6469: 0,
                6470: 4000000,
                6484: 4000000,
                6485: 0,
                6519: 0,
                6520: 4000000,
                6534: 4000000,
                6535: 0,
                6569: 0,
                6570: 4000000,
                6584: 4000000,
                6585: 0,
                6619: 0,
                6620: 4000000,
                6634: 4000000,
                6635: 0,
                6669: 0,
                6670: 4000000,
                6684: 4000000,
                6685: 0,
                6719: 0,
                6720: 4000000,
                6734: 4000000,
                6735: 0,
                6769: 0,
                6770: 4000000,
                6784: 4000000,
                6785: 0,
                6819: 0,
                6820: 4000000,
                6834: 4000000,
                6835: 0,
                6869: 0,
                6870: 4000000,
                6884: 4000000,
                6885: 0,
                6919: 0,
                6920: 4000000,
                6934: 4000000,
                6935: 0,
                6969: 0,
                6970: 4000000,
                6984: 4000000,
                6985: 0,
                7019: 0,
                7020: 4000000,
                7034: 4000000,
                7035: 0,
                7069: 0,
                7070: 4000000,
                7084: 4000000,
                7085: 0,
                7119: 0,
                7120: 4000000,
                7134: 4000000,
                7135: 0,
                7169: 0,
                7170: 4000000,
                7184: 4000000,
                7185: 0,
                7219: 0,
                7220: 4000000,
                7234: 4000000,
                7235: 0,
                7269: 0,
                7270: 4000000,
                7284: 4000000,
                7285: 0,
                7319: 0,
                7320: 4000000,
                7334: 4000000,
                7335: 0,
                7369: 0,
                7370: 4000000,
                7384: 4000000,
                7385: 0,
                7419: 0,
                7420: 4000000,
                7434: 4000000,
                7435: 0,
                7469: 0,
                7470: 4000000,
                7484: 4000000,
                7485: 0,
                7519: 0,
                7520: 4000000,
                7534: 4000000,
                7535: 0,
                7569: 0,
                7570: 4000000,
                7584: 4000000,
                7585: 0,
                7619: 0,
                7620: 4000000,
                7634: 4000000,
                7635: 0,
                7669: 0,
                7670: 4000000,
                7684: 4000000,
                7685: 0,
                7719: 0,
                7720: 4000000,
                7734: 4000000,
                7735: 0,
                7769: 0,
                7770: 4000000,
                7784: 4000000,
                7785: 0,
                7819: 0,
                7820: 4000000,
                7834: 4000000,
                7835: 0,
                7869: 0,
                7870: 4000000,
                7884: 4000000,
                7885: 0,
                7919: 0,
                7920: 4000000,
                7934: 4000000,
                7935: 0,
                7969: 0,
                7970: 4000000,
                7984: 4000000,
                7985: 0,
                8019: 0,
                8020: 4000000,
                8034: 4000000,
                8035: 0,
                8069: 0,
                8070: 4000000,
                8084: 4000000,
                8085: 0,
                8119: 0,
                8120: 4000000,
                8134: 4000000,
                8135: 0,
                8169: 0,
                8170: 4000000,
                8184: 4000000,
                8185: 0,
                8219: 0,
                8220: 4000000,
                8234: 4000000,
                8235: 0,
                8269: 0,
                8270: 4000000,
                8284: 4000000,
                8285: 0,
                8319: 0,
                8320: 4000000,
                8334: 4000000,
                8335: 0,
                8369: 0,
                8370: 4000000,
                8384: 4000000,
                8385: 0,
                8419: 0,
                8420: 4000000,
                8434: 4000000,
                8435: 0,
                8469: 0,
                8470: 4000000,
                8484: 4000000,
                8485: 0,
                8519: 0,
                8520: 4000000,
                8534: 4000000,
                8535: 0,
                8569: 0,
                8570: 4000000,
                8584: 4000000,
                8585: 0,
                8619: 0,
                8620: 4000000,
                8634: 4000000,
                8635: 0,
                8669: 0,
                8670: 4000000,
                8684: 4000000,
                8685: 0,
                8719: 0,
                8720: 4000000,
                8734: 4000000,
                8735: 0,
                8769: 0,
                8770: 4000000,
                8784: 4000000,
                8785: 0,
                8819: 0,
                8820: 4000000,
                8834: 4000000,
                8835: 0,
                8869: 0,
                8870: 4000000,
                8884: 4000000,
                8885: 0,
                8919: 0,
                8920: 4000000,
                8934: 4000000,
                8935: 0,
                8969: 0,
                8970: 4000000,
                8984: 4000000,
                8985: 0,
                9019: 0,
                9020: 4000000,
                9034: 4000000,
                9035: 0,
                9069: 0,
                9070: 4000000,
                9084: 4000000,
                9085: 0,
                9119: 0,
                9120: 4000000,
                9134: 4000000,
                9135: 0,
                9169: 0,
                9170: 4000000,
                9184: 4000000,
                9185: 0,
                9219: 0,
                9220: 4000000,
                9234: 4000000,
                9235: 0,
                9269: 0,
                9270: 4000000,
                9284: 4000000,
                9285: 0,
                9319: 0,
                9320: 4000000,
                9334: 4000000,
                9335: 0,
                9369: 0,
                9370: 4000000,
                9384: 4000000,
                9385: 0,
                9419: 0,
                9420: 4000000,
                9434: 4000000,
                9435: 0,
                9469: 0,
                9470: 4000000,
                9484: 4000000,
                9485: 0,
                9519: 0,
                9520: 4000000,
                9534: 4000000,
                9535: 0,
                9569: 0,
                9570: 4000000,
                9584: 4000000,
                9585: 0,
                9619: 0,
                9620: 4000000,
                9634: 4000000,
                9635: 0,
                9669: 0,
                9670: 4000000,
                9684: 4000000,
                9685: 0,
                9719: 0,
                9720: 4000000,
                9734: 4000000,
                9735: 0,
                9769: 0,
                9770: 4000000,
                9784: 4000000,
                9785: 0,
                9819: 0,
                9820: 4000000,
                9834: 4000000,
                9835: 0,
                9869: 0,
                9870: 4000000,
                9884: 4000000,
                9885: 0,
                9919: 0,
                9920: 4000000,
                9934: 4000000,
                9935: 0,
                9969: 0,
                9970: 4000000,
                9984: 4000000,
                9985: 0,
                10019: 0,
                10020: 4000000,
                10034: 4000000,
                10035: 0,
                10069: 0,
                10070: 4000000,
                10084: 4000000,
                10085: 0,
                10119: 0,
                10120: 4000000,
                10134: 4000000,
                10135: 0,
                10169: 0,
                10170: 4000000,
                10184: 4000000,
                10185: 0,
                10219: 0,
                10220: 4000000,
                10234: 4000000,
                10235: 0,
                10269: 0,
                10270: 4000000,
                10284: 4000000,
                10285: 0,
                10319: 0,
                10320: 4000000,
                10334: 4000000,
                10335: 0,
                10369: 0,
                10370: 4000000,
                10384: 4000000,
                10385: 0,
                10419: 0,
                10420: 4000000,
                10434: 4000000,
                10435: 0,
                10469: 0,
                10470: 4000000,
                10484: 4000000,
                10485: 0,
                10519: 0,
                10520: 4000000,
                10534: 4000000,
                10535: 0,
                10569: 0,
                10570: 4000000,
                10584: 4000000,
                10585: 0,
                10619: 0,
                10620: 4000000,
                10634: 4000000,
                10635: 0,
                10669: 0,
                10670: 4000000,
                10684: 4000000,
                10685: 0,
                10719: 0,
                10720: 4000000,
                10734: 4000000,
                10735: 0,
                10769: 0,
                10770: 4000000,
                10784: 4000000,
                10785: 0,
                10819: 0,
                10820: 4000000,
                10834: 4000000,
                10835: 0,
                10869: 0,
                10870: 4000000,
                10884: 4000000,
                10885: 0,
                10919: 0,
                10920: 4000000,
                10934: 4000000,
                10935: 0,
                10969: 0,
                10970: 4000000,
                10984: 4000000,
                10985: 0,
                11019: 0,
                11020: 4000000,
                11034: 4000000,
                11035: 0,
                11069: 0,
                11070: 4000000,
                11084: 4000000,
                11085: 0,
                11119: 0,
                11120: 4000000,
                11134: 4000000,
                11135: 0,
                11169: 0,
                11170: 4000000,
                11184: 4000000,
                11185: 0,
                11219: 0,
                11220: 4000000,
                11234: 4000000,
                11235: 0,
                11269: 0,
                11270: 4000000,
                11284: 4000000,
                11285: 0,
                11319: 0,
                11320: 4000000,
                11334: 4000000,
                11335: 0,
                11369: 0,
                11370: 4000000,
                11384: 4000000,
                11385: 0,
                11419: 0,
                11420: 4000000,
                11434: 4000000,
                11435: 0,
                11469: 0,
                11470: 4000000,
                11484: 4000000,
                11485: 0,
                11519: 0,
                11520: 4000000,
                11534: 4000000,
                11535: 0,
                11569: 0,
                11570: 4000000,
                11584: 4000000,
                11585: 0,
                11619: 0,
                11620: 4000000,
                11634: 4000000,
                11635: 0,
                11669: 0,
                11670: 4000000,
                11684: 4000000,
                11685: 0,
                11719: 0,
                11720: 4000000,
                11734: 4000000,
                11735: 0,
                11769: 0,
                11770: 4000000,
                11784: 4000000,
                11785: 0,
                11819: 0,
                11820: 4000000,
                11834: 4000000,
                11835: 0,
                11869: 0,
                11870: 4000000,
                11884: 4000000,
                11885: 0,
                11919: 0,
                11920: 4000000,
                11934: 4000000,
                11935: 0,
                11969: 0,
                11970: 4000000,
                11984: 4000000,
                11985: 0,
                12019: 0,
                12020: 4000000,
                12034: 4000000,
                12035: 0,
                12069: 0,
                12070: 4000000,
                12084: 4000000,
                12085: 0,
                12119: 0,
                12120: 4000000,
                12134: 4000000,
                12135: 0,
                12169: 0,
                12170: 4000000,
                12184: 4000000,
                12185: 0,
                12219: 0,
                12220: 4000000,
                12234: 4000000,
                12235: 0,
                12269: 0,
                12270: 4000000,
                12284: 4000000,
                12285: 0,
                12319: 0,
                12320: 4000000,
                12334: 4000000,
                12335: 0,
                12369: 0,
                12370: 4000000,
                12384: 4000000,
                12385: 0,
                12419: 0,
                12420: 4000000,
                12434: 4000000,
                12435: 0,
                12469: 0,
                12470: 4000000,
                12484: 4000000,
                12485: 0,
                12519: 0,
                12520: 4000000,
                12534: 4000000,
                12535: 0,
                12569: 0,
                12570: 4000000,
                12584: 4000000,
                12585: 0,
                12619: 0,
                12620: 4000000,
                12634: 4000000,
                12635: 0,
                12669: 0,
                12670: 4000000,
                12684: 4000000,
                12685: 0,
                12719: 0,
                12720: 4000000,
                12734: 4000000,
                12735: 0,
                12769: 0,
                12770: 4000000,
                12784: 4000000,
                12785: 0,
                12819: 0,
                12820: 4000000,
                12834: 4000000,
                12835: 0,
                12869: 0,
                12870: 4000000,
                12884: 4000000,
                12885: 0,
                12919: 0,
                12920: 4000000,
                12934: 4000000,
                12935: 0,
                12969: 0,
                12970: 4000000,
                12984: 4000000,
                12985: 0,
                13019: 0,
                13020: 4000000,
                13034: 4000000,
                13035: 0,
                13069: 0,
                13070: 4000000,
                13084: 4000000,
                13085: 0,
                13119: 0,
                13120: 4000000,
                13134: 4000000,
                13135: 0,
                13169: 0,
                13170: 4000000,
                13184: 4000000,
                13185: 0,
                13219: 0,
                13220: 4000000,
                13234: 4000000,
                13235: 0,
                13269: 0,
                13270: 4000000,
                13284: 4000000,
                13285: 0,
                13319: 0,
                13320: 4000000,
                13334: 4000000,
                13335: 0,
                13369: 0,
                13370: 4000000,
                13384: 4000000,
                13385: 0,
                13419: 0,
                13420: 4000000,
                13434: 4000000,
                13435: 0,
                13469: 0,
                13470: 4000000,
                13484: 4000000,
                13485: 0,
                13519: 0,
                13520: 4000000,
                13534: 4000000,
                13535: 0,
                13569: 0,
                13570: 4000000,
                13584: 4000000,
                13585: 0,
                13619: 0,
                13620: 4000000,
                13634: 4000000,
                13635: 0,
                13669: 0,
                13670: 4000000,
                13684: 4000000,
                13685: 0,
                13719: 0,
                13720: 4000000,
                13734: 4000000,
                13735: 0,
                13769: 0,
                13770: 4000000,
                13784: 4000000,
                13785: 0,
                13819: 0,
                13820: 4000000,
                13834: 4000000,
                13835: 0,
                13869: 0,
                13870: 4000000,
                13884: 4000000,
                13885: 0,
                13919: 0,
                13920: 4000000,
                13934: 4000000,
                13935: 0,
                13969: 0,
                13970: 4000000,
                13984: 4000000,
                13985: 0,
                14019: 0,
                14020: 4000000,
                14034: 4000000,
                14035: 0,
                14069: 0,
                14070: 4000000,
                14084: 4000000,
                14085: 0,
                14119: 0,
                14120: 4000000,
                14134: 4000000,
                14135: 0,
                14169: 0,
                14170: 4000000,
                14184: 4000000,
                14185: 0,
                14219: 0,
                14220: 4000000,
                14234: 4000000,
                14235: 0,
                14269: 0,
                14270: 4000000,
                14284: 4000000,
                14285: 0,
                14319: 0,
                14320: 4000000,
                14334: 4000000,
                14335: 0,
                14369: 0,
                14370: 4000000,
                14384: 4000000,
                14385: 0,
                14419: 0,
                14420: 4000000,
                14434: 4000000,
                14435: 0,
                14469: 0,
                14470: 4000000,
                14484: 4000000,
                14485: 0,
                14519: 0,
                14520: 4000000,
                14534: 4000000,
                14535: 0,
                14569: 0,
                14570: 4000000,
                14584: 4000000,
                14585: 0,
                14619: 0,
                14620: 4000000,
                14634: 4000000,
                14635: 0,
                14669: 0,
                14670: 4000000,
                14684: 4000000,
                14685: 0,
                14719: 0,
                14720: 4000000,
                14734: 4000000,
                14735: 0,
                14769: 0,
                14770: 4000000,
                14784: 4000000,
                14785: 0,
                14819: 0,
                14820: 4000000,
                14834: 4000000,
                14835: 0,
                14869: 0,
                14870: 4000000,
                14884: 4000000,
                14885: 0,
                14919: 0,
                14920: 4000000,
                14934: 4000000,
                14935: 0,
                14969: 0,
                14970: 4000000,
                14984: 4000000,
                14985: 0,
                15019: 0,
                15020: 4000000,
                15034: 4000000,
                15035: 0,
                15069: 0,
                15070: 4000000,
                15084: 4000000,
                15085: 0,
                15119: 0,
                15120: 4000000,
                15134: 4000000,
                15135: 0,
                15169: 0,
                15170: 4000000,
                15184: 4000000,
                15185: 0,
                15219: 0,
                15220: 4000000,
                15234: 4000000,
                15235: 0,
                15269: 0,
                15270: 4000000,
                15284: 4000000,
                15285: 0,
                15319: 0,
                15320: 4000000,
                15334: 4000000,
                15335: 0,
                15369: 0,
                15370: 4000000,
                15384: 4000000,
                15385: 0,
                15419: 0,
                15420: 4000000,
                15434: 4000000,
                15435: 0,
                15469: 0,
                15470: 4000000,
                15484: 4000000,
                15485: 0,
                15519: 0,
                15520: 4000000,
                15534: 4000000,
                15535: 0,
                15569: 0,
                15570: 4000000,
                15584: 4000000,
                15585: 0,
                15619: 0,
                15620: 4000000,
                15634: 4000000,
                15635: 0,
                15669: 0,
                15670: 4000000,
                15684: 4000000,
                15685: 0,
                15719: 0,
                15720: 4000000,
                15734: 4000000,
                15735: 0,
                15769: 0,
                15770: 4000000,
                15784: 4000000,
                15785: 0,
                15819: 0,
                15820: 4000000,
                15834: 4000000,
                15835: 0,
                15869: 0,
                15870: 4000000,
                15884: 4000000,
                15885: 0,
                15919: 0,
                15920: 4000000,
                15934: 4000000,
                15935: 0,
                15969: 0,
                15970: 4000000,
                15984: 4000000,
                15985: 0,
                16019: 0,
                16020: 4000000,
                16034: 4000000,
                16035: 0,
                16069: 0,
                16070: 4000000,
                16084: 4000000,
                16085: 0,
                16119: 0,
                16120: 4000000,
                16134: 4000000,
                16135: 0,
                16169: 0,
                16170: 4000000,
                16184: 4000000,
                16185: 0,
                16219: 0,
                16220: 4000000,
                16234: 4000000,
                16235: 0,
                16269: 0,
                16270: 4000000,
                16284: 4000000,
                16285: 0,
                16319: 0,
                16320: 4000000,
                16334: 4000000,
                16335: 0,
                16369: 0,
                16370: 4000000,
                16384: 4000000,
                16385: 0,
                16419: 0,
                16420: 4000000,
                16434: 4000000,
                16435: 0,
                16469: 0,
                16470: 4000000,
                16484: 4000000,
                16485: 0,
                16519: 0,
                16520: 4000000,
                16534: 4000000,
                16535: 0,
                16569: 0,
                16570: 4000000,
                16584: 4000000,
                16585: 0,
                16619: 0,
                16620: 4000000,
                16634: 4000000,
                16635: 0,
                16669: 0,
                16670: 4000000,
                16684: 4000000,
                16685: 0,
                16719: 0,
                16720: 4000000,
                16734: 4000000,
                16735: 0,
                16769: 0,
                16770: 4000000,
                16784: 4000000,
                16785: 0,
                16819: 0,
                16820: 4000000,
                16834: 4000000,
                16835: 0,
                16869: 0,
                16870: 4000000,
                16884: 4000000,
                16885: 0,
                16919: 0,
                16920: 4000000,
                16934: 4000000,
                16935: 0,
                16969: 0,
                16970: 4000000,
                16984: 4000000,
                16985: 0,
                17019: 0,
                17020: 4000000,
                17034: 4000000,
                17035: 0,
                17069: 0,
                17070: 4000000,
                17084: 4000000,
                17085: 0,
                17119: 0,
                17120: 4000000,
                17134: 4000000,
                17135: 0,
                17169: 0,
                17170: 4000000,
                17184: 4000000,
                17185: 0,
                17219: 0,
                17220: 4000000,
                17234: 4000000,
                17235: 0,
                17269: 0,
                17270: 4000000,
                17284: 4000000,
                17285: 0,
                17319: 0,
                17320: 4000000,
                17334: 4000000,
                17335: 0,
                17369: 0,
                17370: 4000000,
                17384: 4000000,
                17385: 0,
                17419: 0,
                17420: 4000000,
                17434: 4000000,
                17435: 0,
                17469: 0,
                17470: 4000000,
                17484: 4000000,
                17485: 0,
                17519: 0,
                17520: 4000000,
                17534: 4000000,
                17535: 0,
                17569: 0,
                17570: 4000000,
                17584: 4000000,
                17585: 0,
                17619: 0,
                17620: 4000000,
                17634: 4000000,
                17635: 0,
                17669: 0,
                17670: 4000000,
                17684: 4000000,
                17685: 0,
                17719: 0,
                17720: 4000000,
                17734: 4000000,
                17735: 0,
                17769: 0,
                17770: 4000000,
                17784: 4000000,
                17785: 0,
                17819: 0,
                17820: 4000000,
                17834: 4000000,
                17835: 0,
                17869: 0,
                17870: 4000000,
                17884: 4000000,
                17885: 0,
                17919: 0,
                17920: 4000000,
                17934: 4000000,
                17935: 0,
                17969: 0,
                17970: 4000000,
                17984: 4000000,
                17985: 0,
                18019: 0,
                18020: 4000000,
                18034: 4000000,
                18035: 0,
                18069: 0,
                18070: 4000000,
                18084: 4000000,
                18085: 0,
                18119: 0,
                18120: 4000000,
                18134: 4000000,
                18135: 0,
                18169: 0,
                18170: 4000000,
                18184: 4000000,
                18185: 0,
                18219: 0,
                18220: 4000000,
                18234: 4000000,
                18235: 0,
                18269: 0,
                18270: 4000000,
                18284: 4000000,
                18285: 0,
                18319: 0,
                18320: 4000000,
                18334: 4000000,
                18335: 0,
                18369: 0,
                18370: 4000000,
                18384: 4000000,
                18385: 0,
                18419: 0,
                18420: 4000000,
                18434: 4000000,
                18435: 0,
                18469: 0,
                18470: 4000000,
                18484: 4000000,
                18485: 0,
                18519: 0,
                18520: 4000000,
                18534: 4000000,
                18535: 0,
                18569: 0,
                18570: 4000000,
                18584: 4000000,
                18585: 0,
                18619: 0,
                18620: 4000000,
                18634: 4000000,
                18635: 0,
                18669: 0,
                18670: 4000000,
                18684: 4000000,
                18685: 0,
                18719: 0,
                18720: 4000000,
                18734: 4000000,
                18735: 0,
                18769: 0,
                18770: 4000000,
                18784: 4000000,
                18785: 0,
                18819: 0,
                18820: 4000000,
                18834: 4000000,
                18835: 0,
                18869: 0,
                18870: 4000000,
                18884: 4000000,
                18885: 0,
                18919: 0,
                18920: 4000000,
                18934: 4000000,
                18935: 0,
                18969: 0,
                18970: 4000000,
                18984: 4000000,
                18985: 0,
                19019: 0,
                19020: 4000000,
                19034: 4000000,
                19035: 0,
                19069: 0,
                19070: 4000000,
                19084: 4000000,
                19085: 0,
                19119: 0,
                19120: 4000000,
                19134: 4000000,
                19135: 0,
                19169: 0,
                19170: 4000000,
                19184: 4000000,
                19185: 0,
                19219: 0,
                19220: 4000000,
                19234: 4000000,
                19235: 0,
                19269: 0,
                19270: 4000000,
                19284: 4000000,
                19285: 0,
                19319: 0,
                19320: 4000000,
                19334: 4000000,
                19335: 0,
                19369: 0,
                19370: 4000000,
                19384: 4000000,
                19385: 0,
                19419: 0,
                19420: 4000000,
                19434: 4000000,
                19435: 0,
                19469: 0,
                19470: 4000000,
                19484: 4000000,
                19485: 0,
                19519: 0,
                19520: 4000000,
                19534: 4000000,
                19535: 0,
                19569: 0,
                19570: 4000000,
                19584: 4000000,
                19585: 0,
                19619: 0,
                19620: 4000000,
                19634: 4000000,
                19635: 0,
                19669: 0,
                19670: 4000000,
                19684: 4000000,
                19685: 0,
                19719: 0,
                19720: 4000000,
                19734: 4000000,
                19735: 0,
                19769: 0,
                19770: 4000000,
                19784: 4000000,
                19785: 0,
                19819: 0,
                19820: 4000000,
                19834: 4000000,
                19835: 0,
                19869: 0,
                19870: 4000000,
                19884: 4000000,
                19885: 0,
                19919: 0,
                19920: 4000000,
                19934: 4000000,
                19935: 0,
                19969: 0,
                19970: 4000000,
                19984: 4000000,
                19985: 0,
                20019: 0,
                20020: 4000000,
                20034: 4000000,
                20035: 0,
                20069: 0,
                20070: 4000000,
                20084: 4000000,
                20085: 0,
                20119: 0,
                20120: 4000000,
                20134: 4000000,
                20135: 0,
                20169: 0,
                20170: 4000000,
                20184: 4000000,
                20185: 0,
                20219: 0,
                20220: 4000000,
                20234: 4000000,
                20235: 0,
                20269: 0,
                20270: 4000000,
                20284: 4000000,
                20285: 0,
                20319: 0,
                20320: 4000000,
                20334: 4000000,
                20335: 0,
                20369: 0,
                20370: 4000000,
                20384: 4000000,
                20385: 0,
                20419: 0,
                20420: 4000000,
                20434: 4000000,
                20435: 0,
                20469: 0,
                20470: 4000000,
                20484: 4000000,
                20485: 0,
                20519: 0,
                20520: 4000000,
                20534: 4000000,
                20535: 0,
                20569: 0,
                20570: 4000000,
                20584: 4000000,
                20585: 0,
                20619: 0,
                20620: 4000000,
                20634: 4000000,
                20635: 0,
                20669: 0,
                20670: 4000000,
                20684: 4000000,
                20685: 0,
                20719: 0,
                20720: 4000000,
                20734: 4000000,
                20735: 0,
                20769: 0,
                20770: 4000000,
                20784: 4000000,
                20785: 0,
                20819: 0,
                20820: 4000000,
                20834: 4000000,
                20835: 0,
                20869: 0,
                20870: 4000000,
                20884: 4000000,
                20885: 0,
                20919: 0,
                20920: 4000000,
                20934: 4000000,
                20935: 0,
                20969: 0,
                20970: 4000000,
                20984: 4000000,
                20985: 0,
                21019: 0,
                21020: 4000000,
                21034: 4000000,
                21035: 0,
                21069: 0,
                21070: 4000000,
                21084: 4000000,
                21085: 0,
                21119: 0,
                21120: 4000000,
                21134: 4000000,
                21135: 0,
                21169: 0,
                21170: 4000000,
                21184: 4000000,
                21185: 0,
                21219: 0,
                21220: 4000000,
                21234: 4000000,
                21235: 0,
                21269: 0,
                21270: 4000000,
                21284: 4000000,
                21285: 0,
                21319: 0,
                21320: 4000000,
                21334: 4000000,
                21335: 0,
                21369: 0,
                21370: 4000000,
                21384: 4000000,
                21385: 0,
                21419: 0,
                21420: 4000000,
                21434: 4000000,
                21435: 0,
                21469: 0,
                21470: 4000000,
                21484: 4000000,
                21485: 0,
                21519: 0,
                21520: 4000000,
                21534: 4000000,
                21535: 0,
                21569: 0,
                21570: 4000000,
                21584: 4000000,
                21585: 0,
                21619: 0,
                21620: 4000000,
                21634: 4000000,
                21635: 0,
                21669: 0,
                21670: 4000000,
                21684: 4000000,
                21685: 0,
                21719: 0,
                21720: 4000000,
                21734: 4000000,
                21735: 0,
                21769: 0,
                21770: 4000000,
                21784: 4000000,
                21785: 0,
                21819: 0,
                21820: 4000000,
                21834: 4000000,
                21835: 0,
                21869: 0,
                21870: 4000000,
                21884: 4000000,
                21885: 0,
                21919: 0,
                21920: 4000000,
                21934: 4000000,
                21935: 0,
                21969: 0,
                21970: 4000000,
                21984: 4000000,
                21985: 0,
                22019: 0,
                22020: 4000000,
                22034: 4000000,
                22035: 0,
                22069: 0,
                22070: 4000000,
                22084: 4000000,
                22085: 0,
                22119: 0,
                22120: 4000000,
                22134: 4000000,
                22135: 0,
                22169: 0,
                22170: 4000000,
                22184: 4000000,
                22185: 0,
                22219: 0,
                22220: 4000000,
                22234: 4000000,
                22235: 0,
                22269: 0,
                22270: 4000000,
                22284: 4000000,
                22285: 0,
                22319: 0,
                22320: 4000000,
                22334: 4000000,
                22335: 0,
                22369: 0,
                22370: 4000000,
                22384: 4000000,
                22385: 0,
                22419: 0,
                22420: 4000000,
                22434: 4000000,
                22435: 0,
                22469: 0,
                22470: 4000000,
                22484: 4000000,
                22485: 0,
                22519: 0,
                22520: 4000000,
                22534: 4000000,
                22535: 0,
                22569: 0,
                22570: 4000000,
                22584: 4000000,
                22585: 0,
                22619: 0,
                22620: 4000000,
                22634: 4000000,
                22635: 0,
                22669: 0,
                22670: 4000000,
                22684: 4000000,
                22685: 0,
                22719: 0,
                22720: 4000000,
                22734: 4000000,
                22735: 0,
                22769: 0,
                22770: 4000000,
                22784: 4000000,
                22785: 0,
                22819: 0,
                22820: 4000000,
                22834: 4000000,
                22835: 0,
                22869: 0,
                22870: 4000000,
                22884: 4000000,
                22885: 0,
                22919: 0,
                22920: 4000000,
                22934: 4000000,
                22935: 0,
                22969: 0,
                22970: 4000000,
                22984: 4000000,
                22985: 0,
                23019: 0,
                23020: 4000000,
                23034: 4000000,
                23035: 0,
                23069: 0,
                23070: 4000000,
                23084: 4000000,
                23085: 0,
                23119: 0,
                23120: 4000000,
                23134: 4000000,
                23135: 0,
                23169: 0,
                23170: 4000000,
                23184: 4000000,
                23185: 0,
                23219: 0,
                23220: 4000000,
                23234: 4000000,
                23235: 0,
                23269: 0,
                23270: 4000000,
                23284: 4000000,
                23285: 0,
                23319: 0,
                23320: 4000000,
                23334: 4000000,
                23335: 0,
                23369: 0,
                23370: 4000000,
                23384: 4000000,
                23385: 0,
                23419: 0,
                23420: 4000000,
                23434: 4000000,
                23435: 0,
                23469: 0,
                23470: 4000000,
                23484: 4000000,
                23485: 0,
                23519: 0,
                23520: 4000000,
                23534: 4000000,
                23535: 0,
                23569: 0,
                23570: 4000000,
                23584: 4000000,
                23585: 0,
                23619: 0,
                23620: 4000000,
                23634: 4000000,
                23635: 0,
                23669: 0,
                23670: 4000000,
                23684: 4000000,
                23685: 0,
                23719: 0,
                23720: 4000000,
                23734: 4000000,
                23735: 0,
                23769: 0,
                23770: 4000000,
                23784: 4000000,
                23785: 0,
                23819: 0,
                23820: 4000000,
                23834: 4000000,
                23835: 0,
                23869: 0,
                23870: 4000000,
                23884: 4000000,
                23885: 0,
                23919: 0,
                23920: 4000000,
                23934: 4000000,
                23935: 0,
                23969: 0,
                23970: 4000000,
                23984: 4000000,
                23985: 0,
                24019: 0,
                24020: 4000000,
                24034: 4000000,
                24035: 0,
                24069: 0,
                24070: 4000000,
                24084: 4000000,
                24085: 0,
                24119: 0,
                24120: 4000000,
                24134: 4000000,
                24135: 0,
                24169: 0,
                24170: 4000000,
                24184: 4000000,
                24185: 0,
                24219: 0,
                24220: 4000000,
                24234: 4000000,
                24235: 0,
                24269: 0,
                24270: 4000000,
                24284: 4000000,
                24285: 0,
                24319: 0,
                24320: 4000000,
                24334: 4000000,
                24335: 0,
                24369: 0,
                24370: 4000000,
                24384: 4000000,
                24385: 0,
                24419: 0,
                24420: 4000000,
                24434: 4000000,
                24435: 0,
                24469: 0,
                24470: 4000000,
                24484: 4000000,
                24485: 0,
                24519: 0,
                24520: 4000000,
                24534: 4000000,
                24535: 0,
                24569: 0,
                24570: 4000000,
                24584: 4000000,
                24585: 0,
                24619: 0,
                24620: 4000000,
                24634: 4000000,
                24635: 0,
                24669: 0,
                24670: 4000000,
                24684: 4000000,
                24685: 0,
                24719: 0,
                24720: 4000000,
                24734: 4000000,
                24735: 0,
                24769: 0,
                24770: 4000000,
                24784: 4000000,
                24785: 0,
                24819: 0,
                24820: 4000000,
                24834: 4000000,
                24835: 0,
                24869: 0,
                24870: 4000000,
                24884: 4000000,
                24885: 0,
                24919: 0,
                24920: 4000000,
                24934: 4000000,
                24935: 0,
                24969: 0,
                24970: 4000000,
                24984: 4000000,
                24985: 0,
                25019: 0,
                25020: 4000000,
                25034: 4000000,
                25035: 0,
                25069: 0,
                25070: 4000000,
                25084: 4000000,
                25085: 0,
                25119: 0,
                25120: 4000000,
                25134: 4000000,
                25135: 0,
                25169: 0,
                25170: 4000000,
                25184: 4000000,
                25185: 0,
                25219: 0,
                25220: 4000000,
                25234: 4000000,
                25235: 0,
                25269: 0,
                25270: 4000000,
                25284: 4000000,
                25285: 0,
                25319: 0,
                25320: 4000000,
                25334: 4000000,
                25335: 0,
                25369: 0,
                25370: 4000000,
                25384: 4000000,
                25385: 0,
                25419: 0,
                25420: 4000000,
                25434: 4000000,
                25435: 0,
                25469: 0,
                25470: 4000000,
                25484: 4000000,
                25485: 0,
                25519: 0,
                25520: 4000000,
                25534: 4000000,
                25535: 0,
                25569: 0,
                25570: 4000000,
                25584: 4000000,
                25585: 0,
                25619: 0,
                25620: 4000000,
                25634: 4000000,
                25635: 0,
                25669: 0,
                25670: 4000000,
                25684: 4000000,
                25685: 0,
                25719: 0,
                25720: 4000000,
                25734: 4000000,
                25735: 0,
                25769: 0,
                25770: 4000000,
                25784: 4000000,
                25785: 0,
                25819: 0,
                25820: 4000000,
                25834: 4000000,
                25835: 0,
                25869: 0,
                25870: 4000000,
                25884: 4000000,
                25885: 0,
                25919: 0,
                25920: 4000000,
                25934: 4000000,
                25935: 0,
                25969: 0,
                25970: 4000000,
                25984: 4000000,
                25985: 0,
                26019: 0,
                26020: 4000000,
                26034: 4000000,
                26035: 0,
                26069: 0,
                26070: 4000000,
                26084: 4000000,
                26085: 0,
                26119: 0,
                26120: 4000000,
                26134: 4000000,
                26135: 0,
                26169: 0,
                26170: 4000000,
                26184: 4000000,
                26185: 0,
                26219: 0,
                26220: 4000000,
                26234: 4000000,
                26235: 0,
                26269: 0,
                26270: 4000000,
                26284: 4000000,
                26285: 0,
                26319: 0,
                26320: 4000000,
                26334: 4000000,
                26335: 0,
                26369: 0,
                26370: 4000000,
                26384: 4000000,
                26385: 0,
                26419: 0,
                26420: 4000000,
                26434: 4000000,
                26435: 0,
                26469: 0,
                26470: 4000000,
                26484: 4000000,
                26485: 0,
                26519: 0,
                26520: 4000000,
                26534: 4000000,
                26535: 0,
                26569: 0,
                26570: 4000000,
                26584: 4000000,
                26585: 0,
                26619: 0,
                26620: 4000000,
                26634: 4000000,
                26635: 0,
                26669: 0,
                26670: 4000000,
                26684: 4000000,
                26685: 0,
                26719: 0,
                26720: 4000000,
                26734: 4000000,
                26735: 0,
                26769: 0,
                26770: 4000000,
                26784: 4000000,
                26785: 0,
                26819: 0,
                26820: 4000000,
                26834: 4000000,
                26835: 0,
                26869: 0,
                26870: 4000000,
                26884: 4000000,
                26885: 0,
                26919: 0,
                26920: 4000000,
                26934: 4000000,
                26935: 0,
                26969: 0,
                26970: 4000000,
                26984: 4000000,
                26985: 0,
                27019: 0,
                27020: 4000000,
                27034: 4000000,
                27035: 0,
                27069: 0,
                27070: 4000000,
                27084: 4000000,
                27085: 0,
                27119: 0,
                27120: 4000000,
                27134: 4000000,
                27135: 0,
                27169: 0,
                27170: 4000000,
                27184: 4000000,
                27185: 0,
                27219: 0,
                27220: 4000000,
                27234: 4000000,
                27235: 0,
                27269: 0,
                27270: 4000000,
                27284: 4000000,
                27285: 0,
                27319: 0,
                27320: 4000000,
                27334: 4000000,
                27335: 0,
                27369: 0,
                27370: 4000000,
                27384: 4000000,
                27385: 0,
                27419: 0,
                27420: 4000000,
                27434: 4000000,
                27435: 0,
                27469: 0,
                27470: 4000000,
                27484: 4000000,
                27485: 0,
                27519: 0,
                27520: 4000000,
                27534: 4000000,
                27535: 0,
                27569: 0,
                27570: 4000000,
                27584: 4000000,
                27585: 0,
                27619: 0,
                27620: 4000000,
                27634: 4000000,
                27635: 0,
                27669: 0,
                27670: 4000000,
                27684: 4000000,
                27685: 0,
                27719: 0,
                27720: 4000000,
                27734: 4000000,
                27735: 0,
                27769: 0,
                27770: 4000000,
                27784: 4000000,
                27785: 0,
                27819: 0,
                27820: 4000000,
                27834: 4000000,
                27835: 0,
                27869: 0,
                27870: 4000000,
                27884: 4000000,
                27885: 0,
                27919: 0,
                27920: 4000000,
                27934: 4000000,
                27935: 0,
                27969: 0,
                27970: 4000000,
                27984: 4000000,
                27985: 0,
                28019: 0,
                28020: 4000000,
                28034: 4000000,
                28035: 0,
                28069: 0,
                28070: 4000000,
                28084: 4000000,
                28085: 0,
                28119: 0,
                28120: 4000000,
                28134: 4000000,
                28135: 0,
                28169: 0,
                28170: 4000000,
                28184: 4000000,
                28185: 0,
                28219: 0,
                28220: 4000000,
                28234: 4000000,
                28235: 0,
                28269: 0,
                28270: 4000000,
                28284: 4000000,
                28285: 0,
                28319: 0,
                28320: 4000000,
                28334: 4000000,
                28335: 0,
                28369: 0,
                28370: 4000000,
                28384: 4000000,
                28385: 0,
                28419: 0,
                28420: 4000000,
                28434: 4000000,
                28435: 0,
                28469: 0,
                28470: 4000000,
                28484: 4000000,
                28485: 0,
                28519: 0,
                28520: 4000000,
                28534: 4000000,
                28535: 0,
                28569: 0,
                28570: 4000000,
                28584: 4000000,
                28585: 0,
                28619: 0,
                28620: 4000000,
                28634: 4000000,
                28635: 0,
                28669: 0,
                28670: 4000000,
                28684: 4000000,
                28685: 0,
                28719: 0,
                28720: 4000000,
                28734: 4000000,
                28735: 0,
                28769: 0,
                28770: 4000000,
                28784: 4000000,
                28785: 0,
                28819: 0,
                28820: 4000000,
                28834: 4000000,
                28835: 0,
                28869: 0,
                28870: 4000000,
                28884: 4000000,
                28885: 0,
                28919: 0,
                28920: 4000000,
                28934: 4000000,
                28935: 0,
                28969: 0,
                28970: 4000000,
                28984: 4000000,
                28985: 0,
                29019: 0,
                29020: 4000000,
                29034: 4000000,
                29035: 0,
                29069: 0,
                29070: 4000000,
                29084: 4000000,
                29085: 0,
                29119: 0,
                29120: 4000000,
                29134: 4000000,
                29135: 0,
                29169: 0,
                29170: 4000000,
                29184: 4000000,
                29185: 0,
                29219: 0,
                29220: 4000000,
                29234: 4000000,
                29235: 0,
                29269: 0,
                29270: 4000000,
                29284: 4000000,
                29285: 0,
                29319: 0,
                29320: 4000000,
                29334: 4000000,
                29335: 0,
                29369: 0,
                29370: 4000000,
                29384: 4000000,
                29385: 0,
                29419: 0,
                29420: 4000000,
                29434: 4000000,
                29435: 0,
                29469: 0,
                29470: 4000000,
                29484: 4000000,
                29485: 0,
                29519: 0,
                29520: 4000000,
                29534: 4000000,
                29535: 0,
                29569: 0,
                29570: 4000000,
                29584: 4000000,
                29585: 0,
                29619: 0,
                29620: 4000000,
                29634: 4000000,
                29635: 0,
                29669: 0,
                29670: 4000000,
                29684: 4000000,
                29685: 0,
                29719: 0,
                29720: 4000000,
                29734: 4000000,
                29735: 0,
                29769: 0,
                29770: 4000000,
                29784: 4000000,
                29785: 0,
                29819: 0,
                29820: 4000000,
                29834: 4000000,
                29835: 0,
                29869: 0,
                29870: 4000000,
                29884: 4000000,
                29885: 0,
                29919: 0,
                29920: 4000000,
                29934: 4000000,
                29935: 0,
                29969: 0,
                29970: 4000000,
                29984: 4000000,
                29985: 0,
                30019: 0,
                30020: 4000000,
                30034: 4000000,
                30035: 0,
                30069: 0,
                30070: 4000000,
                30084: 4000000,
                30085: 0,
                30119: 0,
                30120: 4000000,
                30134: 4000000,
                30135: 0,
                30169: 0,
                30170: 4000000,
                30184: 4000000,
                30185: 0,
                30219: 0,
                30220: 4000000,
                30234: 4000000,
                30235: 0,
                30269: 0,
                30270: 4000000,
                30284: 4000000,
                30285: 0,
                30319: 0,
                30320: 4000000,
                30334: 4000000,
                30335: 0,
                30369: 0,
                30370: 4000000,
                30384: 4000000,
                30385: 0,
                30419: 0,
                30420: 4000000,
                30434: 4000000,
                30435: 0,
                30469: 0,
                30470: 4000000,
                30484: 4000000,
                30485: 0,
                30519: 0,
                30520: 4000000,
                30534: 4000000,
                30535: 0,
                30569: 0,
                30570: 4000000,
                30584: 4000000,
                30585: 0,
                30619: 0,
                30620: 4000000,
                30634: 4000000,
                30635: 0,
                30669: 0,
                30670: 4000000,
                30684: 4000000,
                30685: 0,
                30719: 0,
                30720: 4000000,
                30734: 4000000,
                30735: 0,
                30769: 0,
                30770: 4000000,
                30784: 4000000,
                30785: 0,
                30819: 0,
                30820: 4000000,
                30834: 4000000,
                30835: 0,
                30869: 0,
                30870: 4000000,
                30884: 4000000,
                30885: 0,
                30919: 0,
                30920: 4000000,
                30934: 4000000,
                30935: 0,
                30969: 0,
                30970: 4000000,
                30984: 4000000,
                30985: 0,
                31019: 0,
                31020: 4000000,
                31034: 4000000,
                31035: 0,
                31069: 0,
                31070: 4000000,
                31084: 4000000,
                31085: 0,
                31119: 0,
                31120: 4000000,
                31134: 4000000,
                31135: 0,
                31169: 0,
                31170: 4000000,
                31184: 4000000,
                31185: 0,
                31219: 0,
                31220: 4000000,
                31234: 4000000,
                31235: 0,
                31269: 0,
                31270: 4000000,
                31284: 4000000,
                31285: 0,
                31319: 0,
                31320: 4000000,
                31334: 4000000,
                31335: 0,
                31369: 0,
                31370: 4000000,
                31384: 4000000,
                31385: 0,
                31419: 0,
                31420: 4000000,
                31434: 4000000,
                31435: 0,
                31469: 0,
                31470: 4000000,
                31484: 4000000,
                31485: 0,
                31519: 0,
                31520: 4000000,
                31534: 4000000,
                31535: 0,
                31569: 0,
                31570: 4000000,
                31584: 4000000,
                31585: 0,
                31619: 0,
                31620: 4000000,
                31634: 4000000,
                31635: 0,
                31669: 0,
                31670: 4000000,
                31684: 4000000,
                31685: 0,
                31719: 0,
                31720: 4000000,
                31734: 4000000,
                31735: 0,
                31769: 0,
                31770: 4000000,
                31784: 4000000,
                31785: 0,
                31819: 0,
                31820: 4000000,
                31834: 4000000,
                31835: 0,
                31869: 0,
                31870: 4000000,
                31884: 4000000,
                31885: 0,
                31919: 0,
                31920: 4000000,
                31934: 4000000,
                31935: 0,
                31969: 0,
                31970: 4000000,
                31984: 4000000,
                31985: 0,
                32019: 0,
                32020: 4000000,
                32034: 4000000,
                32035: 0,
                32069: 0,
                32070: 4000000,
                32084: 4000000,
                32085: 0,
                32119: 0,
                32120: 4000000,
                32134: 4000000,
                32135: 0,
                32169: 0,
                32170: 4000000,
                32184: 4000000,
                32185: 0,
                32219: 0,
                32220: 4000000,
                32234: 4000000,
                32235: 0,
                32269: 0,
                32270: 4000000,
                32284: 4000000,
                32285: 0,
                32319: 0,
                32320: 4000000,
                32334: 4000000,
                32335: 0,
                32369: 0,
                32370: 4000000,
                32384: 4000000,
                32385: 0,
                32419: 0,
                32420: 4000000,
                32434: 4000000,
                32435: 0,
                32469: 0,
                32470: 4000000,
                32484: 4000000,
                32485: 0,
                32519: 0,
                32520: 4000000,
                32534: 4000000,
                32535: 0,
                32569: 0,
                32570: 4000000,
                32584: 4000000,
                32585: 0,
                32619: 0,
                32620: 4000000,
                32634: 4000000,
                32635: 0,
                32669: 0,
                32670: 4000000,
                32684: 4000000,
                32685: 0,
                32719: 0,
                32720: 4000000,
                32734: 4000000,
                32735: 0,
                32769: 0,
                32770: 4000000,
                32784: 4000000,
                32785: 0,
                32819: 0,
                32820: 4000000,
                32834: 4000000,
                32835: 0,
                32869: 0,
                32870: 4000000,
                32884: 4000000,
                32885: 0,
                32919: 0,
                32920: 4000000,
                32934: 4000000,
                32935: 0,
                32969: 0,
                32970: 4000000,
                32984: 4000000,
                32985: 0,
                33019: 0,
                33020: 4000000,
                33034: 4000000,
                33035: 0,
                33069: 0,
                33070: 4000000,
                33084: 4000000,
                33085: 0,
                33119: 0,
                33120: 4000000,
                33134: 4000000,
                33135: 0,
                33169: 0,
                33170: 4000000,
                33184: 4000000,
                33185: 0,
                33219: 0,
                33220: 4000000,
                33234: 4000000,
                33235: 0,
                33269: 0,
                33270: 4000000,
                33284: 4000000,
                33285: 0,
                33319: 0,
                33320: 4000000,
                33334: 4000000,
                33335: 0,
                33369: 0,
                33370: 4000000,
                33384: 4000000,
                33385: 0,
                33419: 0,
                33420: 4000000,
                33434: 4000000,
                33435: 0,
                33469: 0,
                33470: 4000000,
                33484: 4000000,
                33485: 0,
                33519: 0,
                33520: 4000000,
                33534: 4000000,
                33535: 0,
                33569: 0,
                33570: 4000000,
                33584: 4000000,
                33585: 0,
                33619: 0,
                33620: 4000000,
                33634: 4000000,
                33635: 0,
                33669: 0,
                33670: 4000000,
                33684: 4000000,
                33685: 0,
                33719: 0,
                33720: 4000000,
                33734: 4000000,
                33735: 0,
                33769: 0,
                33770: 4000000,
                33784: 4000000,
                33785: 0,
                33819: 0,
                33820: 4000000,
                33834: 4000000,
                33835: 0,
                33869: 0,
                33870: 4000000,
                33884: 4000000,
                33885: 0,
                33919: 0,
                33920: 4000000,
                33934: 4000000,
                33935: 0,
                33969: 0,
                33970: 4000000,
                33984: 4000000,
                33985: 0,
                34019: 0,
                34020: 4000000,
                34034: 4000000,
                34035: 0,
                34069: 0,
                34070: 4000000,
                34084: 4000000,
                34085: 0,
                34119: 0,
                34120: 4000000,
                34134: 4000000,
                34135: 0,
                34169: 0,
                34170: 4000000,
                34184: 4000000,
                34185: 0,
                34219: 0,
                34220: 4000000,
                34234: 4000000,
                34235: 0,
                34269: 0,
                34270: 4000000,
                34284: 4000000,
                34285: 0,
                34319: 0,
                34320: 4000000,
                34334: 4000000,
                34335: 0,
                34369: 0,
                34370: 4000000,
                34384: 4000000,
                34385: 0,
                34419: 0,
                34420: 4000000,
                34434: 4000000,
                34435: 0,
                34469: 0,
                34470: 4000000,
                34484: 4000000,
                34485: 0,
                34519: 0,
                34520: 4000000,
                34534: 4000000,
                34535: 0,
                34569: 0,
                34570: 4000000,
                34584: 4000000,
                34585: 0,
                34619: 0,
                34620: 4000000,
                34634: 4000000,
                34635: 0,
                34669: 0,
                34670: 4000000,
                34684: 4000000,
                34685: 0,
                34719: 0,
                34720: 4000000,
                34734: 4000000,
                34735: 0,
                34769: 0,
                34770: 4000000,
                34784: 4000000,
                34785: 0,
                34819: 0,
                34820: 4000000,
                34834: 4000000,
                34835: 0,
                34869: 0,
                34870: 4000000,
                34884: 4000000,
                34885: 0,
                34919: 0,
                34920: 4000000,
                34934: 4000000,
                34935: 0,
                34969: 0,
                34970: 4000000,
                34984: 4000000,
                34985: 0,
                35019: 0,
                35020: 4000000,
                35034: 4000000,
                35035: 0,
                35069: 0,
                35070: 4000000,
                35084: 4000000,
                35085: 0,
                35119: 0,
                35120: 4000000,
                35134: 4000000,
                35135: 0,
                35169: 0,
                35170: 4000000,
                35184: 4000000,
                35185: 0,
                35219: 0,
                35220: 4000000,
                35234: 4000000,
                35235: 0,
                35269: 0,
                35270: 4000000,
                35284: 4000000,
                35285: 0,
                35319: 0,
                35320: 4000000,
                35334: 4000000,
                35335: 0,
                35369: 0,
                35370: 4000000,
                35384: 4000000,
                35385: 0,
                35419: 0,
                35420: 4000000,
                35434: 4000000,
                35435: 0,
                35469: 0,
                35470: 4000000,
                35484: 4000000,
                35485: 0,
                35519: 0,
                35520: 4000000,
                35534: 4000000,
                35535: 0,
                35569: 0,
                35570: 4000000,
                35584: 4000000,
                35585: 0,
                35619: 0,
                35620: 4000000,
                35634: 4000000,
                35635: 0,
                35669: 0,
                35670: 4000000,
                35684: 4000000,
                35685: 0,
                35719: 0,
                35720: 4000000,
                35734: 4000000,
                35735: 0,
                35769: 0,
                35770: 4000000,
                35784: 4000000,
                35785: 0,
                35819: 0,
                35820: 4000000,
                35834: 4000000,
                35835: 0,
                35869: 0,
                35870: 4000000,
                35884: 4000000,
                35885: 0,
                35919: 0,
                35920: 4000000,
                35934: 4000000,
                35935: 0,
                35969: 0,
                35970: 4000000,
                35984: 4000000,
                35985: 0,
                36019: 0,
            }
            float inputs:radius = 0.15
            double3 xformOp:translate = (-6.2, 3, 1.25)
            uniform token[] xformOpOrder = ["xformOp:translate"]

            def Sphere "Dome" (
                prepend apiSchemas = ["MaterialBindingAPI"]
            )
            {
                rel material:binding = </Looks/StrobeAisleDome>
                double radius = 0.1
            }
        }

        def SphereLight "StrobeBench"
        {
            color3f inputs:color = (1, 0.05, 0.02)
            float inputs:intensity.timeSamples = {
                0: 0,
                119: 0,
                120: 4000000,
                134: 4000000,
                135: 0,
                169: 0,
                170: 4000000,
                184: 4000000,
                185: 0,
                219: 0,
                220: 4000000,
                234: 4000000,
                235: 0,
                269: 0,
                270: 4000000,
                284: 4000000,
                285: 0,
                319: 0,
                320: 4000000,
                334: 4000000,
                335: 0,
                369: 0,
                370: 4000000,
                384: 4000000,
                385: 0,
                419: 0,
                420: 4000000,
                434: 4000000,
                435: 0,
                469: 0,
                470: 4000000,
                484: 4000000,
                485: 0,
                519: 0,
                520: 4000000,
                534: 4000000,
                535: 0,
                569: 0,
                570: 4000000,
                584: 4000000,
                585: 0,
                619: 0,
                620: 4000000,
                634: 4000000,
                635: 0,
                669: 0,
                670: 4000000,
                684: 4000000,
                685: 0,
                719: 0,
                720: 4000000,
                734: 4000000,
                735: 0,
                769: 0,
                770: 4000000,
                784: 4000000,
                785: 0,
                819: 0,
                820: 4000000,
                834: 4000000,
                835: 0,
                869: 0,
                870: 4000000,
                884: 4000000,
                885: 0,
                919: 0,
                920: 4000000,
                934: 4000000,
                935: 0,
                969: 0,
                970: 4000000,
                984: 4000000,
                985: 0,
                1019: 0,
                1020: 4000000,
                1034: 4000000,
                1035: 0,
                1069: 0,
                1070: 4000000,
                1084: 4000000,
                1085: 0,
                1119: 0,
                1120: 4000000,
                1134: 4000000,
                1135: 0,
                1169: 0,
                1170: 4000000,
                1184: 4000000,
                1185: 0,
                1219: 0,
                1220: 4000000,
                1234: 4000000,
                1235: 0,
                1269: 0,
                1270: 4000000,
                1284: 4000000,
                1285: 0,
                1319: 0,
                1320: 4000000,
                1334: 4000000,
                1335: 0,
                1369: 0,
                1370: 4000000,
                1384: 4000000,
                1385: 0,
                1419: 0,
                1420: 4000000,
                1434: 4000000,
                1435: 0,
                1469: 0,
                1470: 4000000,
                1484: 4000000,
                1485: 0,
                1519: 0,
                1520: 4000000,
                1534: 4000000,
                1535: 0,
                1569: 0,
                1570: 4000000,
                1584: 4000000,
                1585: 0,
                1619: 0,
                1620: 4000000,
                1634: 4000000,
                1635: 0,
                1669: 0,
                1670: 4000000,
                1684: 4000000,
                1685: 0,
                1719: 0,
                1720: 4000000,
                1734: 4000000,
                1735: 0,
                1769: 0,
                1770: 4000000,
                1784: 4000000,
                1785: 0,
                1819: 0,
                1820: 4000000,
                1834: 4000000,
                1835: 0,
                1869: 0,
                1870: 4000000,
                1884: 4000000,
                1885: 0,
                1919: 0,
                1920: 4000000,
                1934: 4000000,
                1935: 0,
                1969: 0,
                1970: 4000000,
                1984: 4000000,
                1985: 0,
                2019: 0,
                2020: 4000000,
                2034: 4000000,
                2035: 0,
                2069: 0,
                2070: 4000000,
                2084: 4000000,
                2085: 0,
                2119: 0,
                2120: 4000000,
                2134: 4000000,
                2135: 0,
                2169: 0,
                2170: 4000000,
                2184: 4000000,
                2185: 0,
                2219: 0,
                2220: 4000000,
                2234: 4000000,
                2235: 0,
                2269: 0,
                2270: 4000000,
                2284: 4000000,
                2285: 0,
                2319: 0,
                2320: 4000000,
                2334: 4000000,
                2335: 0,
                2369: 0,
                2370: 4000000,
                2384: 4000000,
                2385: 0,
                2419: 0,
                2420: 4000000,
                2434: 4000000,
                2435: 0,
                2469: 0,
                2470: 4000000,
                2484: 4000000,
                2485: 0,
                2519: 0,
                2520: 4000000,
                2534: 4000000,
                2535: 0,
                2569: 0,
                2570: 4000000,
                2584: 4000000,
                2585: 0,
                2619: 0,
                2620: 4000000,
                2634: 4000000,
                2635: 0,
                2669: 0,
                2670: 4000000,
                2684: 4000000,
                2685: 0,
                2719: 0,
                2720: 4000000,
                2734: 4000000,
                2735: 0,
                2769: 0,
                2770: 4000000,
                2784: 4000000,
                2785: 0,
                2819: 0,
                2820: 4000000,
                2834: 4000000,
                2835: 0,
                2869: 0,
                2870: 4000000,
                2884: 4000000,
                2885: 0,
                2919: 0,
                2920: 4000000,
                2934: 4000000,
                2935: 0,
                2969: 0,
                2970: 4000000,
                2984: 4000000,
                2985: 0,
                3019: 0,
                3020: 4000000,
                3034: 4000000,
                3035: 0,
                3069: 0,
                3070: 4000000,
                3084: 4000000,
                3085: 0,
                3119: 0,
                3120: 4000000,
                3134: 4000000,
                3135: 0,
                3169: 0,
                3170: 4000000,
                3184: 4000000,
                3185: 0,
                3219: 0,
                3220: 4000000,
                3234: 4000000,
                3235: 0,
                3269: 0,
                3270: 4000000,
                3284: 4000000,
                3285: 0,
                3319: 0,
                3320: 4000000,
                3334: 4000000,
                3335: 0,
                3369: 0,
                3370: 4000000,
                3384: 4000000,
                3385: 0,
                3419: 0,
                3420: 4000000,
                3434: 4000000,
                3435: 0,
                3469: 0,
                3470: 4000000,
                3484: 4000000,
                3485: 0,
                3519: 0,
                3520: 4000000,
                3534: 4000000,
                3535: 0,
                3569: 0,
                3570: 4000000,
                3584: 4000000,
                3585: 0,
                3619: 0,
                3620: 4000000,
                3634: 4000000,
                3635: 0,
                3669: 0,
                3670: 4000000,
                3684: 4000000,
                3685: 0,
                3719: 0,
                3720: 4000000,
                3734: 4000000,
                3735: 0,
                3769: 0,
                3770: 4000000,
                3784: 4000000,
                3785: 0,
                3819: 0,
                3820: 4000000,
                3834: 4000000,
                3835: 0,
                3869: 0,
                3870: 4000000,
                3884: 4000000,
                3885: 0,
                3919: 0,
                3920: 4000000,
                3934: 4000000,
                3935: 0,
                3969: 0,
                3970: 4000000,
                3984: 4000000,
                3985: 0,
                4019: 0,
                4020: 4000000,
                4034: 4000000,
                4035: 0,
                4069: 0,
                4070: 4000000,
                4084: 4000000,
                4085: 0,
                4119: 0,
                4120: 4000000,
                4134: 4000000,
                4135: 0,
                4169: 0,
                4170: 4000000,
                4184: 4000000,
                4185: 0,
                4219: 0,
                4220: 4000000,
                4234: 4000000,
                4235: 0,
                4269: 0,
                4270: 4000000,
                4284: 4000000,
                4285: 0,
                4319: 0,
                4320: 4000000,
                4334: 4000000,
                4335: 0,
                4369: 0,
                4370: 4000000,
                4384: 4000000,
                4385: 0,
                4419: 0,
                4420: 4000000,
                4434: 4000000,
                4435: 0,
                4469: 0,
                4470: 4000000,
                4484: 4000000,
                4485: 0,
                4519: 0,
                4520: 4000000,
                4534: 4000000,
                4535: 0,
                4569: 0,
                4570: 4000000,
                4584: 4000000,
                4585: 0,
                4619: 0,
                4620: 4000000,
                4634: 4000000,
                4635: 0,
                4669: 0,
                4670: 4000000,
                4684: 4000000,
                4685: 0,
                4719: 0,
                4720: 4000000,
                4734: 4000000,
                4735: 0,
                4769: 0,
                4770: 4000000,
                4784: 4000000,
                4785: 0,
                4819: 0,
                4820: 4000000,
                4834: 4000000,
                4835: 0,
                4869: 0,
                4870: 4000000,
                4884: 4000000,
                4885: 0,
                4919: 0,
                4920: 4000000,
                4934: 4000000,
                4935: 0,
                4969: 0,
                4970: 4000000,
                4984: 4000000,
                4985: 0,
                5019: 0,
                5020: 4000000,
                5034: 4000000,
                5035: 0,
                5069: 0,
                5070: 4000000,
                5084: 4000000,
                5085: 0,
                5119: 0,
                5120: 4000000,
                5134: 4000000,
                5135: 0,
                5169: 0,
                5170: 4000000,
                5184: 4000000,
                5185: 0,
                5219: 0,
                5220: 4000000,
                5234: 4000000,
                5235: 0,
                5269: 0,
                5270: 4000000,
                5284: 4000000,
                5285: 0,
                5319: 0,
                5320: 4000000,
                5334: 4000000,
                5335: 0,
                5369: 0,
                5370: 4000000,
                5384: 4000000,
                5385: 0,
                5419: 0,
                5420: 4000000,
                5434: 4000000,
                5435: 0,
                5469: 0,
                5470: 4000000,
                5484: 4000000,
                5485: 0,
                5519: 0,
                5520: 4000000,
                5534: 4000000,
                5535: 0,
                5569: 0,
                5570: 4000000,
                5584: 4000000,
                5585: 0,
                5619: 0,
                5620: 4000000,
                5634: 4000000,
                5635: 0,
                5669: 0,
                5670: 4000000,
                5684: 4000000,
                5685: 0,
                5719: 0,
                5720: 4000000,
                5734: 4000000,
                5735: 0,
                5769: 0,
                5770: 4000000,
                5784: 4000000,
                5785: 0,
                5819: 0,
                5820: 4000000,
                5834: 4000000,
                5835: 0,
                5869: 0,
                5870: 4000000,
                5884: 4000000,
                5885: 0,
                5919: 0,
                5920: 4000000,
                5934: 4000000,
                5935: 0,
                5969: 0,
                5970: 4000000,
                5984: 4000000,
                5985: 0,
                6019: 0,
                6020: 4000000,
                6034: 4000000,
                6035: 0,
                6069: 0,
                6070: 4000000,
                6084: 4000000,
                6085: 0,
                6119: 0,
                6120: 4000000,
                6134: 4000000,
                6135: 0,
                6169: 0,
                6170: 4000000,
                6184: 4000000,
                6185: 0,
                6219: 0,
                6220: 4000000,
                6234: 4000000,
                6235: 0,
                6269: 0,
                6270: 4000000,
                6284: 4000000,
                6285: 0,
                6319: 0,
                6320: 4000000,
                6334: 4000000,
                6335: 0,
                6369: 0,
                6370: 4000000,
                6384: 4000000,
                6385: 0,
                6419: 0,
                6420: 4000000,
                6434: 4000000,
                6435: 0,
                6469: 0,
                6470: 4000000,
                6484: 4000000,
                6485: 0,
                6519: 0,
                6520: 4000000,
                6534: 4000000,
                6535: 0,
                6569: 0,
                6570: 4000000,
                6584: 4000000,
                6585: 0,
                6619: 0,
                6620: 4000000,
                6634: 4000000,
                6635: 0,
                6669: 0,
                6670: 4000000,
                6684: 4000000,
                6685: 0,
                6719: 0,
                6720: 4000000,
                6734: 4000000,
                6735: 0,
                6769: 0,
                6770: 4000000,
                6784: 4000000,
                6785: 0,
                6819: 0,
                6820: 4000000,
                6834: 4000000,
                6835: 0,
                6869: 0,
                6870: 4000000,
                6884: 4000000,
                6885: 0,
                6919: 0,
                6920: 4000000,
                6934: 4000000,
                6935: 0,
                6969: 0,
                6970: 4000000,
                6984: 4000000,
                6985: 0,
                7019: 0,
                7020: 4000000,
                7034: 4000000,
                7035: 0,
                7069: 0,
                7070: 4000000,
                7084: 4000000,
                7085: 0,
                7119: 0,
                7120: 4000000,
                7134: 4000000,
                7135: 0,
                7169: 0,
                7170: 4000000,
                7184: 4000000,
                7185: 0,
                7219: 0,
                7220: 4000000,
                7234: 4000000,
                7235: 0,
                7269: 0,
                7270: 4000000,
                7284: 4000000,
                7285: 0,
                7319: 0,
                7320: 4000000,
                7334: 4000000,
                7335: 0,
                7369: 0,
                7370: 4000000,
                7384: 4000000,
                7385: 0,
                7419: 0,
                7420: 4000000,
                7434: 4000000,
                7435: 0,
                7469: 0,
                7470: 4000000,
                7484: 4000000,
                7485: 0,
                7519: 0,
                7520: 4000000,
                7534: 4000000,
                7535: 0,
                7569: 0,
                7570: 4000000,
                7584: 4000000,
                7585: 0,
                7619: 0,
                7620: 4000000,
                7634: 4000000,
                7635: 0,
                7669: 0,
                7670: 4000000,
                7684: 4000000,
                7685: 0,
                7719: 0,
                7720: 4000000,
                7734: 4000000,
                7735: 0,
                7769: 0,
                7770: 4000000,
                7784: 4000000,
                7785: 0,
                7819: 0,
                7820: 4000000,
                7834: 4000000,
                7835: 0,
                7869: 0,
                7870: 4000000,
                7884: 4000000,
                7885: 0,
                7919: 0,
                7920: 4000000,
                7934: 4000000,
                7935: 0,
                7969: 0,
                7970: 4000000,
                7984: 4000000,
                7985: 0,
                8019: 0,
                8020: 4000000,
                8034: 4000000,
                8035: 0,
                8069: 0,
                8070: 4000000,
                8084: 4000000,
                8085: 0,
                8119: 0,
                8120: 4000000,
                8134: 4000000,
                8135: 0,
                8169: 0,
                8170: 4000000,
                8184: 4000000,
                8185: 0,
                8219: 0,
                8220: 4000000,
                8234: 4000000,
                8235: 0,
                8269: 0,
                8270: 4000000,
                8284: 4000000,
                8285: 0,
                8319: 0,
                8320: 4000000,
                8334: 4000000,
                8335: 0,
                8369: 0,
                8370: 4000000,
                8384: 4000000,
                8385: 0,
                8419: 0,
                8420: 4000000,
                8434: 4000000,
                8435: 0,
                8469: 0,
                8470: 4000000,
                8484: 4000000,
                8485: 0,
                8519: 0,
                8520: 4000000,
                8534: 4000000,
                8535: 0,
                8569: 0,
                8570: 4000000,
                8584: 4000000,
                8585: 0,
                8619: 0,
                8620: 4000000,
                8634: 4000000,
                8635: 0,
                8669: 0,
                8670: 4000000,
                8684: 4000000,
                8685: 0,
                8719: 0,
                8720: 4000000,
                8734: 4000000,
                8735: 0,
                8769: 0,
                8770: 4000000,
                8784: 4000000,
                8785: 0,
                8819: 0,
                8820: 4000000,
                8834: 4000000,
                8835: 0,
                8869: 0,
                8870: 4000000,
                8884: 4000000,
                8885: 0,
                8919: 0,
                8920: 4000000,
                8934: 4000000,
                8935: 0,
                8969: 0,
                8970: 4000000,
                8984: 4000000,
                8985: 0,
                9019: 0,
                9020: 4000000,
                9034: 4000000,
                9035: 0,
                9069: 0,
                9070: 4000000,
                9084: 4000000,
                9085: 0,
                9119: 0,
                9120: 4000000,
                9134: 4000000,
                9135: 0,
                9169: 0,
                9170: 4000000,
                9184: 4000000,
                9185: 0,
                9219: 0,
                9220: 4000000,
                9234: 4000000,
                9235: 0,
                9269: 0,
                9270: 4000000,
                9284: 4000000,
                9285: 0,
                9319: 0,
                9320: 4000000,
                9334: 4000000,
                9335: 0,
                9369: 0,
                9370: 4000000,
                9384: 4000000,
                9385: 0,
                9419: 0,
                9420: 4000000,
                9434: 4000000,
                9435: 0,
                9469: 0,
                9470: 4000000,
                9484: 4000000,
                9485: 0,
                9519: 0,
                9520: 4000000,
                9534: 4000000,
                9535: 0,
                9569: 0,
                9570: 4000000,
                9584: 4000000,
                9585: 0,
                9619: 0,
                9620: 4000000,
                9634: 4000000,
                9635: 0,
                9669: 0,
                9670: 4000000,
                9684: 4000000,
                9685: 0,
                9719: 0,
                9720: 4000000,
                9734: 4000000,
                9735: 0,
                9769: 0,
                9770: 4000000,
                9784: 4000000,
                9785: 0,
                9819: 0,
                9820: 4000000,
                9834: 4000000,
                9835: 0,
                9869: 0,
                9870: 4000000,
                9884: 4000000,
                9885: 0,
                9919: 0,
                9920: 4000000,
                9934: 4000000,
                9935: 0,
                9969: 0,
                9970: 4000000,
                9984: 4000000,
                9985: 0,
                10019: 0,
                10020: 4000000,
                10034: 4000000,
                10035: 0,
                10069: 0,
                10070: 4000000,
                10084: 4000000,
                10085: 0,
                10119: 0,
                10120: 4000000,
                10134: 4000000,
                10135: 0,
                10169: 0,
                10170: 4000000,
                10184: 4000000,
                10185: 0,
                10219: 0,
                10220: 4000000,
                10234: 4000000,
                10235: 0,
                10269: 0,
                10270: 4000000,
                10284: 4000000,
                10285: 0,
                10319: 0,
                10320: 4000000,
                10334: 4000000,
                10335: 0,
                10369: 0,
                10370: 4000000,
                10384: 4000000,
                10385: 0,
                10419: 0,
                10420: 4000000,
                10434: 4000000,
                10435: 0,
                10469: 0,
                10470: 4000000,
                10484: 4000000,
                10485: 0,
                10519: 0,
                10520: 4000000,
                10534: 4000000,
                10535: 0,
                10569: 0,
                10570: 4000000,
                10584: 4000000,
                10585: 0,
                10619: 0,
                10620: 4000000,
                10634: 4000000,
                10635: 0,
                10669: 0,
                10670: 4000000,
                10684: 4000000,
                10685: 0,
                10719: 0,
                10720: 4000000,
                10734: 4000000,
                10735: 0,
                10769: 0,
                10770: 4000000,
                10784: 4000000,
                10785: 0,
                10819: 0,
                10820: 4000000,
                10834: 4000000,
                10835: 0,
                10869: 0,
                10870: 4000000,
                10884: 4000000,
                10885: 0,
                10919: 0,
                10920: 4000000,
                10934: 4000000,
                10935: 0,
                10969: 0,
                10970: 4000000,
                10984: 4000000,
                10985: 0,
                11019: 0,
                11020: 4000000,
                11034: 4000000,
                11035: 0,
                11069: 0,
                11070: 4000000,
                11084: 4000000,
                11085: 0,
                11119: 0,
                11120: 4000000,
                11134: 4000000,
                11135: 0,
                11169: 0,
                11170: 4000000,
                11184: 4000000,
                11185: 0,
                11219: 0,
                11220: 4000000,
                11234: 4000000,
                11235: 0,
                11269: 0,
                11270: 4000000,
                11284: 4000000,
                11285: 0,
                11319: 0,
                11320: 4000000,
                11334: 4000000,
                11335: 0,
                11369: 0,
                11370: 4000000,
                11384: 4000000,
                11385: 0,
                11419: 0,
                11420: 4000000,
                11434: 4000000,
                11435: 0,
                11469: 0,
                11470: 4000000,
                11484: 4000000,
                11485: 0,
                11519: 0,
                11520: 4000000,
                11534: 4000000,
                11535: 0,
                11569: 0,
                11570: 4000000,
                11584: 4000000,
                11585: 0,
                11619: 0,
                11620: 4000000,
                11634: 4000000,
                11635: 0,
                11669: 0,
                11670: 4000000,
                11684: 4000000,
                11685: 0,
                11719: 0,
                11720: 4000000,
                11734: 4000000,
                11735: 0,
                11769: 0,
                11770: 4000000,
                11784: 4000000,
                11785: 0,
                11819: 0,
                11820: 4000000,
                11834: 4000000,
                11835: 0,
                11869: 0,
                11870: 4000000,
                11884: 4000000,
                11885: 0,
                11919: 0,
                11920: 4000000,
                11934: 4000000,
                11935: 0,
                11969: 0,
                11970: 4000000,
                11984: 4000000,
                11985: 0,
                12019: 0,
                12020: 4000000,
                12034: 4000000,
                12035: 0,
                12069: 0,
                12070: 4000000,
                12084: 4000000,
                12085: 0,
                12119: 0,
                12120: 4000000,
                12134: 4000000,
                12135: 0,
                12169: 0,
                12170: 4000000,
                12184: 4000000,
                12185: 0,
                12219: 0,
                12220: 4000000,
                12234: 4000000,
                12235: 0,
                12269: 0,
                12270: 4000000,
                12284: 4000000,
                12285: 0,
                12319: 0,
                12320: 4000000,
                12334: 4000000,
                12335: 0,
                12369: 0,
                12370: 4000000,
                12384: 4000000,
                12385: 0,
                12419: 0,
                12420: 4000000,
                12434: 4000000,
                12435: 0,
                12469: 0,
                12470: 4000000,
                12484: 4000000,
                12485: 0,
                12519: 0,
                12520: 4000000,
                12534: 4000000,
                12535: 0,
                12569: 0,
                12570: 4000000,
                12584: 4000000,
                12585: 0,
                12619: 0,
                12620: 4000000,
                12634: 4000000,
                12635: 0,
                12669: 0,
                12670: 4000000,
                12684: 4000000,
                12685: 0,
                12719: 0,
                12720: 4000000,
                12734: 4000000,
                12735: 0,
                12769: 0,
                12770: 4000000,
                12784: 4000000,
                12785: 0,
                12819: 0,
                12820: 4000000,
                12834: 4000000,
                12835: 0,
                12869: 0,
                12870: 4000000,
                12884: 4000000,
                12885: 0,
                12919: 0,
                12920: 4000000,
                12934: 4000000,
                12935: 0,
                12969: 0,
                12970: 4000000,
                12984: 4000000,
                12985: 0,
                13019: 0,
                13020: 4000000,
                13034: 4000000,
                13035: 0,
                13069: 0,
                13070: 4000000,
                13084: 4000000,
                13085: 0,
                13119: 0,
                13120: 4000000,
                13134: 4000000,
                13135: 0,
                13169: 0,
                13170: 4000000,
                13184: 4000000,
                13185: 0,
                13219: 0,
                13220: 4000000,
                13234: 4000000,
                13235: 0,
                13269: 0,
                13270: 4000000,
                13284: 4000000,
                13285: 0,
                13319: 0,
                13320: 4000000,
                13334: 4000000,
                13335: 0,
                13369: 0,
                13370: 4000000,
                13384: 4000000,
                13385: 0,
                13419: 0,
                13420: 4000000,
                13434: 4000000,
                13435: 0,
                13469: 0,
                13470: 4000000,
                13484: 4000000,
                13485: 0,
                13519: 0,
                13520: 4000000,
                13534: 4000000,
                13535: 0,
                13569: 0,
                13570: 4000000,
                13584: 4000000,
                13585: 0,
                13619: 0,
                13620: 4000000,
                13634: 4000000,
                13635: 0,
                13669: 0,
                13670: 4000000,
                13684: 4000000,
                13685: 0,
                13719: 0,
                13720: 4000000,
                13734: 4000000,
                13735: 0,
                13769: 0,
                13770: 4000000,
                13784: 4000000,
                13785: 0,
                13819: 0,
                13820: 4000000,
                13834: 4000000,
                13835: 0,
                13869: 0,
                13870: 4000000,
                13884: 4000000,
                13885: 0,
                13919: 0,
                13920: 4000000,
                13934: 4000000,
                13935: 0,
                13969: 0,
                13970: 4000000,
                13984: 4000000,
                13985: 0,
                14019: 0,
                14020: 4000000,
                14034: 4000000,
                14035: 0,
                14069: 0,
                14070: 4000000,
                14084: 4000000,
                14085: 0,
                14119: 0,
                14120: 4000000,
                14134: 4000000,
                14135: 0,
                14169: 0,
                14170: 4000000,
                14184: 4000000,
                14185: 0,
                14219: 0,
                14220: 4000000,
                14234: 4000000,
                14235: 0,
                14269: 0,
                14270: 4000000,
                14284: 4000000,
                14285: 0,
                14319: 0,
                14320: 4000000,
                14334: 4000000,
                14335: 0,
                14369: 0,
                14370: 4000000,
                14384: 4000000,
                14385: 0,
                14419: 0,
                14420: 4000000,
                14434: 4000000,
                14435: 0,
                14469: 0,
                14470: 4000000,
                14484: 4000000,
                14485: 0,
                14519: 0,
                14520: 4000000,
                14534: 4000000,
                14535: 0,
                14569: 0,
                14570: 4000000,
                14584: 4000000,
                14585: 0,
                14619: 0,
                14620: 4000000,
                14634: 4000000,
                14635: 0,
                14669: 0,
                14670: 4000000,
                14684: 4000000,
                14685: 0,
                14719: 0,
                14720: 4000000,
                14734: 4000000,
                14735: 0,
                14769: 0,
                14770: 4000000,
                14784: 4000000,
                14785: 0,
                14819: 0,
                14820: 4000000,
                14834: 4000000,
                14835: 0,
                14869: 0,
                14870: 4000000,
                14884: 4000000,
                14885: 0,
                14919: 0,
                14920: 4000000,
                14934: 4000000,
                14935: 0,
                14969: 0,
                14970: 4000000,
                14984: 4000000,
                14985: 0,
                15019: 0,
                15020: 4000000,
                15034: 4000000,
                15035: 0,
                15069: 0,
                15070: 4000000,
                15084: 4000000,
                15085: 0,
                15119: 0,
                15120: 4000000,
                15134: 4000000,
                15135: 0,
                15169: 0,
                15170: 4000000,
                15184: 4000000,
                15185: 0,
                15219: 0,
                15220: 4000000,
                15234: 4000000,
                15235: 0,
                15269: 0,
                15270: 4000000,
                15284: 4000000,
                15285: 0,
                15319: 0,
                15320: 4000000,
                15334: 4000000,
                15335: 0,
                15369: 0,
                15370: 4000000,
                15384: 4000000,
                15385: 0,
                15419: 0,
                15420: 4000000,
                15434: 4000000,
                15435: 0,
                15469: 0,
                15470: 4000000,
                15484: 4000000,
                15485: 0,
                15519: 0,
                15520: 4000000,
                15534: 4000000,
                15535: 0,
                15569: 0,
                15570: 4000000,
                15584: 4000000,
                15585: 0,
                15619: 0,
                15620: 4000000,
                15634: 4000000,
                15635: 0,
                15669: 0,
                15670: 4000000,
                15684: 4000000,
                15685: 0,
                15719: 0,
                15720: 4000000,
                15734: 4000000,
                15735: 0,
                15769: 0,
                15770: 4000000,
                15784: 4000000,
                15785: 0,
                15819: 0,
                15820: 4000000,
                15834: 4000000,
                15835: 0,
                15869: 0,
                15870: 4000000,
                15884: 4000000,
                15885: 0,
                15919: 0,
                15920: 4000000,
                15934: 4000000,
                15935: 0,
                15969: 0,
                15970: 4000000,
                15984: 4000000,
                15985: 0,
                16019: 0,
                16020: 4000000,
                16034: 4000000,
                16035: 0,
                16069: 0,
                16070: 4000000,
                16084: 4000000,
                16085: 0,
                16119: 0,
                16120: 4000000,
                16134: 4000000,
                16135: 0,
                16169: 0,
                16170: 4000000,
                16184: 4000000,
                16185: 0,
                16219: 0,
                16220: 4000000,
                16234: 4000000,
                16235: 0,
                16269: 0,
                16270: 4000000,
                16284: 4000000,
                16285: 0,
                16319: 0,
                16320: 4000000,
                16334: 4000000,
                16335: 0,
                16369: 0,
                16370: 4000000,
                16384: 4000000,
                16385: 0,
                16419: 0,
                16420: 4000000,
                16434: 4000000,
                16435: 0,
                16469: 0,
                16470: 4000000,
                16484: 4000000,
                16485: 0,
                16519: 0,
                16520: 4000000,
                16534: 4000000,
                16535: 0,
                16569: 0,
                16570: 4000000,
                16584: 4000000,
                16585: 0,
                16619: 0,
                16620: 4000000,
                16634: 4000000,
                16635: 0,
                16669: 0,
                16670: 4000000,
                16684: 4000000,
                16685: 0,
                16719: 0,
                16720: 4000000,
                16734: 4000000,
                16735: 0,
                16769: 0,
                16770: 4000000,
                16784: 4000000,
                16785: 0,
                16819: 0,
                16820: 4000000,
                16834: 4000000,
                16835: 0,
                16869: 0,
                16870: 4000000,
                16884: 4000000,
                16885: 0,
                16919: 0,
                16920: 4000000,
                16934: 4000000,
                16935: 0,
                16969: 0,
                16970: 4000000,
                16984: 4000000,
                16985: 0,
                17019: 0,
                17020: 4000000,
                17034: 4000000,
                17035: 0,
                17069: 0,
                17070: 4000000,
                17084: 4000000,
                17085: 0,
                17119: 0,
                17120: 4000000,
                17134: 4000000,
                17135: 0,
                17169: 0,
                17170: 4000000,
                17184: 4000000,
                17185: 0,
                17219: 0,
                17220: 4000000,
                17234: 4000000,
                17235: 0,
                17269: 0,
                17270: 4000000,
                17284: 4000000,
                17285: 0,
                17319: 0,
                17320: 4000000,
                17334: 4000000,
                17335: 0,
                17369: 0,
                17370: 4000000,
                17384: 4000000,
                17385: 0,
                17419: 0,
                17420: 4000000,
                17434: 4000000,
                17435: 0,
                17469: 0,
                17470: 4000000,
                17484: 4000000,
                17485: 0,
                17519: 0,
                17520: 4000000,
                17534: 4000000,
                17535: 0,
                17569: 0,
                17570: 4000000,
                17584: 4000000,
                17585: 0,
                17619: 0,
                17620: 4000000,
                17634: 4000000,
                17635: 0,
                17669: 0,
                17670: 4000000,
                17684: 4000000,
                17685: 0,
                17719: 0,
                17720: 4000000,
                17734: 4000000,
                17735: 0,
                17769: 0,
                17770: 4000000,
                17784: 4000000,
                17785: 0,
                17819: 0,
                17820: 4000000,
                17834: 4000000,
                17835: 0,
                17869: 0,
                17870: 4000000,
                17884: 4000000,
                17885: 0,
                17919: 0,
                17920: 4000000,
                17934: 4000000,
                17935: 0,
                17969: 0,
                17970: 4000000,
                17984: 4000000,
                17985: 0,
                18019: 0,
                18020: 4000000,
                18034: 4000000,
                18035: 0,
                18069: 0,
                18070: 4000000,
                18084: 4000000,
                18085: 0,
                18119: 0,
                18120: 4000000,
                18134: 4000000,
                18135: 0,
                18169: 0,
                18170: 4000000,
                18184: 4000000,
                18185: 0,
                18219: 0,
                18220: 4000000,
                18234: 4000000,
                18235: 0,
                18269: 0,
                18270: 4000000,
                18284: 4000000,
                18285: 0,
                18319: 0,
                18320: 4000000,
                18334: 4000000,
                18335: 0,
                18369: 0,
                18370: 4000000,
                18384: 4000000,
                18385: 0,
                18419: 0,
                18420: 4000000,
                18434: 4000000,
                18435: 0,
                18469: 0,
                18470: 4000000,
                18484: 4000000,
                18485: 0,
                18519: 0,
                18520: 4000000,
                18534: 4000000,
                18535: 0,
                18569: 0,
                18570: 4000000,
                18584: 4000000,
                18585: 0,
                18619: 0,
                18620: 4000000,
                18634: 4000000,
                18635: 0,
                18669: 0,
                18670: 4000000,
                18684: 4000000,
                18685: 0,
                18719: 0,
                18720: 4000000,
                18734: 4000000,
                18735: 0,
                18769: 0,
                18770: 4000000,
                18784: 4000000,
                18785: 0,
                18819: 0,
                18820: 4000000,
                18834: 4000000,
                18835: 0,
                18869: 0,
                18870: 4000000,
                18884: 4000000,
                18885: 0,
                18919: 0,
                18920: 4000000,
                18934: 4000000,
                18935: 0,
                18969: 0,
                18970: 4000000,
                18984: 4000000,
                18985: 0,
                19019: 0,
                19020: 4000000,
                19034: 4000000,
                19035: 0,
                19069: 0,
                19070: 4000000,
                19084: 4000000,
                19085: 0,
                19119: 0,
                19120: 4000000,
                19134: 4000000,
                19135: 0,
                19169: 0,
                19170: 4000000,
                19184: 4000000,
                19185: 0,
                19219: 0,
                19220: 4000000,
                19234: 4000000,
                19235: 0,
                19269: 0,
                19270: 4000000,
                19284: 4000000,
                19285: 0,
                19319: 0,
                19320: 4000000,
                19334: 4000000,
                19335: 0,
                19369: 0,
                19370: 4000000,
                19384: 4000000,
                19385: 0,
                19419: 0,
                19420: 4000000,
                19434: 4000000,
                19435: 0,
                19469: 0,
                19470: 4000000,
                19484: 4000000,
                19485: 0,
                19519: 0,
                19520: 4000000,
                19534: 4000000,
                19535: 0,
                19569: 0,
                19570: 4000000,
                19584: 4000000,
                19585: 0,
                19619: 0,
                19620: 4000000,
                19634: 4000000,
                19635: 0,
                19669: 0,
                19670: 4000000,
                19684: 4000000,
                19685: 0,
                19719: 0,
                19720: 4000000,
                19734: 4000000,
                19735: 0,
                19769: 0,
                19770: 4000000,
                19784: 4000000,
                19785: 0,
                19819: 0,
                19820: 4000000,
                19834: 4000000,
                19835: 0,
                19869: 0,
                19870: 4000000,
                19884: 4000000,
                19885: 0,
                19919: 0,
                19920: 4000000,
                19934: 4000000,
                19935: 0,
                19969: 0,
                19970: 4000000,
                19984: 4000000,
                19985: 0,
                20019: 0,
                20020: 4000000,
                20034: 4000000,
                20035: 0,
                20069: 0,
                20070: 4000000,
                20084: 4000000,
                20085: 0,
                20119: 0,
                20120: 4000000,
                20134: 4000000,
                20135: 0,
                20169: 0,
                20170: 4000000,
                20184: 4000000,
                20185: 0,
                20219: 0,
                20220: 4000000,
                20234: 4000000,
                20235: 0,
                20269: 0,
                20270: 4000000,
                20284: 4000000,
                20285: 0,
                20319: 0,
                20320: 4000000,
                20334: 4000000,
                20335: 0,
                20369: 0,
                20370: 4000000,
                20384: 4000000,
                20385: 0,
                20419: 0,
                20420: 4000000,
                20434: 4000000,
                20435: 0,
                20469: 0,
                20470: 4000000,
                20484: 4000000,
                20485: 0,
                20519: 0,
                20520: 4000000,
                20534: 4000000,
                20535: 0,
                20569: 0,
                20570: 4000000,
                20584: 4000000,
                20585: 0,
                20619: 0,
                20620: 4000000,
                20634: 4000000,
                20635: 0,
                20669: 0,
                20670: 4000000,
                20684: 4000000,
                20685: 0,
                20719: 0,
                20720: 4000000,
                20734: 4000000,
                20735: 0,
                20769: 0,
                20770: 4000000,
                20784: 4000000,
                20785: 0,
                20819: 0,
                20820: 4000000,
                20834: 4000000,
                20835: 0,
                20869: 0,
                20870: 4000000,
                20884: 4000000,
                20885: 0,
                20919: 0,
                20920: 4000000,
                20934: 4000000,
                20935: 0,
                20969: 0,
                20970: 4000000,
                20984: 4000000,
                20985: 0,
                21019: 0,
                21020: 4000000,
                21034: 4000000,
                21035: 0,
                21069: 0,
                21070: 4000000,
                21084: 4000000,
                21085: 0,
                21119: 0,
                21120: 4000000,
                21134: 4000000,
                21135: 0,
                21169: 0,
                21170: 4000000,
                21184: 4000000,
                21185: 0,
                21219: 0,
                21220: 4000000,
                21234: 4000000,
                21235: 0,
                21269: 0,
                21270: 4000000,
                21284: 4000000,
                21285: 0,
                21319: 0,
                21320: 4000000,
                21334: 4000000,
                21335: 0,
                21369: 0,
                21370: 4000000,
                21384: 4000000,
                21385: 0,
                21419: 0,
                21420: 4000000,
                21434: 4000000,
                21435: 0,
                21469: 0,
                21470: 4000000,
                21484: 4000000,
                21485: 0,
                21519: 0,
                21520: 4000000,
                21534: 4000000,
                21535: 0,
                21569: 0,
                21570: 4000000,
                21584: 4000000,
                21585: 0,
                21619: 0,
                21620: 4000000,
                21634: 4000000,
                21635: 0,
                21669: 0,
                21670: 4000000,
                21684: 4000000,
                21685: 0,
                21719: 0,
                21720: 4000000,
                21734: 4000000,
                21735: 0,
                21769: 0,
                21770: 4000000,
                21784: 4000000,
                21785: 0,
                21819: 0,
                21820: 4000000,
                21834: 4000000,
                21835: 0,
                21869: 0,
                21870: 4000000,
                21884: 4000000,
                21885: 0,
                21919: 0,
                21920: 4000000,
                21934: 4000000,
                21935: 0,
                21969: 0,
                21970: 4000000,
                21984: 4000000,
                21985: 0,
                22019: 0,
                22020: 4000000,
                22034: 4000000,
                22035: 0,
                22069: 0,
                22070: 4000000,
                22084: 4000000,
                22085: 0,
                22119: 0,
                22120: 4000000,
                22134: 4000000,
                22135: 0,
                22169: 0,
                22170: 4000000,
                22184: 4000000,
                22185: 0,
                22219: 0,
                22220: 4000000,
                22234: 4000000,
                22235: 0,
                22269: 0,
                22270: 4000000,
                22284: 4000000,
                22285: 0,
                22319: 0,
                22320: 4000000,
                22334: 4000000,
                22335: 0,
                22369: 0,
                22370: 4000000,
                22384: 4000000,
                22385: 0,
                22419: 0,
                22420: 4000000,
                22434: 4000000,
                22435: 0,
                22469: 0,
                22470: 4000000,
                22484: 4000000,
                22485: 0,
                22519: 0,
                22520: 4000000,
                22534: 4000000,
                22535: 0,
                22569: 0,
                22570: 4000000,
                22584: 4000000,
                22585: 0,
                22619: 0,
                22620: 4000000,
                22634: 4000000,
                22635: 0,
                22669: 0,
                22670: 4000000,
                22684: 4000000,
                22685: 0,
                22719: 0,
                22720: 4000000,
                22734: 4000000,
                22735: 0,
                22769: 0,
                22770: 4000000,
                22784: 4000000,
                22785: 0,
                22819: 0,
                22820: 4000000,
                22834: 4000000,
                22835: 0,
                22869: 0,
                22870: 4000000,
                22884: 4000000,
                22885: 0,
                22919: 0,
                22920: 4000000,
                22934: 4000000,
                22935: 0,
                22969: 0,
                22970: 4000000,
                22984: 4000000,
                22985: 0,
                23019: 0,
                23020: 4000000,
                23034: 4000000,
                23035: 0,
                23069: 0,
                23070: 4000000,
                23084: 4000000,
                23085: 0,
                23119: 0,
                23120: 4000000,
                23134: 4000000,
                23135: 0,
                23169: 0,
                23170: 4000000,
                23184: 4000000,
                23185: 0,
                23219: 0,
                23220: 4000000,
                23234: 4000000,
                23235: 0,
                23269: 0,
                23270: 4000000,
                23284: 4000000,
                23285: 0,
                23319: 0,
                23320: 4000000,
                23334: 4000000,
                23335: 0,
                23369: 0,
                23370: 4000000,
                23384: 4000000,
                23385: 0,
                23419: 0,
                23420: 4000000,
                23434: 4000000,
                23435: 0,
                23469: 0,
                23470: 4000000,
                23484: 4000000,
                23485: 0,
                23519: 0,
                23520: 4000000,
                23534: 4000000,
                23535: 0,
                23569: 0,
                23570: 4000000,
                23584: 4000000,
                23585: 0,
                23619: 0,
                23620: 4000000,
                23634: 4000000,
                23635: 0,
                23669: 0,
                23670: 4000000,
                23684: 4000000,
                23685: 0,
                23719: 0,
                23720: 4000000,
                23734: 4000000,
                23735: 0,
                23769: 0,
                23770: 4000000,
                23784: 4000000,
                23785: 0,
                23819: 0,
                23820: 4000000,
                23834: 4000000,
                23835: 0,
                23869: 0,
                23870: 4000000,
                23884: 4000000,
                23885: 0,
                23919: 0,
                23920: 4000000,
                23934: 4000000,
                23935: 0,
                23969: 0,
                23970: 4000000,
                23984: 4000000,
                23985: 0,
                24019: 0,
                24020: 4000000,
                24034: 4000000,
                24035: 0,
                24069: 0,
                24070: 4000000,
                24084: 4000000,
                24085: 0,
                24119: 0,
                24120: 4000000,
                24134: 4000000,
                24135: 0,
                24169: 0,
                24170: 4000000,
                24184: 4000000,
                24185: 0,
                24219: 0,
                24220: 4000000,
                24234: 4000000,
                24235: 0,
                24269: 0,
                24270: 4000000,
                24284: 4000000,
                24285: 0,
                24319: 0,
                24320: 4000000,
                24334: 4000000,
                24335: 0,
                24369: 0,
                24370: 4000000,
                24384: 4000000,
                24385: 0,
                24419: 0,
                24420: 4000000,
                24434: 4000000,
                24435: 0,
                24469: 0,
                24470: 4000000,
                24484: 4000000,
                24485: 0,
                24519: 0,
                24520: 4000000,
                24534: 4000000,
                24535: 0,
                24569: 0,
                24570: 4000000,
                24584: 4000000,
                24585: 0,
                24619: 0,
                24620: 4000000,
                24634: 4000000,
                24635: 0,
                24669: 0,
                24670: 4000000,
                24684: 4000000,
                24685: 0,
                24719: 0,
                24720: 4000000,
                24734: 4000000,
                24735: 0,
                24769: 0,
                24770: 4000000,
                24784: 4000000,
                24785: 0,
                24819: 0,
                24820: 4000000,
                24834: 4000000,
                24835: 0,
                24869: 0,
                24870: 4000000,
                24884: 4000000,
                24885: 0,
                24919: 0,
                24920: 4000000,
                24934: 4000000,
                24935: 0,
                24969: 0,
                24970: 4000000,
                24984: 4000000,
                24985: 0,
                25019: 0,
                25020: 4000000,
                25034: 4000000,
                25035: 0,
                25069: 0,
                25070: 4000000,
                25084: 4000000,
                25085: 0,
                25119: 0,
                25120: 4000000,
                25134: 4000000,
                25135: 0,
                25169: 0,
                25170: 4000000,
                25184: 4000000,
                25185: 0,
                25219: 0,
                25220: 4000000,
                25234: 4000000,
                25235: 0,
                25269: 0,
                25270: 4000000,
                25284: 4000000,
                25285: 0,
                25319: 0,
                25320: 4000000,
                25334: 4000000,
                25335: 0,
                25369: 0,
                25370: 4000000,
                25384: 4000000,
                25385: 0,
                25419: 0,
                25420: 4000000,
                25434: 4000000,
                25435: 0,
                25469: 0,
                25470: 4000000,
                25484: 4000000,
                25485: 0,
                25519: 0,
                25520: 4000000,
                25534: 4000000,
                25535: 0,
                25569: 0,
                25570: 4000000,
                25584: 4000000,
                25585: 0,
                25619: 0,
                25620: 4000000,
                25634: 4000000,
                25635: 0,
                25669: 0,
                25670: 4000000,
                25684: 4000000,
                25685: 0,
                25719: 0,
                25720: 4000000,
                25734: 4000000,
                25735: 0,
                25769: 0,
                25770: 4000000,
                25784: 4000000,
                25785: 0,
                25819: 0,
                25820: 4000000,
                25834: 4000000,
                25835: 0,
                25869: 0,
                25870: 4000000,
                25884: 4000000,
                25885: 0,
                25919: 0,
                25920: 4000000,
                25934: 4000000,
                25935: 0,
                25969: 0,
                25970: 4000000,
                25984: 4000000,
                25985: 0,
                26019: 0,
                26020: 4000000,
                26034: 4000000,
                26035: 0,
                26069: 0,
                26070: 4000000,
                26084: 4000000,
                26085: 0,
                26119: 0,
                26120: 4000000,
                26134: 4000000,
                26135: 0,
                26169: 0,
                26170: 4000000,
                26184: 4000000,
                26185: 0,
                26219: 0,
                26220: 4000000,
                26234: 4000000,
                26235: 0,
                26269: 0,
                26270: 4000000,
                26284: 4000000,
                26285: 0,
                26319: 0,
                26320: 4000000,
                26334: 4000000,
                26335: 0,
                26369: 0,
                26370: 4000000,
                26384: 4000000,
                26385: 0,
                26419: 0,
                26420: 4000000,
                26434: 4000000,
                26435: 0,
                26469: 0,
                26470: 4000000,
                26484: 4000000,
                26485: 0,
                26519: 0,
                26520: 4000000,
                26534: 4000000,
                26535: 0,
                26569: 0,
                26570: 4000000,
                26584: 4000000,
                26585: 0,
                26619: 0,
                26620: 4000000,
                26634: 4000000,
                26635: 0,
                26669: 0,
                26670: 4000000,
                26684: 4000000,
                26685: 0,
                26719: 0,
                26720: 4000000,
                26734: 4000000,
                26735: 0,
                26769: 0,
                26770: 4000000,
                26784: 4000000,
                26785: 0,
                26819: 0,
                26820: 4000000,
                26834: 4000000,
                26835: 0,
                26869: 0,
                26870: 4000000,
                26884: 4000000,
                26885: 0,
                26919: 0,
                26920: 4000000,
                26934: 4000000,
                26935: 0,
                26969: 0,
                26970: 4000000,
                26984: 4000000,
                26985: 0,
                27019: 0,
                27020: 4000000,
                27034: 4000000,
                27035: 0,
                27069: 0,
                27070: 4000000,
                27084: 4000000,
                27085: 0,
                27119: 0,
                27120: 4000000,
                27134: 4000000,
                27135: 0,
                27169: 0,
                27170: 4000000,
                27184: 4000000,
                27185: 0,
                27219: 0,
                27220: 4000000,
                27234: 4000000,
                27235: 0,
                27269: 0,
                27270: 4000000,
                27284: 4000000,
                27285: 0,
                27319: 0,
                27320: 4000000,
                27334: 4000000,
                27335: 0,
                27369: 0,
                27370: 4000000,
                27384: 4000000,
                27385: 0,
                27419: 0,
                27420: 4000000,
                27434: 4000000,
                27435: 0,
                27469: 0,
                27470: 4000000,
                27484: 4000000,
                27485: 0,
                27519: 0,
                27520: 4000000,
                27534: 4000000,
                27535: 0,
                27569: 0,
                27570: 4000000,
                27584: 4000000,
                27585: 0,
                27619: 0,
                27620: 4000000,
                27634: 4000000,
                27635: 0,
                27669: 0,
                27670: 4000000,
                27684: 4000000,
                27685: 0,
                27719: 0,
                27720: 4000000,
                27734: 4000000,
                27735: 0,
                27769: 0,
                27770: 4000000,
                27784: 4000000,
                27785: 0,
                27819: 0,
                27820: 4000000,
                27834: 4000000,
                27835: 0,
                27869: 0,
                27870: 4000000,
                27884: 4000000,
                27885: 0,
                27919: 0,
                27920: 4000000,
                27934: 4000000,
                27935: 0,
                27969: 0,
                27970: 4000000,
                27984: 4000000,
                27985: 0,
                28019: 0,
                28020: 4000000,
                28034: 4000000,
                28035: 0,
                28069: 0,
                28070: 4000000,
                28084: 4000000,
                28085: 0,
                28119: 0,
                28120: 4000000,
                28134: 4000000,
                28135: 0,
                28169: 0,
                28170: 4000000,
                28184: 4000000,
                28185: 0,
                28219: 0,
                28220: 4000000,
                28234: 4000000,
                28235: 0,
                28269: 0,
                28270: 4000000,
                28284: 4000000,
                28285: 0,
                28319: 0,
                28320: 4000000,
                28334: 4000000,
                28335: 0,
                28369: 0,
                28370: 4000000,
                28384: 4000000,
                28385: 0,
                28419: 0,
                28420: 4000000,
                28434: 4000000,
                28435: 0,
                28469: 0,
                28470: 4000000,
                28484: 4000000,
                28485: 0,
                28519: 0,
                28520: 4000000,
                28534: 4000000,
                28535: 0,
                28569: 0,
                28570: 4000000,
                28584: 4000000,
                28585: 0,
                28619: 0,
                28620: 4000000,
                28634: 4000000,
                28635: 0,
                28669: 0,
                28670: 4000000,
                28684: 4000000,
                28685: 0,
                28719: 0,
                28720: 4000000,
                28734: 4000000,
                28735: 0,
                28769: 0,
                28770: 4000000,
                28784: 4000000,
                28785: 0,
                28819: 0,
                28820: 4000000,
                28834: 4000000,
                28835: 0,
                28869: 0,
                28870: 4000000,
                28884: 4000000,
                28885: 0,
                28919: 0,
                28920: 4000000,
                28934: 4000000,
                28935: 0,
                28969: 0,
                28970: 4000000,
                28984: 4000000,
                28985: 0,
                29019: 0,
                29020: 4000000,
                29034: 4000000,
                29035: 0,
                29069: 0,
                29070: 4000000,
                29084: 4000000,
                29085: 0,
                29119: 0,
                29120: 4000000,
                29134: 4000000,
                29135: 0,
                29169: 0,
                29170: 4000000,
                29184: 4000000,
                29185: 0,
                29219: 0,
                29220: 4000000,
                29234: 4000000,
                29235: 0,
                29269: 0,
                29270: 4000000,
                29284: 4000000,
                29285: 0,
                29319: 0,
                29320: 4000000,
                29334: 4000000,
                29335: 0,
                29369: 0,
                29370: 4000000,
                29384: 4000000,
                29385: 0,
                29419: 0,
                29420: 4000000,
                29434: 4000000,
                29435: 0,
                29469: 0,
                29470: 4000000,
                29484: 4000000,
                29485: 0,
                29519: 0,
                29520: 4000000,
                29534: 4000000,
                29535: 0,
                29569: 0,
                29570: 4000000,
                29584: 4000000,
                29585: 0,
                29619: 0,
                29620: 4000000,
                29634: 4000000,
                29635: 0,
                29669: 0,
                29670: 4000000,
                29684: 4000000,
                29685: 0,
                29719: 0,
                29720: 4000000,
                29734: 4000000,
                29735: 0,
                29769: 0,
                29770: 4000000,
                29784: 4000000,
                29785: 0,
                29819: 0,
                29820: 4000000,
                29834: 4000000,
                29835: 0,
                29869: 0,
                29870: 4000000,
                29884: 4000000,
                29885: 0,
                29919: 0,
                29920: 4000000,
                29934: 4000000,
                29935: 0,
                29969: 0,
                29970: 4000000,
                29984: 4000000,
                29985: 0,
                30019: 0,
                30020: 4000000,
                30034: 4000000,
                30035: 0,
                30069: 0,
                30070: 4000000,
                30084: 4000000,
                30085: 0,
                30119: 0,
                30120: 4000000,
                30134: 4000000,
                30135: 0,
                30169: 0,
                30170: 4000000,
                30184: 4000000,
                30185: 0,
                30219: 0,
                30220: 4000000,
                30234: 4000000,
                30235: 0,
                30269: 0,
                30270: 4000000,
                30284: 4000000,
                30285: 0,
                30319: 0,
                30320: 4000000,
                30334: 4000000,
                30335: 0,
                30369: 0,
                30370: 4000000,
                30384: 4000000,
                30385: 0,
                30419: 0,
                30420: 4000000,
                30434: 4000000,
                30435: 0,
                30469: 0,
                30470: 4000000,
                30484: 4000000,
                30485: 0,
                30519: 0,
                30520: 4000000,
                30534: 4000000,
                30535: 0,
                30569: 0,
                30570: 4000000,
                30584: 4000000,
                30585: 0,
                30619: 0,
                30620: 4000000,
                30634: 4000000,
                30635: 0,
                30669: 0,
                30670: 4000000,
                30684: 4000000,
                30685: 0,
                30719: 0,
                30720: 4000000,
                30734: 4000000,
                30735: 0,
                30769: 0,
                30770: 4000000,
                30784: 4000000,
                30785: 0,
                30819: 0,
                30820: 4000000,
                30834: 4000000,
                30835: 0,
                30869: 0,
                30870: 4000000,
                30884: 4000000,
                30885: 0,
                30919: 0,
                30920: 4000000,
                30934: 4000000,
                30935: 0,
                30969: 0,
                30970: 4000000,
                30984: 4000000,
                30985: 0,
                31019: 0,
                31020: 4000000,
                31034: 4000000,
                31035: 0,
                31069: 0,
                31070: 4000000,
                31084: 4000000,
                31085: 0,
                31119: 0,
                31120: 4000000,
                31134: 4000000,
                31135: 0,
                31169: 0,
                31170: 4000000,
                31184: 4000000,
                31185: 0,
                31219: 0,
                31220: 4000000,
                31234: 4000000,
                31235: 0,
                31269: 0,
                31270: 4000000,
                31284: 4000000,
                31285: 0,
                31319: 0,
                31320: 4000000,
                31334: 4000000,
                31335: 0,
                31369: 0,
                31370: 4000000,
                31384: 4000000,
                31385: 0,
                31419: 0,
                31420: 4000000,
                31434: 4000000,
                31435: 0,
                31469: 0,
                31470: 4000000,
                31484: 4000000,
                31485: 0,
                31519: 0,
                31520: 4000000,
                31534: 4000000,
                31535: 0,
                31569: 0,
                31570: 4000000,
                31584: 4000000,
                31585: 0,
                31619: 0,
                31620: 4000000,
                31634: 4000000,
                31635: 0,
                31669: 0,
                31670: 4000000,
                31684: 4000000,
                31685: 0,
                31719: 0,
                31720: 4000000,
                31734: 4000000,
                31735: 0,
                31769: 0,
                31770: 4000000,
                31784: 4000000,
                31785: 0,
                31819: 0,
                31820: 4000000,
                31834: 4000000,
                31835: 0,
                31869: 0,
                31870: 4000000,
                31884: 4000000,
                31885: 0,
                31919: 0,
                31920: 4000000,
                31934: 4000000,
                31935: 0,
                31969: 0,
                31970: 4000000,
                31984: 4000000,
                31985: 0,
                32019: 0,
                32020: 4000000,
                32034: 4000000,
                32035: 0,
                32069: 0,
                32070: 4000000,
                32084: 4000000,
                32085: 0,
                32119: 0,
                32120: 4000000,
                32134: 4000000,
                32135: 0,
                32169: 0,
                32170: 4000000,
                32184: 4000000,
                32185: 0,
                32219: 0,
                32220: 4000000,
                32234: 4000000,
                32235: 0,
                32269: 0,
                32270: 4000000,
                32284: 4000000,
                32285: 0,
                32319: 0,
                32320: 4000000,
                32334: 4000000,
                32335: 0,
                32369: 0,
                32370: 4000000,
                32384: 4000000,
                32385: 0,
                32419: 0,
                32420: 4000000,
                32434: 4000000,
                32435: 0,
                32469: 0,
                32470: 4000000,
                32484: 4000000,
                32485: 0,
                32519: 0,
                32520: 4000000,
                32534: 4000000,
                32535: 0,
                32569: 0,
                32570: 4000000,
                32584: 4000000,
                32585: 0,
                32619: 0,
                32620: 4000000,
                32634: 4000000,
                32635: 0,
                32669: 0,
                32670: 4000000,
                32684: 4000000,
                32685: 0,
                32719: 0,
                32720: 4000000,
                32734: 4000000,
                32735: 0,
                32769: 0,
                32770: 4000000,
                32784: 4000000,
                32785: 0,
                32819: 0,
                32820: 4000000,
                32834: 4000000,
                32835: 0,
                32869: 0,
                32870: 4000000,
                32884: 4000000,
                32885: 0,
                32919: 0,
                32920: 4000000,
                32934: 4000000,
                32935: 0,
                32969: 0,
                32970: 4000000,
                32984: 4000000,
                32985: 0,
                33019: 0,
                33020: 4000000,
                33034: 4000000,
                33035: 0,
                33069: 0,
                33070: 4000000,
                33084: 4000000,
                33085: 0,
                33119: 0,
                33120: 4000000,
                33134: 4000000,
                33135: 0,
                33169: 0,
                33170: 4000000,
                33184: 4000000,
                33185: 0,
                33219: 0,
                33220: 4000000,
                33234: 4000000,
                33235: 0,
                33269: 0,
                33270: 4000000,
                33284: 4000000,
                33285: 0,
                33319: 0,
                33320: 4000000,
                33334: 4000000,
                33335: 0,
                33369: 0,
                33370: 4000000,
                33384: 4000000,
                33385: 0,
                33419: 0,
                33420: 4000000,
                33434: 4000000,
                33435: 0,
                33469: 0,
                33470: 4000000,
                33484: 4000000,
                33485: 0,
                33519: 0,
                33520: 4000000,
                33534: 4000000,
                33535: 0,
                33569: 0,
                33570: 4000000,
                33584: 4000000,
                33585: 0,
                33619: 0,
                33620: 4000000,
                33634: 4000000,
                33635: 0,
                33669: 0,
                33670: 4000000,
                33684: 4000000,
                33685: 0,
                33719: 0,
                33720: 4000000,
                33734: 4000000,
                33735: 0,
                33769: 0,
                33770: 4000000,
                33784: 4000000,
                33785: 0,
                33819: 0,
                33820: 4000000,
                33834: 4000000,
                33835: 0,
                33869: 0,
                33870: 4000000,
                33884: 4000000,
                33885: 0,
                33919: 0,
                33920: 4000000,
                33934: 4000000,
                33935: 0,
                33969: 0,
                33970: 4000000,
                33984: 4000000,
                33985: 0,
                34019: 0,
                34020: 4000000,
                34034: 4000000,
                34035: 0,
                34069: 0,
                34070: 4000000,
                34084: 4000000,
                34085: 0,
                34119: 0,
                34120: 4000000,
                34134: 4000000,
                34135: 0,
                34169: 0,
                34170: 4000000,
                34184: 4000000,
                34185: 0,
                34219: 0,
                34220: 4000000,
                34234: 4000000,
                34235: 0,
                34269: 0,
                34270: 4000000,
                34284: 4000000,
                34285: 0,
                34319: 0,
                34320: 4000000,
                34334: 4000000,
                34335: 0,
                34369: 0,
                34370: 4000000,
                34384: 4000000,
                34385: 0,
                34419: 0,
                34420: 4000000,
                34434: 4000000,
                34435: 0,
                34469: 0,
                34470: 4000000,
                34484: 4000000,
                34485: 0,
                34519: 0,
                34520: 4000000,
                34534: 4000000,
                34535: 0,
                34569: 0,
                34570: 4000000,
                34584: 4000000,
                34585: 0,
                34619: 0,
                34620: 4000000,
                34634: 4000000,
                34635: 0,
                34669: 0,
                34670: 4000000,
                34684: 4000000,
                34685: 0,
                34719: 0,
                34720: 4000000,
                34734: 4000000,
                34735: 0,
                34769: 0,
                34770: 4000000,
                34784: 4000000,
                34785: 0,
                34819: 0,
                34820: 4000000,
                34834: 4000000,
                34835: 0,
                34869: 0,
                34870: 4000000,
                34884: 4000000,
                34885: 0,
                34919: 0,
                34920: 4000000,
                34934: 4000000,
                34935: 0,
                34969: 0,
                34970: 4000000,
                34984: 4000000,
                34985: 0,
                35019: 0,
                35020: 4000000,
                35034: 4000000,
                35035: 0,
                35069: 0,
                35070: 4000000,
                35084: 4000000,
                35085: 0,
                35119: 0,
                35120: 4000000,
                35134: 4000000,
                35135: 0,
                35169: 0,
                35170: 4000000,
                35184: 4000000,
                35185: 0,
                35219: 0,
                35220: 4000000,
                35234: 4000000,
                35235: 0,
                35269: 0,
                35270: 4000000,
                35284: 4000000,
                35285: 0,
                35319: 0,
                35320: 4000000,
                35334: 4000000,
                35335: 0,
                35369: 0,
                35370: 4000000,
                35384: 4000000,
                35385: 0,
                35419: 0,
                35420: 4000000,
                35434: 4000000,
                35435: 0,
                35469: 0,
                35470: 4000000,
                35484: 4000000,
                35485: 0,
                35519: 0,
                35520: 4000000,
                35534: 4000000,
                35535: 0,
                35569: 0,
                35570: 4000000,
                35584: 4000000,
                35585: 0,
                35619: 0,
                35620: 4000000,
                35634: 4000000,
                35635: 0,
                35669: 0,
                35670: 4000000,
                35684: 4000000,
                35685: 0,
                35719: 0,
                35720: 4000000,
                35734: 4000000,
                35735: 0,
                35769: 0,
                35770: 4000000,
                35784: 4000000,
                35785: 0,
                35819: 0,
                35820: 4000000,
                35834: 4000000,
                35835: 0,
                35869: 0,
                35870: 4000000,
                35884: 4000000,
                35885: 0,
                35919: 0,
                35920: 4000000,
                35934: 4000000,
                35935: 0,
                35969: 0,
                35970: 4000000,
                35984: 4000000,
                35985: 0,
                36019: 0,
            }
            float inputs:radius = 0.15
            double3 xformOp:translate = (-3.8, 4.8, 1.25)
            uniform token[] xformOpOrder = ["xformOp:translate"]

            def Sphere "Dome" (
                prepend apiSchemas = ["MaterialBindingAPI"]
            )
            {
                rel material:binding = </Looks/StrobeBenchDome>
                double radius = 0.1
            }
        }
    }
}

def "Looks"
{
    def Material "HazardFluid" (
        prepend apiSchemas = ["PhysxPBDMaterialAPI"]
    )
    {
        token outputs:mdl:displacement.connect = </Looks/HazardFluid/Shader.outputs:out>
        token outputs:mdl:surface.connect = </Looks/HazardFluid/Shader.outputs:out>
        token outputs:mdl:volume.connect = </Looks/HazardFluid/Shader.outputs:out>
        float physxPBDMaterial:cohesion = 0.25
        float physxPBDMaterial:damping = 0.5
        float physxPBDMaterial:density = 1000
        float physxPBDMaterial:friction = 0.2
        float physxPBDMaterial:surfaceTension = 0.15
        float physxPBDMaterial:viscosity = 8

        def Shader "Shader"
        {
            uniform token info:implementationSource = "sourceAsset"
            uniform asset info:mdl:sourceAsset = @OmniGlass.mdl@
            uniform token info:mdl:sourceAsset:subIdentifier = "OmniGlass"
            float inputs:depth = 0.02
            float inputs:frosting_roughness = 0.05
            color3f inputs:glass_color = (0.15, 1, 0.05)
            float inputs:glass_ior = 1.33
            token outputs:out
        }
    }

    def Material "Liquid_DeskBeaker_1"
    {
        token outputs:mdl:displacement.connect = </Looks/Liquid_DeskBeaker_1/Shader.outputs:out>
        token outputs:mdl:surface.connect = </Looks/Liquid_DeskBeaker_1/Shader.outputs:out>
        token outputs:mdl:volume.connect = </Looks/Liquid_DeskBeaker_1/Shader.outputs:out>

        def Shader "Shader"
        {
            uniform token info:implementationSource = "sourceAsset"
            uniform asset info:mdl:sourceAsset = @OmniGlass.mdl@
            uniform token info:mdl:sourceAsset:subIdentifier = "OmniGlass"
            float inputs:depth = 0.02
            color3f inputs:glass_color = (0.1, 0.35, 1)
            float inputs:glass_ior = 1.33
            token outputs:out
        }
    }

    def Material "Liquid_DeskBeaker_2"
    {
        token outputs:mdl:displacement.connect = </Looks/Liquid_DeskBeaker_2/Shader.outputs:out>
        token outputs:mdl:surface.connect = </Looks/Liquid_DeskBeaker_2/Shader.outputs:out>
        token outputs:mdl:volume.connect = </Looks/Liquid_DeskBeaker_2/Shader.outputs:out>

        def Shader "Shader"
        {
            uniform token info:implementationSource = "sourceAsset"
            uniform asset info:mdl:sourceAsset = @OmniGlass.mdl@
            uniform token info:mdl:sourceAsset:subIdentifier = "OmniGlass"
            float inputs:depth = 0.02
            color3f inputs:glass_color = (1, 0.1, 0.25)
            float inputs:glass_ior = 1.33
            token outputs:out
        }
    }

    def Material "Liquid_DeskBeaker_3"
    {
        token outputs:mdl:displacement.connect = </Looks/Liquid_DeskBeaker_3/Shader.outputs:out>
        token outputs:mdl:surface.connect = </Looks/Liquid_DeskBeaker_3/Shader.outputs:out>
        token outputs:mdl:volume.connect = </Looks/Liquid_DeskBeaker_3/Shader.outputs:out>

        def Shader "Shader"
        {
            uniform token info:implementationSource = "sourceAsset"
            uniform asset info:mdl:sourceAsset = @OmniGlass.mdl@
            uniform token info:mdl:sourceAsset:subIdentifier = "OmniGlass"
            float inputs:depth = 0.02
            color3f inputs:glass_color = (1, 0.85, 0.05)
            float inputs:glass_ior = 1.33
            token outputs:out
        }
    }

    def Material "Liquid_DeskBeaker_4"
    {
        token outputs:mdl:displacement.connect = </Looks/Liquid_DeskBeaker_4/Shader.outputs:out>
        token outputs:mdl:surface.connect = </Looks/Liquid_DeskBeaker_4/Shader.outputs:out>
        token outputs:mdl:volume.connect = </Looks/Liquid_DeskBeaker_4/Shader.outputs:out>

        def Shader "Shader"
        {
            uniform token info:implementationSource = "sourceAsset"
            uniform asset info:mdl:sourceAsset = @OmniGlass.mdl@
            uniform token info:mdl:sourceAsset:subIdentifier = "OmniGlass"
            float inputs:depth = 0.02
            color3f inputs:glass_color = (0.05, 0.9, 0.9)
            float inputs:glass_ior = 1.33
            token outputs:out
        }
    }

    def Material "Liquid_DeskBeaker_5"
    {
        token outputs:mdl:displacement.connect = </Looks/Liquid_DeskBeaker_5/Shader.outputs:out>
        token outputs:mdl:surface.connect = </Looks/Liquid_DeskBeaker_5/Shader.outputs:out>
        token outputs:mdl:volume.connect = </Looks/Liquid_DeskBeaker_5/Shader.outputs:out>

        def Shader "Shader"
        {
            uniform token info:implementationSource = "sourceAsset"
            uniform asset info:mdl:sourceAsset = @OmniGlass.mdl@
            uniform token info:mdl:sourceAsset:subIdentifier = "OmniGlass"
            float inputs:depth = 0.02
            color3f inputs:glass_color = (0.65, 0.1, 0.95)
            float inputs:glass_ior = 1.33
            token outputs:out
        }
    }

    def Material "StrobeAisleDome"
    {
        token outputs:surface.connect = </Looks/StrobeAisleDome/Shader.outputs:surface>

        def Shader "Shader"
        {
            uniform token info:id = "UsdPreviewSurface"
            color3f inputs:diffuseColor = (0.6, 0.02, 0.02)
            color3f inputs:emissiveColor.timeSamples = {
                0: (0, 0, 0),
                119: (0, 0, 0),
                120: (10, 0.3, 0.1),
                134: (10, 0.3, 0.1),
                135: (0, 0, 0),
                169: (0, 0, 0),
                170: (10, 0.3, 0.1),
                184: (10, 0.3, 0.1),
                185: (0, 0, 0),
                219: (0, 0, 0),
                220: (10, 0.3, 0.1),
                234: (10, 0.3, 0.1),
                235: (0, 0, 0),
                269: (0, 0, 0),
                270: (10, 0.3, 0.1),
                284: (10, 0.3, 0.1),
                285: (0, 0, 0),
                319: (0, 0, 0),
                320: (10, 0.3, 0.1),
                334: (10, 0.3, 0.1),
                335: (0, 0, 0),
                369: (0, 0, 0),
                370: (10, 0.3, 0.1),
                384: (10, 0.3, 0.1),
                385: (0, 0, 0),
                419: (0, 0, 0),
                420: (10, 0.3, 0.1),
                434: (10, 0.3, 0.1),
                435: (0, 0, 0),
                469: (0, 0, 0),
                470: (10, 0.3, 0.1),
                484: (10, 0.3, 0.1),
                485: (0, 0, 0),
                519: (0, 0, 0),
                520: (10, 0.3, 0.1),
                534: (10, 0.3, 0.1),
                535: (0, 0, 0),
                569: (0, 0, 0),
                570: (10, 0.3, 0.1),
                584: (10, 0.3, 0.1),
                585: (0, 0, 0),
                619: (0, 0, 0),
                620: (10, 0.3, 0.1),
                634: (10, 0.3, 0.1),
                635: (0, 0, 0),
                669: (0, 0, 0),
                670: (10, 0.3, 0.1),
                684: (10, 0.3, 0.1),
                685: (0, 0, 0),
                719: (0, 0, 0),
                720: (10, 0.3, 0.1),
                734: (10, 0.3, 0.1),
                735: (0, 0, 0),
                769: (0, 0, 0),
                770: (10, 0.3, 0.1),
                784: (10, 0.3, 0.1),
                785: (0, 0, 0),
                819: (0, 0, 0),
                820: (10, 0.3, 0.1),
                834: (10, 0.3, 0.1),
                835: (0, 0, 0),
                869: (0, 0, 0),
                870: (10, 0.3, 0.1),
                884: (10, 0.3, 0.1),
                885: (0, 0, 0),
                919: (0, 0, 0),
                920: (10, 0.3, 0.1),
                934: (10, 0.3, 0.1),
                935: (0, 0, 0),
                969: (0, 0, 0),
                970: (10, 0.3, 0.1),
                984: (10, 0.3, 0.1),
                985: (0, 0, 0),
                1019: (0, 0, 0),
                1020: (10, 0.3, 0.1),
                1034: (10, 0.3, 0.1),
                1035: (0, 0, 0),
                1069: (0, 0, 0),
                1070: (10, 0.3, 0.1),
                1084: (10, 0.3, 0.1),
                1085: (0, 0, 0),
                1119: (0, 0, 0),
                1120: (10, 0.3, 0.1),
                1134: (10, 0.3, 0.1),
                1135: (0, 0, 0),
                1169: (0, 0, 0),
                1170: (10, 0.3, 0.1),
                1184: (10, 0.3, 0.1),
                1185: (0, 0, 0),
                1219: (0, 0, 0),
                1220: (10, 0.3, 0.1),
                1234: (10, 0.3, 0.1),
                1235: (0, 0, 0),
                1269: (0, 0, 0),
                1270: (10, 0.3, 0.1),
                1284: (10, 0.3, 0.1),
                1285: (0, 0, 0),
                1319: (0, 0, 0),
                1320: (10, 0.3, 0.1),
                1334: (10, 0.3, 0.1),
                1335: (0, 0, 0),
                1369: (0, 0, 0),
                1370: (10, 0.3, 0.1),
                1384: (10, 0.3, 0.1),
                1385: (0, 0, 0),
                1419: (0, 0, 0),
                1420: (10, 0.3, 0.1),
                1434: (10, 0.3, 0.1),
                1435: (0, 0, 0),
                1469: (0, 0, 0),
                1470: (10, 0.3, 0.1),
                1484: (10, 0.3, 0.1),
                1485: (0, 0, 0),
                1519: (0, 0, 0),
                1520: (10, 0.3, 0.1),
                1534: (10, 0.3, 0.1),
                1535: (0, 0, 0),
                1569: (0, 0, 0),
                1570: (10, 0.3, 0.1),
                1584: (10, 0.3, 0.1),
                1585: (0, 0, 0),
                1619: (0, 0, 0),
                1620: (10, 0.3, 0.1),
                1634: (10, 0.3, 0.1),
                1635: (0, 0, 0),
                1669: (0, 0, 0),
                1670: (10, 0.3, 0.1),
                1684: (10, 0.3, 0.1),
                1685: (0, 0, 0),
                1719: (0, 0, 0),
                1720: (10, 0.3, 0.1),
                1734: (10, 0.3, 0.1),
                1735: (0, 0, 0),
                1769: (0, 0, 0),
                1770: (10, 0.3, 0.1),
                1784: (10, 0.3, 0.1),
                1785: (0, 0, 0),
                1819: (0, 0, 0),
                1820: (10, 0.3, 0.1),
                1834: (10, 0.3, 0.1),
                1835: (0, 0, 0),
                1869: (0, 0, 0),
                1870: (10, 0.3, 0.1),
                1884: (10, 0.3, 0.1),
                1885: (0, 0, 0),
                1919: (0, 0, 0),
                1920: (10, 0.3, 0.1),
                1934: (10, 0.3, 0.1),
                1935: (0, 0, 0),
                1969: (0, 0, 0),
                1970: (10, 0.3, 0.1),
                1984: (10, 0.3, 0.1),
                1985: (0, 0, 0),
                2019: (0, 0, 0),
                2020: (10, 0.3, 0.1),
                2034: (10, 0.3, 0.1),
                2035: (0, 0, 0),
                2069: (0, 0, 0),
                2070: (10, 0.3, 0.1),
                2084: (10, 0.3, 0.1),
                2085: (0, 0, 0),
                2119: (0, 0, 0),
                2120: (10, 0.3, 0.1),
                2134: (10, 0.3, 0.1),
                2135: (0, 0, 0),
                2169: (0, 0, 0),
                2170: (10, 0.3, 0.1),
                2184: (10, 0.3, 0.1),
                2185: (0, 0, 0),
                2219: (0, 0, 0),
                2220: (10, 0.3, 0.1),
                2234: (10, 0.3, 0.1),
                2235: (0, 0, 0),
                2269: (0, 0, 0),
                2270: (10, 0.3, 0.1),
                2284: (10, 0.3, 0.1),
                2285: (0, 0, 0),
                2319: (0, 0, 0),
                2320: (10, 0.3, 0.1),
                2334: (10, 0.3, 0.1),
                2335: (0, 0, 0),
                2369: (0, 0, 0),
                2370: (10, 0.3, 0.1),
                2384: (10, 0.3, 0.1),
                2385: (0, 0, 0),
                2419: (0, 0, 0),
                2420: (10, 0.3, 0.1),
                2434: (10, 0.3, 0.1),
                2435: (0, 0, 0),
                2469: (0, 0, 0),
                2470: (10, 0.3, 0.1),
                2484: (10, 0.3, 0.1),
                2485: (0, 0, 0),
                2519: (0, 0, 0),
                2520: (10, 0.3, 0.1),
                2534: (10, 0.3, 0.1),
                2535: (0, 0, 0),
                2569: (0, 0, 0),
                2570: (10, 0.3, 0.1),
                2584: (10, 0.3, 0.1),
                2585: (0, 0, 0),
                2619: (0, 0, 0),
                2620: (10, 0.3, 0.1),
                2634: (10, 0.3, 0.1),
                2635: (0, 0, 0),
                2669: (0, 0, 0),
                2670: (10, 0.3, 0.1),
                2684: (10, 0.3, 0.1),
                2685: (0, 0, 0),
                2719: (0, 0, 0),
                2720: (10, 0.3, 0.1),
                2734: (10, 0.3, 0.1),
                2735: (0, 0, 0),
                2769: (0, 0, 0),
                2770: (10, 0.3, 0.1),
                2784: (10, 0.3, 0.1),
                2785: (0, 0, 0),
                2819: (0, 0, 0),
                2820: (10, 0.3, 0.1),
                2834: (10, 0.3, 0.1),
                2835: (0, 0, 0),
                2869: (0, 0, 0),
                2870: (10, 0.3, 0.1),
                2884: (10, 0.3, 0.1),
                2885: (0, 0, 0),
                2919: (0, 0, 0),
                2920: (10, 0.3, 0.1),
                2934: (10, 0.3, 0.1),
                2935: (0, 0, 0),
                2969: (0, 0, 0),
                2970: (10, 0.3, 0.1),
                2984: (10, 0.3, 0.1),
                2985: (0, 0, 0),
                3019: (0, 0, 0),
                3020: (10, 0.3, 0.1),
                3034: (10, 0.3, 0.1),
                3035: (0, 0, 0),
                3069: (0, 0, 0),
                3070: (10, 0.3, 0.1),
                3084: (10, 0.3, 0.1),
                3085: (0, 0, 0),
                3119: (0, 0, 0),
                3120: (10, 0.3, 0.1),
                3134: (10, 0.3, 0.1),
                3135: (0, 0, 0),
                3169: (0, 0, 0),
                3170: (10, 0.3, 0.1),
                3184: (10, 0.3, 0.1),
                3185: (0, 0, 0),
                3219: (0, 0, 0),
                3220: (10, 0.3, 0.1),
                3234: (10, 0.3, 0.1),
                3235: (0, 0, 0),
                3269: (0, 0, 0),
                3270: (10, 0.3, 0.1),
                3284: (10, 0.3, 0.1),
                3285: (0, 0, 0),
                3319: (0, 0, 0),
                3320: (10, 0.3, 0.1),
                3334: (10, 0.3, 0.1),
                3335: (0, 0, 0),
                3369: (0, 0, 0),
                3370: (10, 0.3, 0.1),
                3384: (10, 0.3, 0.1),
                3385: (0, 0, 0),
                3419: (0, 0, 0),
                3420: (10, 0.3, 0.1),
                3434: (10, 0.3, 0.1),
                3435: (0, 0, 0),
                3469: (0, 0, 0),
                3470: (10, 0.3, 0.1),
                3484: (10, 0.3, 0.1),
                3485: (0, 0, 0),
                3519: (0, 0, 0),
                3520: (10, 0.3, 0.1),
                3534: (10, 0.3, 0.1),
                3535: (0, 0, 0),
                3569: (0, 0, 0),
                3570: (10, 0.3, 0.1),
                3584: (10, 0.3, 0.1),
                3585: (0, 0, 0),
                3619: (0, 0, 0),
                3620: (10, 0.3, 0.1),
                3634: (10, 0.3, 0.1),
                3635: (0, 0, 0),
                3669: (0, 0, 0),
                3670: (10, 0.3, 0.1),
                3684: (10, 0.3, 0.1),
                3685: (0, 0, 0),
                3719: (0, 0, 0),
                3720: (10, 0.3, 0.1),
                3734: (10, 0.3, 0.1),
                3735: (0, 0, 0),
                3769: (0, 0, 0),
                3770: (10, 0.3, 0.1),
                3784: (10, 0.3, 0.1),
                3785: (0, 0, 0),
                3819: (0, 0, 0),
                3820: (10, 0.3, 0.1),
                3834: (10, 0.3, 0.1),
                3835: (0, 0, 0),
                3869: (0, 0, 0),
                3870: (10, 0.3, 0.1),
                3884: (10, 0.3, 0.1),
                3885: (0, 0, 0),
                3919: (0, 0, 0),
                3920: (10, 0.3, 0.1),
                3934: (10, 0.3, 0.1),
                3935: (0, 0, 0),
                3969: (0, 0, 0),
                3970: (10, 0.3, 0.1),
                3984: (10, 0.3, 0.1),
                3985: (0, 0, 0),
                4019: (0, 0, 0),
                4020: (10, 0.3, 0.1),
                4034: (10, 0.3, 0.1),
                4035: (0, 0, 0),
                4069: (0, 0, 0),
                4070: (10, 0.3, 0.1),
                4084: (10, 0.3, 0.1),
                4085: (0, 0, 0),
                4119: (0, 0, 0),
                4120: (10, 0.3, 0.1),
                4134: (10, 0.3, 0.1),
                4135: (0, 0, 0),
                4169: (0, 0, 0),
                4170: (10, 0.3, 0.1),
                4184: (10, 0.3, 0.1),
                4185: (0, 0, 0),
                4219: (0, 0, 0),
                4220: (10, 0.3, 0.1),
                4234: (10, 0.3, 0.1),
                4235: (0, 0, 0),
                4269: (0, 0, 0),
                4270: (10, 0.3, 0.1),
                4284: (10, 0.3, 0.1),
                4285: (0, 0, 0),
                4319: (0, 0, 0),
                4320: (10, 0.3, 0.1),
                4334: (10, 0.3, 0.1),
                4335: (0, 0, 0),
                4369: (0, 0, 0),
                4370: (10, 0.3, 0.1),
                4384: (10, 0.3, 0.1),
                4385: (0, 0, 0),
                4419: (0, 0, 0),
                4420: (10, 0.3, 0.1),
                4434: (10, 0.3, 0.1),
                4435: (0, 0, 0),
                4469: (0, 0, 0),
                4470: (10, 0.3, 0.1),
                4484: (10, 0.3, 0.1),
                4485: (0, 0, 0),
                4519: (0, 0, 0),
                4520: (10, 0.3, 0.1),
                4534: (10, 0.3, 0.1),
                4535: (0, 0, 0),
                4569: (0, 0, 0),
                4570: (10, 0.3, 0.1),
                4584: (10, 0.3, 0.1),
                4585: (0, 0, 0),
                4619: (0, 0, 0),
                4620: (10, 0.3, 0.1),
                4634: (10, 0.3, 0.1),
                4635: (0, 0, 0),
                4669: (0, 0, 0),
                4670: (10, 0.3, 0.1),
                4684: (10, 0.3, 0.1),
                4685: (0, 0, 0),
                4719: (0, 0, 0),
                4720: (10, 0.3, 0.1),
                4734: (10, 0.3, 0.1),
                4735: (0, 0, 0),
                4769: (0, 0, 0),
                4770: (10, 0.3, 0.1),
                4784: (10, 0.3, 0.1),
                4785: (0, 0, 0),
                4819: (0, 0, 0),
                4820: (10, 0.3, 0.1),
                4834: (10, 0.3, 0.1),
                4835: (0, 0, 0),
                4869: (0, 0, 0),
                4870: (10, 0.3, 0.1),
                4884: (10, 0.3, 0.1),
                4885: (0, 0, 0),
                4919: (0, 0, 0),
                4920: (10, 0.3, 0.1),
                4934: (10, 0.3, 0.1),
                4935: (0, 0, 0),
                4969: (0, 0, 0),
                4970: (10, 0.3, 0.1),
                4984: (10, 0.3, 0.1),
                4985: (0, 0, 0),
                5019: (0, 0, 0),
                5020: (10, 0.3, 0.1),
                5034: (10, 0.3, 0.1),
                5035: (0, 0, 0),
                5069: (0, 0, 0),
                5070: (10, 0.3, 0.1),
                5084: (10, 0.3, 0.1),
                5085: (0, 0, 0),
                5119: (0, 0, 0),
                5120: (10, 0.3, 0.1),
                5134: (10, 0.3, 0.1),
                5135: (0, 0, 0),
                5169: (0, 0, 0),
                5170: (10, 0.3, 0.1),
                5184: (10, 0.3, 0.1),
                5185: (0, 0, 0),
                5219: (0, 0, 0),
                5220: (10, 0.3, 0.1),
                5234: (10, 0.3, 0.1),
                5235: (0, 0, 0),
                5269: (0, 0, 0),
                5270: (10, 0.3, 0.1),
                5284: (10, 0.3, 0.1),
                5285: (0, 0, 0),
                5319: (0, 0, 0),
                5320: (10, 0.3, 0.1),
                5334: (10, 0.3, 0.1),
                5335: (0, 0, 0),
                5369: (0, 0, 0),
                5370: (10, 0.3, 0.1),
                5384: (10, 0.3, 0.1),
                5385: (0, 0, 0),
                5419: (0, 0, 0),
                5420: (10, 0.3, 0.1),
                5434: (10, 0.3, 0.1),
                5435: (0, 0, 0),
                5469: (0, 0, 0),
                5470: (10, 0.3, 0.1),
                5484: (10, 0.3, 0.1),
                5485: (0, 0, 0),
                5519: (0, 0, 0),
                5520: (10, 0.3, 0.1),
                5534: (10, 0.3, 0.1),
                5535: (0, 0, 0),
                5569: (0, 0, 0),
                5570: (10, 0.3, 0.1),
                5584: (10, 0.3, 0.1),
                5585: (0, 0, 0),
                5619: (0, 0, 0),
                5620: (10, 0.3, 0.1),
                5634: (10, 0.3, 0.1),
                5635: (0, 0, 0),
                5669: (0, 0, 0),
                5670: (10, 0.3, 0.1),
                5684: (10, 0.3, 0.1),
                5685: (0, 0, 0),
                5719: (0, 0, 0),
                5720: (10, 0.3, 0.1),
                5734: (10, 0.3, 0.1),
                5735: (0, 0, 0),
                5769: (0, 0, 0),
                5770: (10, 0.3, 0.1),
                5784: (10, 0.3, 0.1),
                5785: (0, 0, 0),
                5819: (0, 0, 0),
                5820: (10, 0.3, 0.1),
                5834: (10, 0.3, 0.1),
                5835: (0, 0, 0),
                5869: (0, 0, 0),
                5870: (10, 0.3, 0.1),
                5884: (10, 0.3, 0.1),
                5885: (0, 0, 0),
                5919: (0, 0, 0),
                5920: (10, 0.3, 0.1),
                5934: (10, 0.3, 0.1),
                5935: (0, 0, 0),
                5969: (0, 0, 0),
                5970: (10, 0.3, 0.1),
                5984: (10, 0.3, 0.1),
                5985: (0, 0, 0),
                6019: (0, 0, 0),
                6020: (10, 0.3, 0.1),
                6034: (10, 0.3, 0.1),
                6035: (0, 0, 0),
                6069: (0, 0, 0),
                6070: (10, 0.3, 0.1),
                6084: (10, 0.3, 0.1),
                6085: (0, 0, 0),
                6119: (0, 0, 0),
                6120: (10, 0.3, 0.1),
                6134: (10, 0.3, 0.1),
                6135: (0, 0, 0),
                6169: (0, 0, 0),
                6170: (10, 0.3, 0.1),
                6184: (10, 0.3, 0.1),
                6185: (0, 0, 0),
                6219: (0, 0, 0),
                6220: (10, 0.3, 0.1),
                6234: (10, 0.3, 0.1),
                6235: (0, 0, 0),
                6269: (0, 0, 0),
                6270: (10, 0.3, 0.1),
                6284: (10, 0.3, 0.1),
                6285: (0, 0, 0),
                6319: (0, 0, 0),
                6320: (10, 0.3, 0.1),
                6334: (10, 0.3, 0.1),
                6335: (0, 0, 0),
                6369: (0, 0, 0),
                6370: (10, 0.3, 0.1),
                6384: (10, 0.3, 0.1),
                6385: (0, 0, 0),
                6419: (0, 0, 0),
                6420: (10, 0.3, 0.1),
                6434: (10, 0.3, 0.1),
                6435: (0, 0, 0),
                6469: (0, 0, 0),
                6470: (10, 0.3, 0.1),
                6484: (10, 0.3, 0.1),
                6485: (0, 0, 0),
                6519: (0, 0, 0),
                6520: (10, 0.3, 0.1),
                6534: (10, 0.3, 0.1),
                6535: (0, 0, 0),
                6569: (0, 0, 0),
                6570: (10, 0.3, 0.1),
                6584: (10, 0.3, 0.1),
                6585: (0, 0, 0),
                6619: (0, 0, 0),
                6620: (10, 0.3, 0.1),
                6634: (10, 0.3, 0.1),
                6635: (0, 0, 0),
                6669: (0, 0, 0),
                6670: (10, 0.3, 0.1),
                6684: (10, 0.3, 0.1),
                6685: (0, 0, 0),
                6719: (0, 0, 0),
                6720: (10, 0.3, 0.1),
                6734: (10, 0.3, 0.1),
                6735: (0, 0, 0),
                6769: (0, 0, 0),
                6770: (10, 0.3, 0.1),
                6784: (10, 0.3, 0.1),
                6785: (0, 0, 0),
                6819: (0, 0, 0),
                6820: (10, 0.3, 0.1),
                6834: (10, 0.3, 0.1),
                6835: (0, 0, 0),
                6869: (0, 0, 0),
                6870: (10, 0.3, 0.1),
                6884: (10, 0.3, 0.1),
                6885: (0, 0, 0),
                6919: (0, 0, 0),
                6920: (10, 0.3, 0.1),
                6934: (10, 0.3, 0.1),
                6935: (0, 0, 0),
                6969: (0, 0, 0),
                6970: (10, 0.3, 0.1),
                6984: (10, 0.3, 0.1),
                6985: (0, 0, 0),
                7019: (0, 0, 0),
                7020: (10, 0.3, 0.1),
                7034: (10, 0.3, 0.1),
                7035: (0, 0, 0),
                7069: (0, 0, 0),
                7070: (10, 0.3, 0.1),
                7084: (10, 0.3, 0.1),
                7085: (0, 0, 0),
                7119: (0, 0, 0),
                7120: (10, 0.3, 0.1),
                7134: (10, 0.3, 0.1),
                7135: (0, 0, 0),
                7169: (0, 0, 0),
                7170: (10, 0.3, 0.1),
                7184: (10, 0.3, 0.1),
                7185: (0, 0, 0),
                7219: (0, 0, 0),
                7220: (10, 0.3, 0.1),
                7234: (10, 0.3, 0.1),
                7235: (0, 0, 0),
                7269: (0, 0, 0),
                7270: (10, 0.3, 0.1),
                7284: (10, 0.3, 0.1),
                7285: (0, 0, 0),
                7319: (0, 0, 0),
                7320: (10, 0.3, 0.1),
                7334: (10, 0.3, 0.1),
                7335: (0, 0, 0),
                7369: (0, 0, 0),
                7370: (10, 0.3, 0.1),
                7384: (10, 0.3, 0.1),
                7385: (0, 0, 0),
                7419: (0, 0, 0),
                7420: (10, 0.3, 0.1),
                7434: (10, 0.3, 0.1),
                7435: (0, 0, 0),
                7469: (0, 0, 0),
                7470: (10, 0.3, 0.1),
                7484: (10, 0.3, 0.1),
                7485: (0, 0, 0),
                7519: (0, 0, 0),
                7520: (10, 0.3, 0.1),
                7534: (10, 0.3, 0.1),
                7535: (0, 0, 0),
                7569: (0, 0, 0),
                7570: (10, 0.3, 0.1),
                7584: (10, 0.3, 0.1),
                7585: (0, 0, 0),
                7619: (0, 0, 0),
                7620: (10, 0.3, 0.1),
                7634: (10, 0.3, 0.1),
                7635: (0, 0, 0),
                7669: (0, 0, 0),
                7670: (10, 0.3, 0.1),
                7684: (10, 0.3, 0.1),
                7685: (0, 0, 0),
                7719: (0, 0, 0),
                7720: (10, 0.3, 0.1),
                7734: (10, 0.3, 0.1),
                7735: (0, 0, 0),
                7769: (0, 0, 0),
                7770: (10, 0.3, 0.1),
                7784: (10, 0.3, 0.1),
                7785: (0, 0, 0),
                7819: (0, 0, 0),
                7820: (10, 0.3, 0.1),
                7834: (10, 0.3, 0.1),
                7835: (0, 0, 0),
                7869: (0, 0, 0),
                7870: (10, 0.3, 0.1),
                7884: (10, 0.3, 0.1),
                7885: (0, 0, 0),
                7919: (0, 0, 0),
                7920: (10, 0.3, 0.1),
                7934: (10, 0.3, 0.1),
                7935: (0, 0, 0),
                7969: (0, 0, 0),
                7970: (10, 0.3, 0.1),
                7984: (10, 0.3, 0.1),
                7985: (0, 0, 0),
                8019: (0, 0, 0),
                8020: (10, 0.3, 0.1),
                8034: (10, 0.3, 0.1),
                8035: (0, 0, 0),
                8069: (0, 0, 0),
                8070: (10, 0.3, 0.1),
                8084: (10, 0.3, 0.1),
                8085: (0, 0, 0),
                8119: (0, 0, 0),
                8120: (10, 0.3, 0.1),
                8134: (10, 0.3, 0.1),
                8135: (0, 0, 0),
                8169: (0, 0, 0),
                8170: (10, 0.3, 0.1),
                8184: (10, 0.3, 0.1),
                8185: (0, 0, 0),
                8219: (0, 0, 0),
                8220: (10, 0.3, 0.1),
                8234: (10, 0.3, 0.1),
                8235: (0, 0, 0),
                8269: (0, 0, 0),
                8270: (10, 0.3, 0.1),
                8284: (10, 0.3, 0.1),
                8285: (0, 0, 0),
                8319: (0, 0, 0),
                8320: (10, 0.3, 0.1),
                8334: (10, 0.3, 0.1),
                8335: (0, 0, 0),
                8369: (0, 0, 0),
                8370: (10, 0.3, 0.1),
                8384: (10, 0.3, 0.1),
                8385: (0, 0, 0),
                8419: (0, 0, 0),
                8420: (10, 0.3, 0.1),
                8434: (10, 0.3, 0.1),
                8435: (0, 0, 0),
                8469: (0, 0, 0),
                8470: (10, 0.3, 0.1),
                8484: (10, 0.3, 0.1),
                8485: (0, 0, 0),
                8519: (0, 0, 0),
                8520: (10, 0.3, 0.1),
                8534: (10, 0.3, 0.1),
                8535: (0, 0, 0),
                8569: (0, 0, 0),
                8570: (10, 0.3, 0.1),
                8584: (10, 0.3, 0.1),
                8585: (0, 0, 0),
                8619: (0, 0, 0),
                8620: (10, 0.3, 0.1),
                8634: (10, 0.3, 0.1),
                8635: (0, 0, 0),
                8669: (0, 0, 0),
                8670: (10, 0.3, 0.1),
                8684: (10, 0.3, 0.1),
                8685: (0, 0, 0),
                8719: (0, 0, 0),
                8720: (10, 0.3, 0.1),
                8734: (10, 0.3, 0.1),
                8735: (0, 0, 0),
                8769: (0, 0, 0),
                8770: (10, 0.3, 0.1),
                8784: (10, 0.3, 0.1),
                8785: (0, 0, 0),
                8819: (0, 0, 0),
                8820: (10, 0.3, 0.1),
                8834: (10, 0.3, 0.1),
                8835: (0, 0, 0),
                8869: (0, 0, 0),
                8870: (10, 0.3, 0.1),
                8884: (10, 0.3, 0.1),
                8885: (0, 0, 0),
                8919: (0, 0, 0),
                8920: (10, 0.3, 0.1),
                8934: (10, 0.3, 0.1),
                8935: (0, 0, 0),
                8969: (0, 0, 0),
                8970: (10, 0.3, 0.1),
                8984: (10, 0.3, 0.1),
                8985: (0, 0, 0),
                9019: (0, 0, 0),
                9020: (10, 0.3, 0.1),
                9034: (10, 0.3, 0.1),
                9035: (0, 0, 0),
                9069: (0, 0, 0),
                9070: (10, 0.3, 0.1),
                9084: (10, 0.3, 0.1),
                9085: (0, 0, 0),
                9119: (0, 0, 0),
                9120: (10, 0.3, 0.1),
                9134: (10, 0.3, 0.1),
                9135: (0, 0, 0),
                9169: (0, 0, 0),
                9170: (10, 0.3, 0.1),
                9184: (10, 0.3, 0.1),
                9185: (0, 0, 0),
                9219: (0, 0, 0),
                9220: (10, 0.3, 0.1),
                9234: (10, 0.3, 0.1),
                9235: (0, 0, 0),
                9269: (0, 0, 0),
                9270: (10, 0.3, 0.1),
                9284: (10, 0.3, 0.1),
                9285: (0, 0, 0),
                9319: (0, 0, 0),
                9320: (10, 0.3, 0.1),
                9334: (10, 0.3, 0.1),
                9335: (0, 0, 0),
                9369: (0, 0, 0),
                9370: (10, 0.3, 0.1),
                9384: (10, 0.3, 0.1),
                9385: (0, 0, 0),
                9419: (0, 0, 0),
                9420: (10, 0.3, 0.1),
                9434: (10, 0.3, 0.1),
                9435: (0, 0, 0),
                9469: (0, 0, 0),
                9470: (10, 0.3, 0.1),
                9484: (10, 0.3, 0.1),
                9485: (0, 0, 0),
                9519: (0, 0, 0),
                9520: (10, 0.3, 0.1),
                9534: (10, 0.3, 0.1),
                9535: (0, 0, 0),
                9569: (0, 0, 0),
                9570: (10, 0.3, 0.1),
                9584: (10, 0.3, 0.1),
                9585: (0, 0, 0),
                9619: (0, 0, 0),
                9620: (10, 0.3, 0.1),
                9634: (10, 0.3, 0.1),
                9635: (0, 0, 0),
                9669: (0, 0, 0),
                9670: (10, 0.3, 0.1),
                9684: (10, 0.3, 0.1),
                9685: (0, 0, 0),
                9719: (0, 0, 0),
                9720: (10, 0.3, 0.1),
                9734: (10, 0.3, 0.1),
                9735: (0, 0, 0),
                9769: (0, 0, 0),
                9770: (10, 0.3, 0.1),
                9784: (10, 0.3, 0.1),
                9785: (0, 0, 0),
                9819: (0, 0, 0),
                9820: (10, 0.3, 0.1),
                9834: (10, 0.3, 0.1),
                9835: (0, 0, 0),
                9869: (0, 0, 0),
                9870: (10, 0.3, 0.1),
                9884: (10, 0.3, 0.1),
                9885: (0, 0, 0),
                9919: (0, 0, 0),
                9920: (10, 0.3, 0.1),
                9934: (10, 0.3, 0.1),
                9935: (0, 0, 0),
                9969: (0, 0, 0),
                9970: (10, 0.3, 0.1),
                9984: (10, 0.3, 0.1),
                9985: (0, 0, 0),
                10019: (0, 0, 0),
                10020: (10, 0.3, 0.1),
                10034: (10, 0.3, 0.1),
                10035: (0, 0, 0),
                10069: (0, 0, 0),
                10070: (10, 0.3, 0.1),
                10084: (10, 0.3, 0.1),
                10085: (0, 0, 0),
                10119: (0, 0, 0),
                10120: (10, 0.3, 0.1),
                10134: (10, 0.3, 0.1),
                10135: (0, 0, 0),
                10169: (0, 0, 0),
                10170: (10, 0.3, 0.1),
                10184: (10, 0.3, 0.1),
                10185: (0, 0, 0),
                10219: (0, 0, 0),
                10220: (10, 0.3, 0.1),
                10234: (10, 0.3, 0.1),
                10235: (0, 0, 0),
                10269: (0, 0, 0),
                10270: (10, 0.3, 0.1),
                10284: (10, 0.3, 0.1),
                10285: (0, 0, 0),
                10319: (0, 0, 0),
                10320: (10, 0.3, 0.1),
                10334: (10, 0.3, 0.1),
                10335: (0, 0, 0),
                10369: (0, 0, 0),
                10370: (10, 0.3, 0.1),
                10384: (10, 0.3, 0.1),
                10385: (0, 0, 0),
                10419: (0, 0, 0),
                10420: (10, 0.3, 0.1),
                10434: (10, 0.3, 0.1),
                10435: (0, 0, 0),
                10469: (0, 0, 0),
                10470: (10, 0.3, 0.1),
                10484: (10, 0.3, 0.1),
                10485: (0, 0, 0),
                10519: (0, 0, 0),
                10520: (10, 0.3, 0.1),
                10534: (10, 0.3, 0.1),
                10535: (0, 0, 0),
                10569: (0, 0, 0),
                10570: (10, 0.3, 0.1),
                10584: (10, 0.3, 0.1),
                10585: (0, 0, 0),
                10619: (0, 0, 0),
                10620: (10, 0.3, 0.1),
                10634: (10, 0.3, 0.1),
                10635: (0, 0, 0),
                10669: (0, 0, 0),
                10670: (10, 0.3, 0.1),
                10684: (10, 0.3, 0.1),
                10685: (0, 0, 0),
                10719: (0, 0, 0),
                10720: (10, 0.3, 0.1),
                10734: (10, 0.3, 0.1),
                10735: (0, 0, 0),
                10769: (0, 0, 0),
                10770: (10, 0.3, 0.1),
                10784: (10, 0.3, 0.1),
                10785: (0, 0, 0),
                10819: (0, 0, 0),
                10820: (10, 0.3, 0.1),
                10834: (10, 0.3, 0.1),
                10835: (0, 0, 0),
                10869: (0, 0, 0),
                10870: (10, 0.3, 0.1),
                10884: (10, 0.3, 0.1),
                10885: (0, 0, 0),
                10919: (0, 0, 0),
                10920: (10, 0.3, 0.1),
                10934: (10, 0.3, 0.1),
                10935: (0, 0, 0),
                10969: (0, 0, 0),
                10970: (10, 0.3, 0.1),
                10984: (10, 0.3, 0.1),
                10985: (0, 0, 0),
                11019: (0, 0, 0),
                11020: (10, 0.3, 0.1),
                11034: (10, 0.3, 0.1),
                11035: (0, 0, 0),
                11069: (0, 0, 0),
                11070: (10, 0.3, 0.1),
                11084: (10, 0.3, 0.1),
                11085: (0, 0, 0),
                11119: (0, 0, 0),
                11120: (10, 0.3, 0.1),
                11134: (10, 0.3, 0.1),
                11135: (0, 0, 0),
                11169: (0, 0, 0),
                11170: (10, 0.3, 0.1),
                11184: (10, 0.3, 0.1),
                11185: (0, 0, 0),
                11219: (0, 0, 0),
                11220: (10, 0.3, 0.1),
                11234: (10, 0.3, 0.1),
                11235: (0, 0, 0),
                11269: (0, 0, 0),
                11270: (10, 0.3, 0.1),
                11284: (10, 0.3, 0.1),
                11285: (0, 0, 0),
                11319: (0, 0, 0),
                11320: (10, 0.3, 0.1),
                11334: (10, 0.3, 0.1),
                11335: (0, 0, 0),
                11369: (0, 0, 0),
                11370: (10, 0.3, 0.1),
                11384: (10, 0.3, 0.1),
                11385: (0, 0, 0),
                11419: (0, 0, 0),
                11420: (10, 0.3, 0.1),
                11434: (10, 0.3, 0.1),
                11435: (0, 0, 0),
                11469: (0, 0, 0),
                11470: (10, 0.3, 0.1),
                11484: (10, 0.3, 0.1),
                11485: (0, 0, 0),
                11519: (0, 0, 0),
                11520: (10, 0.3, 0.1),
                11534: (10, 0.3, 0.1),
                11535: (0, 0, 0),
                11569: (0, 0, 0),
                11570: (10, 0.3, 0.1),
                11584: (10, 0.3, 0.1),
                11585: (0, 0, 0),
                11619: (0, 0, 0),
                11620: (10, 0.3, 0.1),
                11634: (10, 0.3, 0.1),
                11635: (0, 0, 0),
                11669: (0, 0, 0),
                11670: (10, 0.3, 0.1),
                11684: (10, 0.3, 0.1),
                11685: (0, 0, 0),
                11719: (0, 0, 0),
                11720: (10, 0.3, 0.1),
                11734: (10, 0.3, 0.1),
                11735: (0, 0, 0),
                11769: (0, 0, 0),
                11770: (10, 0.3, 0.1),
                11784: (10, 0.3, 0.1),
                11785: (0, 0, 0),
                11819: (0, 0, 0),
                11820: (10, 0.3, 0.1),
                11834: (10, 0.3, 0.1),
                11835: (0, 0, 0),
                11869: (0, 0, 0),
                11870: (10, 0.3, 0.1),
                11884: (10, 0.3, 0.1),
                11885: (0, 0, 0),
                11919: (0, 0, 0),
                11920: (10, 0.3, 0.1),
                11934: (10, 0.3, 0.1),
                11935: (0, 0, 0),
                11969: (0, 0, 0),
                11970: (10, 0.3, 0.1),
                11984: (10, 0.3, 0.1),
                11985: (0, 0, 0),
                12019: (0, 0, 0),
                12020: (10, 0.3, 0.1),
                12034: (10, 0.3, 0.1),
                12035: (0, 0, 0),
                12069: (0, 0, 0),
                12070: (10, 0.3, 0.1),
                12084: (10, 0.3, 0.1),
                12085: (0, 0, 0),
                12119: (0, 0, 0),
                12120: (10, 0.3, 0.1),
                12134: (10, 0.3, 0.1),
                12135: (0, 0, 0),
                12169: (0, 0, 0),
                12170: (10, 0.3, 0.1),
                12184: (10, 0.3, 0.1),
                12185: (0, 0, 0),
                12219: (0, 0, 0),
                12220: (10, 0.3, 0.1),
                12234: (10, 0.3, 0.1),
                12235: (0, 0, 0),
                12269: (0, 0, 0),
                12270: (10, 0.3, 0.1),
                12284: (10, 0.3, 0.1),
                12285: (0, 0, 0),
                12319: (0, 0, 0),
                12320: (10, 0.3, 0.1),
                12334: (10, 0.3, 0.1),
                12335: (0, 0, 0),
                12369: (0, 0, 0),
                12370: (10, 0.3, 0.1),
                12384: (10, 0.3, 0.1),
                12385: (0, 0, 0),
                12419: (0, 0, 0),
                12420: (10, 0.3, 0.1),
                12434: (10, 0.3, 0.1),
                12435: (0, 0, 0),
                12469: (0, 0, 0),
                12470: (10, 0.3, 0.1),
                12484: (10, 0.3, 0.1),
                12485: (0, 0, 0),
                12519: (0, 0, 0),
                12520: (10, 0.3, 0.1),
                12534: (10, 0.3, 0.1),
                12535: (0, 0, 0),
                12569: (0, 0, 0),
                12570: (10, 0.3, 0.1),
                12584: (10, 0.3, 0.1),
                12585: (0, 0, 0),
                12619: (0, 0, 0),
                12620: (10, 0.3, 0.1),
                12634: (10, 0.3, 0.1),
                12635: (0, 0, 0),
                12669: (0, 0, 0),
                12670: (10, 0.3, 0.1),
                12684: (10, 0.3, 0.1),
                12685: (0, 0, 0),
                12719: (0, 0, 0),
                12720: (10, 0.3, 0.1),
                12734: (10, 0.3, 0.1),
                12735: (0, 0, 0),
                12769: (0, 0, 0),
                12770: (10, 0.3, 0.1),
                12784: (10, 0.3, 0.1),
                12785: (0, 0, 0),
                12819: (0, 0, 0),
                12820: (10, 0.3, 0.1),
                12834: (10, 0.3, 0.1),
                12835: (0, 0, 0),
                12869: (0, 0, 0),
                12870: (10, 0.3, 0.1),
                12884: (10, 0.3, 0.1),
                12885: (0, 0, 0),
                12919: (0, 0, 0),
                12920: (10, 0.3, 0.1),
                12934: (10, 0.3, 0.1),
                12935: (0, 0, 0),
                12969: (0, 0, 0),
                12970: (10, 0.3, 0.1),
                12984: (10, 0.3, 0.1),
                12985: (0, 0, 0),
                13019: (0, 0, 0),
                13020: (10, 0.3, 0.1),
                13034: (10, 0.3, 0.1),
                13035: (0, 0, 0),
                13069: (0, 0, 0),
                13070: (10, 0.3, 0.1),
                13084: (10, 0.3, 0.1),
                13085: (0, 0, 0),
                13119: (0, 0, 0),
                13120: (10, 0.3, 0.1),
                13134: (10, 0.3, 0.1),
                13135: (0, 0, 0),
                13169: (0, 0, 0),
                13170: (10, 0.3, 0.1),
                13184: (10, 0.3, 0.1),
                13185: (0, 0, 0),
                13219: (0, 0, 0),
                13220: (10, 0.3, 0.1),
                13234: (10, 0.3, 0.1),
                13235: (0, 0, 0),
                13269: (0, 0, 0),
                13270: (10, 0.3, 0.1),
                13284: (10, 0.3, 0.1),
                13285: (0, 0, 0),
                13319: (0, 0, 0),
                13320: (10, 0.3, 0.1),
                13334: (10, 0.3, 0.1),
                13335: (0, 0, 0),
                13369: (0, 0, 0),
                13370: (10, 0.3, 0.1),
                13384: (10, 0.3, 0.1),
                13385: (0, 0, 0),
                13419: (0, 0, 0),
                13420: (10, 0.3, 0.1),
                13434: (10, 0.3, 0.1),
                13435: (0, 0, 0),
                13469: (0, 0, 0),
                13470: (10, 0.3, 0.1),
                13484: (10, 0.3, 0.1),
                13485: (0, 0, 0),
                13519: (0, 0, 0),
                13520: (10, 0.3, 0.1),
                13534: (10, 0.3, 0.1),
                13535: (0, 0, 0),
                13569: (0, 0, 0),
                13570: (10, 0.3, 0.1),
                13584: (10, 0.3, 0.1),
                13585: (0, 0, 0),
                13619: (0, 0, 0),
                13620: (10, 0.3, 0.1),
                13634: (10, 0.3, 0.1),
                13635: (0, 0, 0),
                13669: (0, 0, 0),
                13670: (10, 0.3, 0.1),
                13684: (10, 0.3, 0.1),
                13685: (0, 0, 0),
                13719: (0, 0, 0),
                13720: (10, 0.3, 0.1),
                13734: (10, 0.3, 0.1),
                13735: (0, 0, 0),
                13769: (0, 0, 0),
                13770: (10, 0.3, 0.1),
                13784: (10, 0.3, 0.1),
                13785: (0, 0, 0),
                13819: (0, 0, 0),
                13820: (10, 0.3, 0.1),
                13834: (10, 0.3, 0.1),
                13835: (0, 0, 0),
                13869: (0, 0, 0),
                13870: (10, 0.3, 0.1),
                13884: (10, 0.3, 0.1),
                13885: (0, 0, 0),
                13919: (0, 0, 0),
                13920: (10, 0.3, 0.1),
                13934: (10, 0.3, 0.1),
                13935: (0, 0, 0),
                13969: (0, 0, 0),
                13970: (10, 0.3, 0.1),
                13984: (10, 0.3, 0.1),
                13985: (0, 0, 0),
                14019: (0, 0, 0),
                14020: (10, 0.3, 0.1),
                14034: (10, 0.3, 0.1),
                14035: (0, 0, 0),
                14069: (0, 0, 0),
                14070: (10, 0.3, 0.1),
                14084: (10, 0.3, 0.1),
                14085: (0, 0, 0),
                14119: (0, 0, 0),
                14120: (10, 0.3, 0.1),
                14134: (10, 0.3, 0.1),
                14135: (0, 0, 0),
                14169: (0, 0, 0),
                14170: (10, 0.3, 0.1),
                14184: (10, 0.3, 0.1),
                14185: (0, 0, 0),
                14219: (0, 0, 0),
                14220: (10, 0.3, 0.1),
                14234: (10, 0.3, 0.1),
                14235: (0, 0, 0),
                14269: (0, 0, 0),
                14270: (10, 0.3, 0.1),
                14284: (10, 0.3, 0.1),
                14285: (0, 0, 0),
                14319: (0, 0, 0),
                14320: (10, 0.3, 0.1),
                14334: (10, 0.3, 0.1),
                14335: (0, 0, 0),
                14369: (0, 0, 0),
                14370: (10, 0.3, 0.1),
                14384: (10, 0.3, 0.1),
                14385: (0, 0, 0),
                14419: (0, 0, 0),
                14420: (10, 0.3, 0.1),
                14434: (10, 0.3, 0.1),
                14435: (0, 0, 0),
                14469: (0, 0, 0),
                14470: (10, 0.3, 0.1),
                14484: (10, 0.3, 0.1),
                14485: (0, 0, 0),
                14519: (0, 0, 0),
                14520: (10, 0.3, 0.1),
                14534: (10, 0.3, 0.1),
                14535: (0, 0, 0),
                14569: (0, 0, 0),
                14570: (10, 0.3, 0.1),
                14584: (10, 0.3, 0.1),
                14585: (0, 0, 0),
                14619: (0, 0, 0),
                14620: (10, 0.3, 0.1),
                14634: (10, 0.3, 0.1),
                14635: (0, 0, 0),
                14669: (0, 0, 0),
                14670: (10, 0.3, 0.1),
                14684: (10, 0.3, 0.1),
                14685: (0, 0, 0),
                14719: (0, 0, 0),
                14720: (10, 0.3, 0.1),
                14734: (10, 0.3, 0.1),
                14735: (0, 0, 0),
                14769: (0, 0, 0),
                14770: (10, 0.3, 0.1),
                14784: (10, 0.3, 0.1),
                14785: (0, 0, 0),
                14819: (0, 0, 0),
                14820: (10, 0.3, 0.1),
                14834: (10, 0.3, 0.1),
                14835: (0, 0, 0),
                14869: (0, 0, 0),
                14870: (10, 0.3, 0.1),
                14884: (10, 0.3, 0.1),
                14885: (0, 0, 0),
                14919: (0, 0, 0),
                14920: (10, 0.3, 0.1),
                14934: (10, 0.3, 0.1),
                14935: (0, 0, 0),
                14969: (0, 0, 0),
                14970: (10, 0.3, 0.1),
                14984: (10, 0.3, 0.1),
                14985: (0, 0, 0),
                15019: (0, 0, 0),
                15020: (10, 0.3, 0.1),
                15034: (10, 0.3, 0.1),
                15035: (0, 0, 0),
                15069: (0, 0, 0),
                15070: (10, 0.3, 0.1),
                15084: (10, 0.3, 0.1),
                15085: (0, 0, 0),
                15119: (0, 0, 0),
                15120: (10, 0.3, 0.1),
                15134: (10, 0.3, 0.1),
                15135: (0, 0, 0),
                15169: (0, 0, 0),
                15170: (10, 0.3, 0.1),
                15184: (10, 0.3, 0.1),
                15185: (0, 0, 0),
                15219: (0, 0, 0),
                15220: (10, 0.3, 0.1),
                15234: (10, 0.3, 0.1),
                15235: (0, 0, 0),
                15269: (0, 0, 0),
                15270: (10, 0.3, 0.1),
                15284: (10, 0.3, 0.1),
                15285: (0, 0, 0),
                15319: (0, 0, 0),
                15320: (10, 0.3, 0.1),
                15334: (10, 0.3, 0.1),
                15335: (0, 0, 0),
                15369: (0, 0, 0),
                15370: (10, 0.3, 0.1),
                15384: (10, 0.3, 0.1),
                15385: (0, 0, 0),
                15419: (0, 0, 0),
                15420: (10, 0.3, 0.1),
                15434: (10, 0.3, 0.1),
                15435: (0, 0, 0),
                15469: (0, 0, 0),
                15470: (10, 0.3, 0.1),
                15484: (10, 0.3, 0.1),
                15485: (0, 0, 0),
                15519: (0, 0, 0),
                15520: (10, 0.3, 0.1),
                15534: (10, 0.3, 0.1),
                15535: (0, 0, 0),
                15569: (0, 0, 0),
                15570: (10, 0.3, 0.1),
                15584: (10, 0.3, 0.1),
                15585: (0, 0, 0),
                15619: (0, 0, 0),
                15620: (10, 0.3, 0.1),
                15634: (10, 0.3, 0.1),
                15635: (0, 0, 0),
                15669: (0, 0, 0),
                15670: (10, 0.3, 0.1),
                15684: (10, 0.3, 0.1),
                15685: (0, 0, 0),
                15719: (0, 0, 0),
                15720: (10, 0.3, 0.1),
                15734: (10, 0.3, 0.1),
                15735: (0, 0, 0),
                15769: (0, 0, 0),
                15770: (10, 0.3, 0.1),
                15784: (10, 0.3, 0.1),
                15785: (0, 0, 0),
                15819: (0, 0, 0),
                15820: (10, 0.3, 0.1),
                15834: (10, 0.3, 0.1),
                15835: (0, 0, 0),
                15869: (0, 0, 0),
                15870: (10, 0.3, 0.1),
                15884: (10, 0.3, 0.1),
                15885: (0, 0, 0),
                15919: (0, 0, 0),
                15920: (10, 0.3, 0.1),
                15934: (10, 0.3, 0.1),
                15935: (0, 0, 0),
                15969: (0, 0, 0),
                15970: (10, 0.3, 0.1),
                15984: (10, 0.3, 0.1),
                15985: (0, 0, 0),
                16019: (0, 0, 0),
                16020: (10, 0.3, 0.1),
                16034: (10, 0.3, 0.1),
                16035: (0, 0, 0),
                16069: (0, 0, 0),
                16070: (10, 0.3, 0.1),
                16084: (10, 0.3, 0.1),
                16085: (0, 0, 0),
                16119: (0, 0, 0),
                16120: (10, 0.3, 0.1),
                16134: (10, 0.3, 0.1),
                16135: (0, 0, 0),
                16169: (0, 0, 0),
                16170: (10, 0.3, 0.1),
                16184: (10, 0.3, 0.1),
                16185: (0, 0, 0),
                16219: (0, 0, 0),
                16220: (10, 0.3, 0.1),
                16234: (10, 0.3, 0.1),
                16235: (0, 0, 0),
                16269: (0, 0, 0),
                16270: (10, 0.3, 0.1),
                16284: (10, 0.3, 0.1),
                16285: (0, 0, 0),
                16319: (0, 0, 0),
                16320: (10, 0.3, 0.1),
                16334: (10, 0.3, 0.1),
                16335: (0, 0, 0),
                16369: (0, 0, 0),
                16370: (10, 0.3, 0.1),
                16384: (10, 0.3, 0.1),
                16385: (0, 0, 0),
                16419: (0, 0, 0),
                16420: (10, 0.3, 0.1),
                16434: (10, 0.3, 0.1),
                16435: (0, 0, 0),
                16469: (0, 0, 0),
                16470: (10, 0.3, 0.1),
                16484: (10, 0.3, 0.1),
                16485: (0, 0, 0),
                16519: (0, 0, 0),
                16520: (10, 0.3, 0.1),
                16534: (10, 0.3, 0.1),
                16535: (0, 0, 0),
                16569: (0, 0, 0),
                16570: (10, 0.3, 0.1),
                16584: (10, 0.3, 0.1),
                16585: (0, 0, 0),
                16619: (0, 0, 0),
                16620: (10, 0.3, 0.1),
                16634: (10, 0.3, 0.1),
                16635: (0, 0, 0),
                16669: (0, 0, 0),
                16670: (10, 0.3, 0.1),
                16684: (10, 0.3, 0.1),
                16685: (0, 0, 0),
                16719: (0, 0, 0),
                16720: (10, 0.3, 0.1),
                16734: (10, 0.3, 0.1),
                16735: (0, 0, 0),
                16769: (0, 0, 0),
                16770: (10, 0.3, 0.1),
                16784: (10, 0.3, 0.1),
                16785: (0, 0, 0),
                16819: (0, 0, 0),
                16820: (10, 0.3, 0.1),
                16834: (10, 0.3, 0.1),
                16835: (0, 0, 0),
                16869: (0, 0, 0),
                16870: (10, 0.3, 0.1),
                16884: (10, 0.3, 0.1),
                16885: (0, 0, 0),
                16919: (0, 0, 0),
                16920: (10, 0.3, 0.1),
                16934: (10, 0.3, 0.1),
                16935: (0, 0, 0),
                16969: (0, 0, 0),
                16970: (10, 0.3, 0.1),
                16984: (10, 0.3, 0.1),
                16985: (0, 0, 0),
                17019: (0, 0, 0),
                17020: (10, 0.3, 0.1),
                17034: (10, 0.3, 0.1),
                17035: (0, 0, 0),
                17069: (0, 0, 0),
                17070: (10, 0.3, 0.1),
                17084: (10, 0.3, 0.1),
                17085: (0, 0, 0),
                17119: (0, 0, 0),
                17120: (10, 0.3, 0.1),
                17134: (10, 0.3, 0.1),
                17135: (0, 0, 0),
                17169: (0, 0, 0),
                17170: (10, 0.3, 0.1),
                17184: (10, 0.3, 0.1),
                17185: (0, 0, 0),
                17219: (0, 0, 0),
                17220: (10, 0.3, 0.1),
                17234: (10, 0.3, 0.1),
                17235: (0, 0, 0),
                17269: (0, 0, 0),
                17270: (10, 0.3, 0.1),
                17284: (10, 0.3, 0.1),
                17285: (0, 0, 0),
                17319: (0, 0, 0),
                17320: (10, 0.3, 0.1),
                17334: (10, 0.3, 0.1),
                17335: (0, 0, 0),
                17369: (0, 0, 0),
                17370: (10, 0.3, 0.1),
                17384: (10, 0.3, 0.1),
                17385: (0, 0, 0),
                17419: (0, 0, 0),
                17420: (10, 0.3, 0.1),
                17434: (10, 0.3, 0.1),
                17435: (0, 0, 0),
                17469: (0, 0, 0),
                17470: (10, 0.3, 0.1),
                17484: (10, 0.3, 0.1),
                17485: (0, 0, 0),
                17519: (0, 0, 0),
                17520: (10, 0.3, 0.1),
                17534: (10, 0.3, 0.1),
                17535: (0, 0, 0),
                17569: (0, 0, 0),
                17570: (10, 0.3, 0.1),
                17584: (10, 0.3, 0.1),
                17585: (0, 0, 0),
                17619: (0, 0, 0),
                17620: (10, 0.3, 0.1),
                17634: (10, 0.3, 0.1),
                17635: (0, 0, 0),
                17669: (0, 0, 0),
                17670: (10, 0.3, 0.1),
                17684: (10, 0.3, 0.1),
                17685: (0, 0, 0),
                17719: (0, 0, 0),
                17720: (10, 0.3, 0.1),
                17734: (10, 0.3, 0.1),
                17735: (0, 0, 0),
                17769: (0, 0, 0),
                17770: (10, 0.3, 0.1),
                17784: (10, 0.3, 0.1),
                17785: (0, 0, 0),
                17819: (0, 0, 0),
                17820: (10, 0.3, 0.1),
                17834: (10, 0.3, 0.1),
                17835: (0, 0, 0),
                17869: (0, 0, 0),
                17870: (10, 0.3, 0.1),
                17884: (10, 0.3, 0.1),
                17885: (0, 0, 0),
                17919: (0, 0, 0),
                17920: (10, 0.3, 0.1),
                17934: (10, 0.3, 0.1),
                17935: (0, 0, 0),
                17969: (0, 0, 0),
                17970: (10, 0.3, 0.1),
                17984: (10, 0.3, 0.1),
                17985: (0, 0, 0),
                18019: (0, 0, 0),
                18020: (10, 0.3, 0.1),
                18034: (10, 0.3, 0.1),
                18035: (0, 0, 0),
                18069: (0, 0, 0),
                18070: (10, 0.3, 0.1),
                18084: (10, 0.3, 0.1),
                18085: (0, 0, 0),
                18119: (0, 0, 0),
                18120: (10, 0.3, 0.1),
                18134: (10, 0.3, 0.1),
                18135: (0, 0, 0),
                18169: (0, 0, 0),
                18170: (10, 0.3, 0.1),
                18184: (10, 0.3, 0.1),
                18185: (0, 0, 0),
                18219: (0, 0, 0),
                18220: (10, 0.3, 0.1),
                18234: (10, 0.3, 0.1),
                18235: (0, 0, 0),
                18269: (0, 0, 0),
                18270: (10, 0.3, 0.1),
                18284: (10, 0.3, 0.1),
                18285: (0, 0, 0),
                18319: (0, 0, 0),
                18320: (10, 0.3, 0.1),
                18334: (10, 0.3, 0.1),
                18335: (0, 0, 0),
                18369: (0, 0, 0),
                18370: (10, 0.3, 0.1),
                18384: (10, 0.3, 0.1),
                18385: (0, 0, 0),
                18419: (0, 0, 0),
                18420: (10, 0.3, 0.1),
                18434: (10, 0.3, 0.1),
                18435: (0, 0, 0),
                18469: (0, 0, 0),
                18470: (10, 0.3, 0.1),
                18484: (10, 0.3, 0.1),
                18485: (0, 0, 0),
                18519: (0, 0, 0),
                18520: (10, 0.3, 0.1),
                18534: (10, 0.3, 0.1),
                18535: (0, 0, 0),
                18569: (0, 0, 0),
                18570: (10, 0.3, 0.1),
                18584: (10, 0.3, 0.1),
                18585: (0, 0, 0),
                18619: (0, 0, 0),
                18620: (10, 0.3, 0.1),
                18634: (10, 0.3, 0.1),
                18635: (0, 0, 0),
                18669: (0, 0, 0),
                18670: (10, 0.3, 0.1),
                18684: (10, 0.3, 0.1),
                18685: (0, 0, 0),
                18719: (0, 0, 0),
                18720: (10, 0.3, 0.1),
                18734: (10, 0.3, 0.1),
                18735: (0, 0, 0),
                18769: (0, 0, 0),
                18770: (10, 0.3, 0.1),
                18784: (10, 0.3, 0.1),
                18785: (0, 0, 0),
                18819: (0, 0, 0),
                18820: (10, 0.3, 0.1),
                18834: (10, 0.3, 0.1),
                18835: (0, 0, 0),
                18869: (0, 0, 0),
                18870: (10, 0.3, 0.1),
                18884: (10, 0.3, 0.1),
                18885: (0, 0, 0),
                18919: (0, 0, 0),
                18920: (10, 0.3, 0.1),
                18934: (10, 0.3, 0.1),
                18935: (0, 0, 0),
                18969: (0, 0, 0),
                18970: (10, 0.3, 0.1),
                18984: (10, 0.3, 0.1),
                18985: (0, 0, 0),
                19019: (0, 0, 0),
                19020: (10, 0.3, 0.1),
                19034: (10, 0.3, 0.1),
                19035: (0, 0, 0),
                19069: (0, 0, 0),
                19070: (10, 0.3, 0.1),
                19084: (10, 0.3, 0.1),
                19085: (0, 0, 0),
                19119: (0, 0, 0),
                19120: (10, 0.3, 0.1),
                19134: (10, 0.3, 0.1),
                19135: (0, 0, 0),
                19169: (0, 0, 0),
                19170: (10, 0.3, 0.1),
                19184: (10, 0.3, 0.1),
                19185: (0, 0, 0),
                19219: (0, 0, 0),
                19220: (10, 0.3, 0.1),
                19234: (10, 0.3, 0.1),
                19235: (0, 0, 0),
                19269: (0, 0, 0),
                19270: (10, 0.3, 0.1),
                19284: (10, 0.3, 0.1),
                19285: (0, 0, 0),
                19319: (0, 0, 0),
                19320: (10, 0.3, 0.1),
                19334: (10, 0.3, 0.1),
                19335: (0, 0, 0),
                19369: (0, 0, 0),
                19370: (10, 0.3, 0.1),
                19384: (10, 0.3, 0.1),
                19385: (0, 0, 0),
                19419: (0, 0, 0),
                19420: (10, 0.3, 0.1),
                19434: (10, 0.3, 0.1),
                19435: (0, 0, 0),
                19469: (0, 0, 0),
                19470: (10, 0.3, 0.1),
                19484: (10, 0.3, 0.1),
                19485: (0, 0, 0),
                19519: (0, 0, 0),
                19520: (10, 0.3, 0.1),
                19534: (10, 0.3, 0.1),
                19535: (0, 0, 0),
                19569: (0, 0, 0),
                19570: (10, 0.3, 0.1),
                19584: (10, 0.3, 0.1),
                19585: (0, 0, 0),
                19619: (0, 0, 0),
                19620: (10, 0.3, 0.1),
                19634: (10, 0.3, 0.1),
                19635: (0, 0, 0),
                19669: (0, 0, 0),
                19670: (10, 0.3, 0.1),
                19684: (10, 0.3, 0.1),
                19685: (0, 0, 0),
                19719: (0, 0, 0),
                19720: (10, 0.3, 0.1),
                19734: (10, 0.3, 0.1),
                19735: (0, 0, 0),
                19769: (0, 0, 0),
                19770: (10, 0.3, 0.1),
                19784: (10, 0.3, 0.1),
                19785: (0, 0, 0),
                19819: (0, 0, 0),
                19820: (10, 0.3, 0.1),
                19834: (10, 0.3, 0.1),
                19835: (0, 0, 0),
                19869: (0, 0, 0),
                19870: (10, 0.3, 0.1),
                19884: (10, 0.3, 0.1),
                19885: (0, 0, 0),
                19919: (0, 0, 0),
                19920: (10, 0.3, 0.1),
                19934: (10, 0.3, 0.1),
                19935: (0, 0, 0),
                19969: (0, 0, 0),
                19970: (10, 0.3, 0.1),
                19984: (10, 0.3, 0.1),
                19985: (0, 0, 0),
                20019: (0, 0, 0),
                20020: (10, 0.3, 0.1),
                20034: (10, 0.3, 0.1),
                20035: (0, 0, 0),
                20069: (0, 0, 0),
                20070: (10, 0.3, 0.1),
                20084: (10, 0.3, 0.1),
                20085: (0, 0, 0),
                20119: (0, 0, 0),
                20120: (10, 0.3, 0.1),
                20134: (10, 0.3, 0.1),
                20135: (0, 0, 0),
                20169: (0, 0, 0),
                20170: (10, 0.3, 0.1),
                20184: (10, 0.3, 0.1),
                20185: (0, 0, 0),
                20219: (0, 0, 0),
                20220: (10, 0.3, 0.1),
                20234: (10, 0.3, 0.1),
                20235: (0, 0, 0),
                20269: (0, 0, 0),
                20270: (10, 0.3, 0.1),
                20284: (10, 0.3, 0.1),
                20285: (0, 0, 0),
                20319: (0, 0, 0),
                20320: (10, 0.3, 0.1),
                20334: (10, 0.3, 0.1),
                20335: (0, 0, 0),
                20369: (0, 0, 0),
                20370: (10, 0.3, 0.1),
                20384: (10, 0.3, 0.1),
                20385: (0, 0, 0),
                20419: (0, 0, 0),
                20420: (10, 0.3, 0.1),
                20434: (10, 0.3, 0.1),
                20435: (0, 0, 0),
                20469: (0, 0, 0),
                20470: (10, 0.3, 0.1),
                20484: (10, 0.3, 0.1),
                20485: (0, 0, 0),
                20519: (0, 0, 0),
                20520: (10, 0.3, 0.1),
                20534: (10, 0.3, 0.1),
                20535: (0, 0, 0),
                20569: (0, 0, 0),
                20570: (10, 0.3, 0.1),
                20584: (10, 0.3, 0.1),
                20585: (0, 0, 0),
                20619: (0, 0, 0),
                20620: (10, 0.3, 0.1),
                20634: (10, 0.3, 0.1),
                20635: (0, 0, 0),
                20669: (0, 0, 0),
                20670: (10, 0.3, 0.1),
                20684: (10, 0.3, 0.1),
                20685: (0, 0, 0),
                20719: (0, 0, 0),
                20720: (10, 0.3, 0.1),
                20734: (10, 0.3, 0.1),
                20735: (0, 0, 0),
                20769: (0, 0, 0),
                20770: (10, 0.3, 0.1),
                20784: (10, 0.3, 0.1),
                20785: (0, 0, 0),
                20819: (0, 0, 0),
                20820: (10, 0.3, 0.1),
                20834: (10, 0.3, 0.1),
                20835: (0, 0, 0),
                20869: (0, 0, 0),
                20870: (10, 0.3, 0.1),
                20884: (10, 0.3, 0.1),
                20885: (0, 0, 0),
                20919: (0, 0, 0),
                20920: (10, 0.3, 0.1),
                20934: (10, 0.3, 0.1),
                20935: (0, 0, 0),
                20969: (0, 0, 0),
                20970: (10, 0.3, 0.1),
                20984: (10, 0.3, 0.1),
                20985: (0, 0, 0),
                21019: (0, 0, 0),
                21020: (10, 0.3, 0.1),
                21034: (10, 0.3, 0.1),
                21035: (0, 0, 0),
                21069: (0, 0, 0),
                21070: (10, 0.3, 0.1),
                21084: (10, 0.3, 0.1),
                21085: (0, 0, 0),
                21119: (0, 0, 0),
                21120: (10, 0.3, 0.1),
                21134: (10, 0.3, 0.1),
                21135: (0, 0, 0),
                21169: (0, 0, 0),
                21170: (10, 0.3, 0.1),
                21184: (10, 0.3, 0.1),
                21185: (0, 0, 0),
                21219: (0, 0, 0),
                21220: (10, 0.3, 0.1),
                21234: (10, 0.3, 0.1),
                21235: (0, 0, 0),
                21269: (0, 0, 0),
                21270: (10, 0.3, 0.1),
                21284: (10, 0.3, 0.1),
                21285: (0, 0, 0),
                21319: (0, 0, 0),
                21320: (10, 0.3, 0.1),
                21334: (10, 0.3, 0.1),
                21335: (0, 0, 0),
                21369: (0, 0, 0),
                21370: (10, 0.3, 0.1),
                21384: (10, 0.3, 0.1),
                21385: (0, 0, 0),
                21419: (0, 0, 0),
                21420: (10, 0.3, 0.1),
                21434: (10, 0.3, 0.1),
                21435: (0, 0, 0),
                21469: (0, 0, 0),
                21470: (10, 0.3, 0.1),
                21484: (10, 0.3, 0.1),
                21485: (0, 0, 0),
                21519: (0, 0, 0),
                21520: (10, 0.3, 0.1),
                21534: (10, 0.3, 0.1),
                21535: (0, 0, 0),
                21569: (0, 0, 0),
                21570: (10, 0.3, 0.1),
                21584: (10, 0.3, 0.1),
                21585: (0, 0, 0),
                21619: (0, 0, 0),
                21620: (10, 0.3, 0.1),
                21634: (10, 0.3, 0.1),
                21635: (0, 0, 0),
                21669: (0, 0, 0),
                21670: (10, 0.3, 0.1),
                21684: (10, 0.3, 0.1),
                21685: (0, 0, 0),
                21719: (0, 0, 0),
                21720: (10, 0.3, 0.1),
                21734: (10, 0.3, 0.1),
                21735: (0, 0, 0),
                21769: (0, 0, 0),
                21770: (10, 0.3, 0.1),
                21784: (10, 0.3, 0.1),
                21785: (0, 0, 0),
                21819: (0, 0, 0),
                21820: (10, 0.3, 0.1),
                21834: (10, 0.3, 0.1),
                21835: (0, 0, 0),
                21869: (0, 0, 0),
                21870: (10, 0.3, 0.1),
                21884: (10, 0.3, 0.1),
                21885: (0, 0, 0),
                21919: (0, 0, 0),
                21920: (10, 0.3, 0.1),
                21934: (10, 0.3, 0.1),
                21935: (0, 0, 0),
                21969: (0, 0, 0),
                21970: (10, 0.3, 0.1),
                21984: (10, 0.3, 0.1),
                21985: (0, 0, 0),
                22019: (0, 0, 0),
                22020: (10, 0.3, 0.1),
                22034: (10, 0.3, 0.1),
                22035: (0, 0, 0),
                22069: (0, 0, 0),
                22070: (10, 0.3, 0.1),
                22084: (10, 0.3, 0.1),
                22085: (0, 0, 0),
                22119: (0, 0, 0),
                22120: (10, 0.3, 0.1),
                22134: (10, 0.3, 0.1),
                22135: (0, 0, 0),
                22169: (0, 0, 0),
                22170: (10, 0.3, 0.1),
                22184: (10, 0.3, 0.1),
                22185: (0, 0, 0),
                22219: (0, 0, 0),
                22220: (10, 0.3, 0.1),
                22234: (10, 0.3, 0.1),
                22235: (0, 0, 0),
                22269: (0, 0, 0),
                22270: (10, 0.3, 0.1),
                22284: (10, 0.3, 0.1),
                22285: (0, 0, 0),
                22319: (0, 0, 0),
                22320: (10, 0.3, 0.1),
                22334: (10, 0.3, 0.1),
                22335: (0, 0, 0),
                22369: (0, 0, 0),
                22370: (10, 0.3, 0.1),
                22384: (10, 0.3, 0.1),
                22385: (0, 0, 0),
                22419: (0, 0, 0),
                22420: (10, 0.3, 0.1),
                22434: (10, 0.3, 0.1),
                22435: (0, 0, 0),
                22469: (0, 0, 0),
                22470: (10, 0.3, 0.1),
                22484: (10, 0.3, 0.1),
                22485: (0, 0, 0),
                22519: (0, 0, 0),
                22520: (10, 0.3, 0.1),
                22534: (10, 0.3, 0.1),
                22535: (0, 0, 0),
                22569: (0, 0, 0),
                22570: (10, 0.3, 0.1),
                22584: (10, 0.3, 0.1),
                22585: (0, 0, 0),
                22619: (0, 0, 0),
                22620: (10, 0.3, 0.1),
                22634: (10, 0.3, 0.1),
                22635: (0, 0, 0),
                22669: (0, 0, 0),
                22670: (10, 0.3, 0.1),
                22684: (10, 0.3, 0.1),
                22685: (0, 0, 0),
                22719: (0, 0, 0),
                22720: (10, 0.3, 0.1),
                22734: (10, 0.3, 0.1),
                22735: (0, 0, 0),
                22769: (0, 0, 0),
                22770: (10, 0.3, 0.1),
                22784: (10, 0.3, 0.1),
                22785: (0, 0, 0),
                22819: (0, 0, 0),
                22820: (10, 0.3, 0.1),
                22834: (10, 0.3, 0.1),
                22835: (0, 0, 0),
                22869: (0, 0, 0),
                22870: (10, 0.3, 0.1),
                22884: (10, 0.3, 0.1),
                22885: (0, 0, 0),
                22919: (0, 0, 0),
                22920: (10, 0.3, 0.1),
                22934: (10, 0.3, 0.1),
                22935: (0, 0, 0),
                22969: (0, 0, 0),
                22970: (10, 0.3, 0.1),
                22984: (10, 0.3, 0.1),
                22985: (0, 0, 0),
                23019: (0, 0, 0),
                23020: (10, 0.3, 0.1),
                23034: (10, 0.3, 0.1),
                23035: (0, 0, 0),
                23069: (0, 0, 0),
                23070: (10, 0.3, 0.1),
                23084: (10, 0.3, 0.1),
                23085: (0, 0, 0),
                23119: (0, 0, 0),
                23120: (10, 0.3, 0.1),
                23134: (10, 0.3, 0.1),
                23135: (0, 0, 0),
                23169: (0, 0, 0),
                23170: (10, 0.3, 0.1),
                23184: (10, 0.3, 0.1),
                23185: (0, 0, 0),
                23219: (0, 0, 0),
                23220: (10, 0.3, 0.1),
                23234: (10, 0.3, 0.1),
                23235: (0, 0, 0),
                23269: (0, 0, 0),
                23270: (10, 0.3, 0.1),
                23284: (10, 0.3, 0.1),
                23285: (0, 0, 0),
                23319: (0, 0, 0),
                23320: (10, 0.3, 0.1),
                23334: (10, 0.3, 0.1),
                23335: (0, 0, 0),
                23369: (0, 0, 0),
                23370: (10, 0.3, 0.1),
                23384: (10, 0.3, 0.1),
                23385: (0, 0, 0),
                23419: (0, 0, 0),
                23420: (10, 0.3, 0.1),
                23434: (10, 0.3, 0.1),
                23435: (0, 0, 0),
                23469: (0, 0, 0),
                23470: (10, 0.3, 0.1),
                23484: (10, 0.3, 0.1),
                23485: (0, 0, 0),
                23519: (0, 0, 0),
                23520: (10, 0.3, 0.1),
                23534: (10, 0.3, 0.1),
                23535: (0, 0, 0),
                23569: (0, 0, 0),
                23570: (10, 0.3, 0.1),
                23584: (10, 0.3, 0.1),
                23585: (0, 0, 0),
                23619: (0, 0, 0),
                23620: (10, 0.3, 0.1),
                23634: (10, 0.3, 0.1),
                23635: (0, 0, 0),
                23669: (0, 0, 0),
                23670: (10, 0.3, 0.1),
                23684: (10, 0.3, 0.1),
                23685: (0, 0, 0),
                23719: (0, 0, 0),
                23720: (10, 0.3, 0.1),
                23734: (10, 0.3, 0.1),
                23735: (0, 0, 0),
                23769: (0, 0, 0),
                23770: (10, 0.3, 0.1),
                23784: (10, 0.3, 0.1),
                23785: (0, 0, 0),
                23819: (0, 0, 0),
                23820: (10, 0.3, 0.1),
                23834: (10, 0.3, 0.1),
                23835: (0, 0, 0),
                23869: (0, 0, 0),
                23870: (10, 0.3, 0.1),
                23884: (10, 0.3, 0.1),
                23885: (0, 0, 0),
                23919: (0, 0, 0),
                23920: (10, 0.3, 0.1),
                23934: (10, 0.3, 0.1),
                23935: (0, 0, 0),
                23969: (0, 0, 0),
                23970: (10, 0.3, 0.1),
                23984: (10, 0.3, 0.1),
                23985: (0, 0, 0),
                24019: (0, 0, 0),
                24020: (10, 0.3, 0.1),
                24034: (10, 0.3, 0.1),
                24035: (0, 0, 0),
                24069: (0, 0, 0),
                24070: (10, 0.3, 0.1),
                24084: (10, 0.3, 0.1),
                24085: (0, 0, 0),
                24119: (0, 0, 0),
                24120: (10, 0.3, 0.1),
                24134: (10, 0.3, 0.1),
                24135: (0, 0, 0),
                24169: (0, 0, 0),
                24170: (10, 0.3, 0.1),
                24184: (10, 0.3, 0.1),
                24185: (0, 0, 0),
                24219: (0, 0, 0),
                24220: (10, 0.3, 0.1),
                24234: (10, 0.3, 0.1),
                24235: (0, 0, 0),
                24269: (0, 0, 0),
                24270: (10, 0.3, 0.1),
                24284: (10, 0.3, 0.1),
                24285: (0, 0, 0),
                24319: (0, 0, 0),
                24320: (10, 0.3, 0.1),
                24334: (10, 0.3, 0.1),
                24335: (0, 0, 0),
                24369: (0, 0, 0),
                24370: (10, 0.3, 0.1),
                24384: (10, 0.3, 0.1),
                24385: (0, 0, 0),
                24419: (0, 0, 0),
                24420: (10, 0.3, 0.1),
                24434: (10, 0.3, 0.1),
                24435: (0, 0, 0),
                24469: (0, 0, 0),
                24470: (10, 0.3, 0.1),
                24484: (10, 0.3, 0.1),
                24485: (0, 0, 0),
                24519: (0, 0, 0),
                24520: (10, 0.3, 0.1),
                24534: (10, 0.3, 0.1),
                24535: (0, 0, 0),
                24569: (0, 0, 0),
                24570: (10, 0.3, 0.1),
                24584: (10, 0.3, 0.1),
                24585: (0, 0, 0),
                24619: (0, 0, 0),
                24620: (10, 0.3, 0.1),
                24634: (10, 0.3, 0.1),
                24635: (0, 0, 0),
                24669: (0, 0, 0),
                24670: (10, 0.3, 0.1),
                24684: (10, 0.3, 0.1),
                24685: (0, 0, 0),
                24719: (0, 0, 0),
                24720: (10, 0.3, 0.1),
                24734: (10, 0.3, 0.1),
                24735: (0, 0, 0),
                24769: (0, 0, 0),
                24770: (10, 0.3, 0.1),
                24784: (10, 0.3, 0.1),
                24785: (0, 0, 0),
                24819: (0, 0, 0),
                24820: (10, 0.3, 0.1),
                24834: (10, 0.3, 0.1),
                24835: (0, 0, 0),
                24869: (0, 0, 0),
                24870: (10, 0.3, 0.1),
                24884: (10, 0.3, 0.1),
                24885: (0, 0, 0),
                24919: (0, 0, 0),
                24920: (10, 0.3, 0.1),
                24934: (10, 0.3, 0.1),
                24935: (0, 0, 0),
                24969: (0, 0, 0),
                24970: (10, 0.3, 0.1),
                24984: (10, 0.3, 0.1),
                24985: (0, 0, 0),
                25019: (0, 0, 0),
                25020: (10, 0.3, 0.1),
                25034: (10, 0.3, 0.1),
                25035: (0, 0, 0),
                25069: (0, 0, 0),
                25070: (10, 0.3, 0.1),
                25084: (10, 0.3, 0.1),
                25085: (0, 0, 0),
                25119: (0, 0, 0),
                25120: (10, 0.3, 0.1),
                25134: (10, 0.3, 0.1),
                25135: (0, 0, 0),
                25169: (0, 0, 0),
                25170: (10, 0.3, 0.1),
                25184: (10, 0.3, 0.1),
                25185: (0, 0, 0),
                25219: (0, 0, 0),
                25220: (10, 0.3, 0.1),
                25234: (10, 0.3, 0.1),
                25235: (0, 0, 0),
                25269: (0, 0, 0),
                25270: (10, 0.3, 0.1),
                25284: (10, 0.3, 0.1),
                25285: (0, 0, 0),
                25319: (0, 0, 0),
                25320: (10, 0.3, 0.1),
                25334: (10, 0.3, 0.1),
                25335: (0, 0, 0),
                25369: (0, 0, 0),
                25370: (10, 0.3, 0.1),
                25384: (10, 0.3, 0.1),
                25385: (0, 0, 0),
                25419: (0, 0, 0),
                25420: (10, 0.3, 0.1),
                25434: (10, 0.3, 0.1),
                25435: (0, 0, 0),
                25469: (0, 0, 0),
                25470: (10, 0.3, 0.1),
                25484: (10, 0.3, 0.1),
                25485: (0, 0, 0),
                25519: (0, 0, 0),
                25520: (10, 0.3, 0.1),
                25534: (10, 0.3, 0.1),
                25535: (0, 0, 0),
                25569: (0, 0, 0),
                25570: (10, 0.3, 0.1),
                25584: (10, 0.3, 0.1),
                25585: (0, 0, 0),
                25619: (0, 0, 0),
                25620: (10, 0.3, 0.1),
                25634: (10, 0.3, 0.1),
                25635: (0, 0, 0),
                25669: (0, 0, 0),
                25670: (10, 0.3, 0.1),
                25684: (10, 0.3, 0.1),
                25685: (0, 0, 0),
                25719: (0, 0, 0),
                25720: (10, 0.3, 0.1),
                25734: (10, 0.3, 0.1),
                25735: (0, 0, 0),
                25769: (0, 0, 0),
                25770: (10, 0.3, 0.1),
                25784: (10, 0.3, 0.1),
                25785: (0, 0, 0),
                25819: (0, 0, 0),
                25820: (10, 0.3, 0.1),
                25834: (10, 0.3, 0.1),
                25835: (0, 0, 0),
                25869: (0, 0, 0),
                25870: (10, 0.3, 0.1),
                25884: (10, 0.3, 0.1),
                25885: (0, 0, 0),
                25919: (0, 0, 0),
                25920: (10, 0.3, 0.1),
                25934: (10, 0.3, 0.1),
                25935: (0, 0, 0),
                25969: (0, 0, 0),
                25970: (10, 0.3, 0.1),
                25984: (10, 0.3, 0.1),
                25985: (0, 0, 0),
                26019: (0, 0, 0),
                26020: (10, 0.3, 0.1),
                26034: (10, 0.3, 0.1),
                26035: (0, 0, 0),
                26069: (0, 0, 0),
                26070: (10, 0.3, 0.1),
                26084: (10, 0.3, 0.1),
                26085: (0, 0, 0),
                26119: (0, 0, 0),
                26120: (10, 0.3, 0.1),
                26134: (10, 0.3, 0.1),
                26135: (0, 0, 0),
                26169: (0, 0, 0),
                26170: (10, 0.3, 0.1),
                26184: (10, 0.3, 0.1),
                26185: (0, 0, 0),
                26219: (0, 0, 0),
                26220: (10, 0.3, 0.1),
                26234: (10, 0.3, 0.1),
                26235: (0, 0, 0),
                26269: (0, 0, 0),
                26270: (10, 0.3, 0.1),
                26284: (10, 0.3, 0.1),
                26285: (0, 0, 0),
                26319: (0, 0, 0),
                26320: (10, 0.3, 0.1),
                26334: (10, 0.3, 0.1),
                26335: (0, 0, 0),
                26369: (0, 0, 0),
                26370: (10, 0.3, 0.1),
                26384: (10, 0.3, 0.1),
                26385: (0, 0, 0),
                26419: (0, 0, 0),
                26420: (10, 0.3, 0.1),
                26434: (10, 0.3, 0.1),
                26435: (0, 0, 0),
                26469: (0, 0, 0),
                26470: (10, 0.3, 0.1),
                26484: (10, 0.3, 0.1),
                26485: (0, 0, 0),
                26519: (0, 0, 0),
                26520: (10, 0.3, 0.1),
                26534: (10, 0.3, 0.1),
                26535: (0, 0, 0),
                26569: (0, 0, 0),
                26570: (10, 0.3, 0.1),
                26584: (10, 0.3, 0.1),
                26585: (0, 0, 0),
                26619: (0, 0, 0),
                26620: (10, 0.3, 0.1),
                26634: (10, 0.3, 0.1),
                26635: (0, 0, 0),
                26669: (0, 0, 0),
                26670: (10, 0.3, 0.1),
                26684: (10, 0.3, 0.1),
                26685: (0, 0, 0),
                26719: (0, 0, 0),
                26720: (10, 0.3, 0.1),
                26734: (10, 0.3, 0.1),
                26735: (0, 0, 0),
                26769: (0, 0, 0),
                26770: (10, 0.3, 0.1),
                26784: (10, 0.3, 0.1),
                26785: (0, 0, 0),
                26819: (0, 0, 0),
                26820: (10, 0.3, 0.1),
                26834: (10, 0.3, 0.1),
                26835: (0, 0, 0),
                26869: (0, 0, 0),
                26870: (10, 0.3, 0.1),
                26884: (10, 0.3, 0.1),
                26885: (0, 0, 0),
                26919: (0, 0, 0),
                26920: (10, 0.3, 0.1),
                26934: (10, 0.3, 0.1),
                26935: (0, 0, 0),
                26969: (0, 0, 0),
                26970: (10, 0.3, 0.1),
                26984: (10, 0.3, 0.1),
                26985: (0, 0, 0),
                27019: (0, 0, 0),
                27020: (10, 0.3, 0.1),
                27034: (10, 0.3, 0.1),
                27035: (0, 0, 0),
                27069: (0, 0, 0),
                27070: (10, 0.3, 0.1),
                27084: (10, 0.3, 0.1),
                27085: (0, 0, 0),
                27119: (0, 0, 0),
                27120: (10, 0.3, 0.1),
                27134: (10, 0.3, 0.1),
                27135: (0, 0, 0),
                27169: (0, 0, 0),
                27170: (10, 0.3, 0.1),
                27184: (10, 0.3, 0.1),
                27185: (0, 0, 0),
                27219: (0, 0, 0),
                27220: (10, 0.3, 0.1),
                27234: (10, 0.3, 0.1),
                27235: (0, 0, 0),
                27269: (0, 0, 0),
                27270: (10, 0.3, 0.1),
                27284: (10, 0.3, 0.1),
                27285: (0, 0, 0),
                27319: (0, 0, 0),
                27320: (10, 0.3, 0.1),
                27334: (10, 0.3, 0.1),
                27335: (0, 0, 0),
                27369: (0, 0, 0),
                27370: (10, 0.3, 0.1),
                27384: (10, 0.3, 0.1),
                27385: (0, 0, 0),
                27419: (0, 0, 0),
                27420: (10, 0.3, 0.1),
                27434: (10, 0.3, 0.1),
                27435: (0, 0, 0),
                27469: (0, 0, 0),
                27470: (10, 0.3, 0.1),
                27484: (10, 0.3, 0.1),
                27485: (0, 0, 0),
                27519: (0, 0, 0),
                27520: (10, 0.3, 0.1),
                27534: (10, 0.3, 0.1),
                27535: (0, 0, 0),
                27569: (0, 0, 0),
                27570: (10, 0.3, 0.1),
                27584: (10, 0.3, 0.1),
                27585: (0, 0, 0),
                27619: (0, 0, 0),
                27620: (10, 0.3, 0.1),
                27634: (10, 0.3, 0.1),
                27635: (0, 0, 0),
                27669: (0, 0, 0),
                27670: (10, 0.3, 0.1),
                27684: (10, 0.3, 0.1),
                27685: (0, 0, 0),
                27719: (0, 0, 0),
                27720: (10, 0.3, 0.1),
                27734: (10, 0.3, 0.1),
                27735: (0, 0, 0),
                27769: (0, 0, 0),
                27770: (10, 0.3, 0.1),
                27784: (10, 0.3, 0.1),
                27785: (0, 0, 0),
                27819: (0, 0, 0),
                27820: (10, 0.3, 0.1),
                27834: (10, 0.3, 0.1),
                27835: (0, 0, 0),
                27869: (0, 0, 0),
                27870: (10, 0.3, 0.1),
                27884: (10, 0.3, 0.1),
                27885: (0, 0, 0),
                27919: (0, 0, 0),
                27920: (10, 0.3, 0.1),
                27934: (10, 0.3, 0.1),
                27935: (0, 0, 0),
                27969: (0, 0, 0),
                27970: (10, 0.3, 0.1),
                27984: (10, 0.3, 0.1),
                27985: (0, 0, 0),
                28019: (0, 0, 0),
                28020: (10, 0.3, 0.1),
                28034: (10, 0.3, 0.1),
                28035: (0, 0, 0),
                28069: (0, 0, 0),
                28070: (10, 0.3, 0.1),
                28084: (10, 0.3, 0.1),
                28085: (0, 0, 0),
                28119: (0, 0, 0),
                28120: (10, 0.3, 0.1),
                28134: (10, 0.3, 0.1),
                28135: (0, 0, 0),
                28169: (0, 0, 0),
                28170: (10, 0.3, 0.1),
                28184: (10, 0.3, 0.1),
                28185: (0, 0, 0),
                28219: (0, 0, 0),
                28220: (10, 0.3, 0.1),
                28234: (10, 0.3, 0.1),
                28235: (0, 0, 0),
                28269: (0, 0, 0),
                28270: (10, 0.3, 0.1),
                28284: (10, 0.3, 0.1),
                28285: (0, 0, 0),
                28319: (0, 0, 0),
                28320: (10, 0.3, 0.1),
                28334: (10, 0.3, 0.1),
                28335: (0, 0, 0),
                28369: (0, 0, 0),
                28370: (10, 0.3, 0.1),
                28384: (10, 0.3, 0.1),
                28385: (0, 0, 0),
                28419: (0, 0, 0),
                28420: (10, 0.3, 0.1),
                28434: (10, 0.3, 0.1),
                28435: (0, 0, 0),
                28469: (0, 0, 0),
                28470: (10, 0.3, 0.1),
                28484: (10, 0.3, 0.1),
                28485: (0, 0, 0),
                28519: (0, 0, 0),
                28520: (10, 0.3, 0.1),
                28534: (10, 0.3, 0.1),
                28535: (0, 0, 0),
                28569: (0, 0, 0),
                28570: (10, 0.3, 0.1),
                28584: (10, 0.3, 0.1),
                28585: (0, 0, 0),
                28619: (0, 0, 0),
                28620: (10, 0.3, 0.1),
                28634: (10, 0.3, 0.1),
                28635: (0, 0, 0),
                28669: (0, 0, 0),
                28670: (10, 0.3, 0.1),
                28684: (10, 0.3, 0.1),
                28685: (0, 0, 0),
                28719: (0, 0, 0),
                28720: (10, 0.3, 0.1),
                28734: (10, 0.3, 0.1),
                28735: (0, 0, 0),
                28769: (0, 0, 0),
                28770: (10, 0.3, 0.1),
                28784: (10, 0.3, 0.1),
                28785: (0, 0, 0),
                28819: (0, 0, 0),
                28820: (10, 0.3, 0.1),
                28834: (10, 0.3, 0.1),
                28835: (0, 0, 0),
                28869: (0, 0, 0),
                28870: (10, 0.3, 0.1),
                28884: (10, 0.3, 0.1),
                28885: (0, 0, 0),
                28919: (0, 0, 0),
                28920: (10, 0.3, 0.1),
                28934: (10, 0.3, 0.1),
                28935: (0, 0, 0),
                28969: (0, 0, 0),
                28970: (10, 0.3, 0.1),
                28984: (10, 0.3, 0.1),
                28985: (0, 0, 0),
                29019: (0, 0, 0),
                29020: (10, 0.3, 0.1),
                29034: (10, 0.3, 0.1),
                29035: (0, 0, 0),
                29069: (0, 0, 0),
                29070: (10, 0.3, 0.1),
                29084: (10, 0.3, 0.1),
                29085: (0, 0, 0),
                29119: (0, 0, 0),
                29120: (10, 0.3, 0.1),
                29134: (10, 0.3, 0.1),
                29135: (0, 0, 0),
                29169: (0, 0, 0),
                29170: (10, 0.3, 0.1),
                29184: (10, 0.3, 0.1),
                29185: (0, 0, 0),
                29219: (0, 0, 0),
                29220: (10, 0.3, 0.1),
                29234: (10, 0.3, 0.1),
                29235: (0, 0, 0),
                29269: (0, 0, 0),
                29270: (10, 0.3, 0.1),
                29284: (10, 0.3, 0.1),
                29285: (0, 0, 0),
                29319: (0, 0, 0),
                29320: (10, 0.3, 0.1),
                29334: (10, 0.3, 0.1),
                29335: (0, 0, 0),
                29369: (0, 0, 0),
                29370: (10, 0.3, 0.1),
                29384: (10, 0.3, 0.1),
                29385: (0, 0, 0),
                29419: (0, 0, 0),
                29420: (10, 0.3, 0.1),
                29434: (10, 0.3, 0.1),
                29435: (0, 0, 0),
                29469: (0, 0, 0),
                29470: (10, 0.3, 0.1),
                29484: (10, 0.3, 0.1),
                29485: (0, 0, 0),
                29519: (0, 0, 0),
                29520: (10, 0.3, 0.1),
                29534: (10, 0.3, 0.1),
                29535: (0, 0, 0),
                29569: (0, 0, 0),
                29570: (10, 0.3, 0.1),
                29584: (10, 0.3, 0.1),
                29585: (0, 0, 0),
                29619: (0, 0, 0),
                29620: (10, 0.3, 0.1),
                29634: (10, 0.3, 0.1),
                29635: (0, 0, 0),
                29669: (0, 0, 0),
                29670: (10, 0.3, 0.1),
                29684: (10, 0.3, 0.1),
                29685: (0, 0, 0),
                29719: (0, 0, 0),
                29720: (10, 0.3, 0.1),
                29734: (10, 0.3, 0.1),
                29735: (0, 0, 0),
                29769: (0, 0, 0),
                29770: (10, 0.3, 0.1),
                29784: (10, 0.3, 0.1),
                29785: (0, 0, 0),
                29819: (0, 0, 0),
                29820: (10, 0.3, 0.1),
                29834: (10, 0.3, 0.1),
                29835: (0, 0, 0),
                29869: (0, 0, 0),
                29870: (10, 0.3, 0.1),
                29884: (10, 0.3, 0.1),
                29885: (0, 0, 0),
                29919: (0, 0, 0),
                29920: (10, 0.3, 0.1),
                29934: (10, 0.3, 0.1),
                29935: (0, 0, 0),
                29969: (0, 0, 0),
                29970: (10, 0.3, 0.1),
                29984: (10, 0.3, 0.1),
                29985: (0, 0, 0),
                30019: (0, 0, 0),
                30020: (10, 0.3, 0.1),
                30034: (10, 0.3, 0.1),
                30035: (0, 0, 0),
                30069: (0, 0, 0),
                30070: (10, 0.3, 0.1),
                30084: (10, 0.3, 0.1),
                30085: (0, 0, 0),
                30119: (0, 0, 0),
                30120: (10, 0.3, 0.1),
                30134: (10, 0.3, 0.1),
                30135: (0, 0, 0),
                30169: (0, 0, 0),
                30170: (10, 0.3, 0.1),
                30184: (10, 0.3, 0.1),
                30185: (0, 0, 0),
                30219: (0, 0, 0),
                30220: (10, 0.3, 0.1),
                30234: (10, 0.3, 0.1),
                30235: (0, 0, 0),
                30269: (0, 0, 0),
                30270: (10, 0.3, 0.1),
                30284: (10, 0.3, 0.1),
                30285: (0, 0, 0),
                30319: (0, 0, 0),
                30320: (10, 0.3, 0.1),
                30334: (10, 0.3, 0.1),
                30335: (0, 0, 0),
                30369: (0, 0, 0),
                30370: (10, 0.3, 0.1),
                30384: (10, 0.3, 0.1),
                30385: (0, 0, 0),
                30419: (0, 0, 0),
                30420: (10, 0.3, 0.1),
                30434: (10, 0.3, 0.1),
                30435: (0, 0, 0),
                30469: (0, 0, 0),
                30470: (10, 0.3, 0.1),
                30484: (10, 0.3, 0.1),
                30485: (0, 0, 0),
                30519: (0, 0, 0),
                30520: (10, 0.3, 0.1),
                30534: (10, 0.3, 0.1),
                30535: (0, 0, 0),
                30569: (0, 0, 0),
                30570: (10, 0.3, 0.1),
                30584: (10, 0.3, 0.1),
                30585: (0, 0, 0),
                30619: (0, 0, 0),
                30620: (10, 0.3, 0.1),
                30634: (10, 0.3, 0.1),
                30635: (0, 0, 0),
                30669: (0, 0, 0),
                30670: (10, 0.3, 0.1),
                30684: (10, 0.3, 0.1),
                30685: (0, 0, 0),
                30719: (0, 0, 0),
                30720: (10, 0.3, 0.1),
                30734: (10, 0.3, 0.1),
                30735: (0, 0, 0),
                30769: (0, 0, 0),
                30770: (10, 0.3, 0.1),
                30784: (10, 0.3, 0.1),
                30785: (0, 0, 0),
                30819: (0, 0, 0),
                30820: (10, 0.3, 0.1),
                30834: (10, 0.3, 0.1),
                30835: (0, 0, 0),
                30869: (0, 0, 0),
                30870: (10, 0.3, 0.1),
                30884: (10, 0.3, 0.1),
                30885: (0, 0, 0),
                30919: (0, 0, 0),
                30920: (10, 0.3, 0.1),
                30934: (10, 0.3, 0.1),
                30935: (0, 0, 0),
                30969: (0, 0, 0),
                30970: (10, 0.3, 0.1),
                30984: (10, 0.3, 0.1),
                30985: (0, 0, 0),
                31019: (0, 0, 0),
                31020: (10, 0.3, 0.1),
                31034: (10, 0.3, 0.1),
                31035: (0, 0, 0),
                31069: (0, 0, 0),
                31070: (10, 0.3, 0.1),
                31084: (10, 0.3, 0.1),
                31085: (0, 0, 0),
                31119: (0, 0, 0),
                31120: (10, 0.3, 0.1),
                31134: (10, 0.3, 0.1),
                31135: (0, 0, 0),
                31169: (0, 0, 0),
                31170: (10, 0.3, 0.1),
                31184: (10, 0.3, 0.1),
                31185: (0, 0, 0),
                31219: (0, 0, 0),
                31220: (10, 0.3, 0.1),
                31234: (10, 0.3, 0.1),
                31235: (0, 0, 0),
                31269: (0, 0, 0),
                31270: (10, 0.3, 0.1),
                31284: (10, 0.3, 0.1),
                31285: (0, 0, 0),
                31319: (0, 0, 0),
                31320: (10, 0.3, 0.1),
                31334: (10, 0.3, 0.1),
                31335: (0, 0, 0),
                31369: (0, 0, 0),
                31370: (10, 0.3, 0.1),
                31384: (10, 0.3, 0.1),
                31385: (0, 0, 0),
                31419: (0, 0, 0),
                31420: (10, 0.3, 0.1),
                31434: (10, 0.3, 0.1),
                31435: (0, 0, 0),
                31469: (0, 0, 0),
                31470: (10, 0.3, 0.1),
                31484: (10, 0.3, 0.1),
                31485: (0, 0, 0),
                31519: (0, 0, 0),
                31520: (10, 0.3, 0.1),
                31534: (10, 0.3, 0.1),
                31535: (0, 0, 0),
                31569: (0, 0, 0),
                31570: (10, 0.3, 0.1),
                31584: (10, 0.3, 0.1),
                31585: (0, 0, 0),
                31619: (0, 0, 0),
                31620: (10, 0.3, 0.1),
                31634: (10, 0.3, 0.1),
                31635: (0, 0, 0),
                31669: (0, 0, 0),
                31670: (10, 0.3, 0.1),
                31684: (10, 0.3, 0.1),
                31685: (0, 0, 0),
                31719: (0, 0, 0),
                31720: (10, 0.3, 0.1),
                31734: (10, 0.3, 0.1),
                31735: (0, 0, 0),
                31769: (0, 0, 0),
                31770: (10, 0.3, 0.1),
                31784: (10, 0.3, 0.1),
                31785: (0, 0, 0),
                31819: (0, 0, 0),
                31820: (10, 0.3, 0.1),
                31834: (10, 0.3, 0.1),
                31835: (0, 0, 0),
                31869: (0, 0, 0),
                31870: (10, 0.3, 0.1),
                31884: (10, 0.3, 0.1),
                31885: (0, 0, 0),
                31919: (0, 0, 0),
                31920: (10, 0.3, 0.1),
                31934: (10, 0.3, 0.1),
                31935: (0, 0, 0),
                31969: (0, 0, 0),
                31970: (10, 0.3, 0.1),
                31984: (10, 0.3, 0.1),
                31985: (0, 0, 0),
                32019: (0, 0, 0),
                32020: (10, 0.3, 0.1),
                32034: (10, 0.3, 0.1),
                32035: (0, 0, 0),
                32069: (0, 0, 0),
                32070: (10, 0.3, 0.1),
                32084: (10, 0.3, 0.1),
                32085: (0, 0, 0),
                32119: (0, 0, 0),
                32120: (10, 0.3, 0.1),
                32134: (10, 0.3, 0.1),
                32135: (0, 0, 0),
                32169: (0, 0, 0),
                32170: (10, 0.3, 0.1),
                32184: (10, 0.3, 0.1),
                32185: (0, 0, 0),
                32219: (0, 0, 0),
                32220: (10, 0.3, 0.1),
                32234: (10, 0.3, 0.1),
                32235: (0, 0, 0),
                32269: (0, 0, 0),
                32270: (10, 0.3, 0.1),
                32284: (10, 0.3, 0.1),
                32285: (0, 0, 0),
                32319: (0, 0, 0),
                32320: (10, 0.3, 0.1),
                32334: (10, 0.3, 0.1),
                32335: (0, 0, 0),
                32369: (0, 0, 0),
                32370: (10, 0.3, 0.1),
                32384: (10, 0.3, 0.1),
                32385: (0, 0, 0),
                32419: (0, 0, 0),
                32420: (10, 0.3, 0.1),
                32434: (10, 0.3, 0.1),
                32435: (0, 0, 0),
                32469: (0, 0, 0),
                32470: (10, 0.3, 0.1),
                32484: (10, 0.3, 0.1),
                32485: (0, 0, 0),
                32519: (0, 0, 0),
                32520: (10, 0.3, 0.1),
                32534: (10, 0.3, 0.1),
                32535: (0, 0, 0),
                32569: (0, 0, 0),
                32570: (10, 0.3, 0.1),
                32584: (10, 0.3, 0.1),
                32585: (0, 0, 0),
                32619: (0, 0, 0),
                32620: (10, 0.3, 0.1),
                32634: (10, 0.3, 0.1),
                32635: (0, 0, 0),
                32669: (0, 0, 0),
                32670: (10, 0.3, 0.1),
                32684: (10, 0.3, 0.1),
                32685: (0, 0, 0),
                32719: (0, 0, 0),
                32720: (10, 0.3, 0.1),
                32734: (10, 0.3, 0.1),
                32735: (0, 0, 0),
                32769: (0, 0, 0),
                32770: (10, 0.3, 0.1),
                32784: (10, 0.3, 0.1),
                32785: (0, 0, 0),
                32819: (0, 0, 0),
                32820: (10, 0.3, 0.1),
                32834: (10, 0.3, 0.1),
                32835: (0, 0, 0),
                32869: (0, 0, 0),
                32870: (10, 0.3, 0.1),
                32884: (10, 0.3, 0.1),
                32885: (0, 0, 0),
                32919: (0, 0, 0),
                32920: (10, 0.3, 0.1),
                32934: (10, 0.3, 0.1),
                32935: (0, 0, 0),
                32969: (0, 0, 0),
                32970: (10, 0.3, 0.1),
                32984: (10, 0.3, 0.1),
                32985: (0, 0, 0),
                33019: (0, 0, 0),
                33020: (10, 0.3, 0.1),
                33034: (10, 0.3, 0.1),
                33035: (0, 0, 0),
                33069: (0, 0, 0),
                33070: (10, 0.3, 0.1),
                33084: (10, 0.3, 0.1),
                33085: (0, 0, 0),
                33119: (0, 0, 0),
                33120: (10, 0.3, 0.1),
                33134: (10, 0.3, 0.1),
                33135: (0, 0, 0),
                33169: (0, 0, 0),
                33170: (10, 0.3, 0.1),
                33184: (10, 0.3, 0.1),
                33185: (0, 0, 0),
                33219: (0, 0, 0),
                33220: (10, 0.3, 0.1),
                33234: (10, 0.3, 0.1),
                33235: (0, 0, 0),
                33269: (0, 0, 0),
                33270: (10, 0.3, 0.1),
                33284: (10, 0.3, 0.1),
                33285: (0, 0, 0),
                33319: (0, 0, 0),
                33320: (10, 0.3, 0.1),
                33334: (10, 0.3, 0.1),
                33335: (0, 0, 0),
                33369: (0, 0, 0),
                33370: (10, 0.3, 0.1),
                33384: (10, 0.3, 0.1),
                33385: (0, 0, 0),
                33419: (0, 0, 0),
                33420: (10, 0.3, 0.1),
                33434: (10, 0.3, 0.1),
                33435: (0, 0, 0),
                33469: (0, 0, 0),
                33470: (10, 0.3, 0.1),
                33484: (10, 0.3, 0.1),
                33485: (0, 0, 0),
                33519: (0, 0, 0),
                33520: (10, 0.3, 0.1),
                33534: (10, 0.3, 0.1),
                33535: (0, 0, 0),
                33569: (0, 0, 0),
                33570: (10, 0.3, 0.1),
                33584: (10, 0.3, 0.1),
                33585: (0, 0, 0),
                33619: (0, 0, 0),
                33620: (10, 0.3, 0.1),
                33634: (10, 0.3, 0.1),
                33635: (0, 0, 0),
                33669: (0, 0, 0),
                33670: (10, 0.3, 0.1),
                33684: (10, 0.3, 0.1),
                33685: (0, 0, 0),
                33719: (0, 0, 0),
                33720: (10, 0.3, 0.1),
                33734: (10, 0.3, 0.1),
                33735: (0, 0, 0),
                33769: (0, 0, 0),
                33770: (10, 0.3, 0.1),
                33784: (10, 0.3, 0.1),
                33785: (0, 0, 0),
                33819: (0, 0, 0),
                33820: (10, 0.3, 0.1),
                33834: (10, 0.3, 0.1),
                33835: (0, 0, 0),
                33869: (0, 0, 0),
                33870: (10, 0.3, 0.1),
                33884: (10, 0.3, 0.1),
                33885: (0, 0, 0),
                33919: (0, 0, 0),
                33920: (10, 0.3, 0.1),
                33934: (10, 0.3, 0.1),
                33935: (0, 0, 0),
                33969: (0, 0, 0),
                33970: (10, 0.3, 0.1),
                33984: (10, 0.3, 0.1),
                33985: (0, 0, 0),
                34019: (0, 0, 0),
                34020: (10, 0.3, 0.1),
                34034: (10, 0.3, 0.1),
                34035: (0, 0, 0),
                34069: (0, 0, 0),
                34070: (10, 0.3, 0.1),
                34084: (10, 0.3, 0.1),
                34085: (0, 0, 0),
                34119: (0, 0, 0),
                34120: (10, 0.3, 0.1),
                34134: (10, 0.3, 0.1),
                34135: (0, 0, 0),
                34169: (0, 0, 0),
                34170: (10, 0.3, 0.1),
                34184: (10, 0.3, 0.1),
                34185: (0, 0, 0),
                34219: (0, 0, 0),
                34220: (10, 0.3, 0.1),
                34234: (10, 0.3, 0.1),
                34235: (0, 0, 0),
                34269: (0, 0, 0),
                34270: (10, 0.3, 0.1),
                34284: (10, 0.3, 0.1),
                34285: (0, 0, 0),
                34319: (0, 0, 0),
                34320: (10, 0.3, 0.1),
                34334: (10, 0.3, 0.1),
                34335: (0, 0, 0),
                34369: (0, 0, 0),
                34370: (10, 0.3, 0.1),
                34384: (10, 0.3, 0.1),
                34385: (0, 0, 0),
                34419: (0, 0, 0),
                34420: (10, 0.3, 0.1),
                34434: (10, 0.3, 0.1),
                34435: (0, 0, 0),
                34469: (0, 0, 0),
                34470: (10, 0.3, 0.1),
                34484: (10, 0.3, 0.1),
                34485: (0, 0, 0),
                34519: (0, 0, 0),
                34520: (10, 0.3, 0.1),
                34534: (10, 0.3, 0.1),
                34535: (0, 0, 0),
                34569: (0, 0, 0),
                34570: (10, 0.3, 0.1),
                34584: (10, 0.3, 0.1),
                34585: (0, 0, 0),
                34619: (0, 0, 0),
                34620: (10, 0.3, 0.1),
                34634: (10, 0.3, 0.1),
                34635: (0, 0, 0),
                34669: (0, 0, 0),
                34670: (10, 0.3, 0.1),
                34684: (10, 0.3, 0.1),
                34685: (0, 0, 0),
                34719: (0, 0, 0),
                34720: (10, 0.3, 0.1),
                34734: (10, 0.3, 0.1),
                34735: (0, 0, 0),
                34769: (0, 0, 0),
                34770: (10, 0.3, 0.1),
                34784: (10, 0.3, 0.1),
                34785: (0, 0, 0),
                34819: (0, 0, 0),
                34820: (10, 0.3, 0.1),
                34834: (10, 0.3, 0.1),
                34835: (0, 0, 0),
                34869: (0, 0, 0),
                34870: (10, 0.3, 0.1),
                34884: (10, 0.3, 0.1),
                34885: (0, 0, 0),
                34919: (0, 0, 0),
                34920: (10, 0.3, 0.1),
                34934: (10, 0.3, 0.1),
                34935: (0, 0, 0),
                34969: (0, 0, 0),
                34970: (10, 0.3, 0.1),
                34984: (10, 0.3, 0.1),
                34985: (0, 0, 0),
                35019: (0, 0, 0),
                35020: (10, 0.3, 0.1),
                35034: (10, 0.3, 0.1),
                35035: (0, 0, 0),
                35069: (0, 0, 0),
                35070: (10, 0.3, 0.1),
                35084: (10, 0.3, 0.1),
                35085: (0, 0, 0),
                35119: (0, 0, 0),
                35120: (10, 0.3, 0.1),
                35134: (10, 0.3, 0.1),
                35135: (0, 0, 0),
                35169: (0, 0, 0),
                35170: (10, 0.3, 0.1),
                35184: (10, 0.3, 0.1),
                35185: (0, 0, 0),
                35219: (0, 0, 0),
                35220: (10, 0.3, 0.1),
                35234: (10, 0.3, 0.1),
                35235: (0, 0, 0),
                35269: (0, 0, 0),
                35270: (10, 0.3, 0.1),
                35284: (10, 0.3, 0.1),
                35285: (0, 0, 0),
                35319: (0, 0, 0),
                35320: (10, 0.3, 0.1),
                35334: (10, 0.3, 0.1),
                35335: (0, 0, 0),
                35369: (0, 0, 0),
                35370: (10, 0.3, 0.1),
                35384: (10, 0.3, 0.1),
                35385: (0, 0, 0),
                35419: (0, 0, 0),
                35420: (10, 0.3, 0.1),
                35434: (10, 0.3, 0.1),
                35435: (0, 0, 0),
                35469: (0, 0, 0),
                35470: (10, 0.3, 0.1),
                35484: (10, 0.3, 0.1),
                35485: (0, 0, 0),
                35519: (0, 0, 0),
                35520: (10, 0.3, 0.1),
                35534: (10, 0.3, 0.1),
                35535: (0, 0, 0),
                35569: (0, 0, 0),
                35570: (10, 0.3, 0.1),
                35584: (10, 0.3, 0.1),
                35585: (0, 0, 0),
                35619: (0, 0, 0),
                35620: (10, 0.3, 0.1),
                35634: (10, 0.3, 0.1),
                35635: (0, 0, 0),
                35669: (0, 0, 0),
                35670: (10, 0.3, 0.1),
                35684: (10, 0.3, 0.1),
                35685: (0, 0, 0),
                35719: (0, 0, 0),
                35720: (10, 0.3, 0.1),
                35734: (10, 0.3, 0.1),
                35735: (0, 0, 0),
                35769: (0, 0, 0),
                35770: (10, 0.3, 0.1),
                35784: (10, 0.3, 0.1),
                35785: (0, 0, 0),
                35819: (0, 0, 0),
                35820: (10, 0.3, 0.1),
                35834: (10, 0.3, 0.1),
                35835: (0, 0, 0),
                35869: (0, 0, 0),
                35870: (10, 0.3, 0.1),
                35884: (10, 0.3, 0.1),
                35885: (0, 0, 0),
                35919: (0, 0, 0),
                35920: (10, 0.3, 0.1),
                35934: (10, 0.3, 0.1),
                35935: (0, 0, 0),
                35969: (0, 0, 0),
                35970: (10, 0.3, 0.1),
                35984: (10, 0.3, 0.1),
                35985: (0, 0, 0),
                36019: (0, 0, 0),
            }
            token outputs:surface
        }
    }

    def Material "StrobeBenchDome"
    {
        token outputs:surface.connect = </Looks/StrobeBenchDome/Shader.outputs:surface>

        def Shader "Shader"
        {
            uniform token info:id = "UsdPreviewSurface"
            color3f inputs:diffuseColor = (0.6, 0.02, 0.02)
            color3f inputs:emissiveColor.timeSamples = {
                0: (0, 0, 0),
                119: (0, 0, 0),
                120: (10, 0.3, 0.1),
                134: (10, 0.3, 0.1),
                135: (0, 0, 0),
                169: (0, 0, 0),
                170: (10, 0.3, 0.1),
                184: (10, 0.3, 0.1),
                185: (0, 0, 0),
                219: (0, 0, 0),
                220: (10, 0.3, 0.1),
                234: (10, 0.3, 0.1),
                235: (0, 0, 0),
                269: (0, 0, 0),
                270: (10, 0.3, 0.1),
                284: (10, 0.3, 0.1),
                285: (0, 0, 0),
                319: (0, 0, 0),
                320: (10, 0.3, 0.1),
                334: (10, 0.3, 0.1),
                335: (0, 0, 0),
                369: (0, 0, 0),
                370: (10, 0.3, 0.1),
                384: (10, 0.3, 0.1),
                385: (0, 0, 0),
                419: (0, 0, 0),
                420: (10, 0.3, 0.1),
                434: (10, 0.3, 0.1),
                435: (0, 0, 0),
                469: (0, 0, 0),
                470: (10, 0.3, 0.1),
                484: (10, 0.3, 0.1),
                485: (0, 0, 0),
                519: (0, 0, 0),
                520: (10, 0.3, 0.1),
                534: (10, 0.3, 0.1),
                535: (0, 0, 0),
                569: (0, 0, 0),
                570: (10, 0.3, 0.1),
                584: (10, 0.3, 0.1),
                585: (0, 0, 0),
                619: (0, 0, 0),
                620: (10, 0.3, 0.1),
                634: (10, 0.3, 0.1),
                635: (0, 0, 0),
                669: (0, 0, 0),
                670: (10, 0.3, 0.1),
                684: (10, 0.3, 0.1),
                685: (0, 0, 0),
                719: (0, 0, 0),
                720: (10, 0.3, 0.1),
                734: (10, 0.3, 0.1),
                735: (0, 0, 0),
                769: (0, 0, 0),
                770: (10, 0.3, 0.1),
                784: (10, 0.3, 0.1),
                785: (0, 0, 0),
                819: (0, 0, 0),
                820: (10, 0.3, 0.1),
                834: (10, 0.3, 0.1),
                835: (0, 0, 0),
                869: (0, 0, 0),
                870: (10, 0.3, 0.1),
                884: (10, 0.3, 0.1),
                885: (0, 0, 0),
                919: (0, 0, 0),
                920: (10, 0.3, 0.1),
                934: (10, 0.3, 0.1),
                935: (0, 0, 0),
                969: (0, 0, 0),
                970: (10, 0.3, 0.1),
                984: (10, 0.3, 0.1),
                985: (0, 0, 0),
                1019: (0, 0, 0),
                1020: (10, 0.3, 0.1),
                1034: (10, 0.3, 0.1),
                1035: (0, 0, 0),
                1069: (0, 0, 0),
                1070: (10, 0.3, 0.1),
                1084: (10, 0.3, 0.1),
                1085: (0, 0, 0),
                1119: (0, 0, 0),
                1120: (10, 0.3, 0.1),
                1134: (10, 0.3, 0.1),
                1135: (0, 0, 0),
                1169: (0, 0, 0),
                1170: (10, 0.3, 0.1),
                1184: (10, 0.3, 0.1),
                1185: (0, 0, 0),
                1219: (0, 0, 0),
                1220: (10, 0.3, 0.1),
                1234: (10, 0.3, 0.1),
                1235: (0, 0, 0),
                1269: (0, 0, 0),
                1270: (10, 0.3, 0.1),
                1284: (10, 0.3, 0.1),
                1285: (0, 0, 0),
                1319: (0, 0, 0),
                1320: (10, 0.3, 0.1),
                1334: (10, 0.3, 0.1),
                1335: (0, 0, 0),
                1369: (0, 0, 0),
                1370: (10, 0.3, 0.1),
                1384: (10, 0.3, 0.1),
                1385: (0, 0, 0),
                1419: (0, 0, 0),
                1420: (10, 0.3, 0.1),
                1434: (10, 0.3, 0.1),
                1435: (0, 0, 0),
                1469: (0, 0, 0),
                1470: (10, 0.3, 0.1),
                1484: (10, 0.3, 0.1),
                1485: (0, 0, 0),
                1519: (0, 0, 0),
                1520: (10, 0.3, 0.1),
                1534: (10, 0.3, 0.1),
                1535: (0, 0, 0),
                1569: (0, 0, 0),
                1570: (10, 0.3, 0.1),
                1584: (10, 0.3, 0.1),
                1585: (0, 0, 0),
                1619: (0, 0, 0),
                1620: (10, 0.3, 0.1),
                1634: (10, 0.3, 0.1),
                1635: (0, 0, 0),
                1669: (0, 0, 0),
                1670: (10, 0.3, 0.1),
                1684: (10, 0.3, 0.1),
                1685: (0, 0, 0),
                1719: (0, 0, 0),
                1720: (10, 0.3, 0.1),
                1734: (10, 0.3, 0.1),
                1735: (0, 0, 0),
                1769: (0, 0, 0),
                1770: (10, 0.3, 0.1),
                1784: (10, 0.3, 0.1),
                1785: (0, 0, 0),
                1819: (0, 0, 0),
                1820: (10, 0.3, 0.1),
                1834: (10, 0.3, 0.1),
                1835: (0, 0, 0),
                1869: (0, 0, 0),
                1870: (10, 0.3, 0.1),
                1884: (10, 0.3, 0.1),
                1885: (0, 0, 0),
                1919: (0, 0, 0),
                1920: (10, 0.3, 0.1),
                1934: (10, 0.3, 0.1),
                1935: (0, 0, 0),
                1969: (0, 0, 0),
                1970: (10, 0.3, 0.1),
                1984: (10, 0.3, 0.1),
                1985: (0, 0, 0),
                2019: (0, 0, 0),
                2020: (10, 0.3, 0.1),
                2034: (10, 0.3, 0.1),
                2035: (0, 0, 0),
                2069: (0, 0, 0),
                2070: (10, 0.3, 0.1),
                2084: (10, 0.3, 0.1),
                2085: (0, 0, 0),
                2119: (0, 0, 0),
                2120: (10, 0.3, 0.1),
                2134: (10, 0.3, 0.1),
                2135: (0, 0, 0),
                2169: (0, 0, 0),
                2170: (10, 0.3, 0.1),
                2184: (10, 0.3, 0.1),
                2185: (0, 0, 0),
                2219: (0, 0, 0),
                2220: (10, 0.3, 0.1),
                2234: (10, 0.3, 0.1),
                2235: (0, 0, 0),
                2269: (0, 0, 0),
                2270: (10, 0.3, 0.1),
                2284: (10, 0.3, 0.1),
                2285: (0, 0, 0),
                2319: (0, 0, 0),
                2320: (10, 0.3, 0.1),
                2334: (10, 0.3, 0.1),
                2335: (0, 0, 0),
                2369: (0, 0, 0),
                2370: (10, 0.3, 0.1),
                2384: (10, 0.3, 0.1),
                2385: (0, 0, 0),
                2419: (0, 0, 0),
                2420: (10, 0.3, 0.1),
                2434: (10, 0.3, 0.1),
                2435: (0, 0, 0),
                2469: (0, 0, 0),
                2470: (10, 0.3, 0.1),
                2484: (10, 0.3, 0.1),
                2485: (0, 0, 0),
                2519: (0, 0, 0),
                2520: (10, 0.3, 0.1),
                2534: (10, 0.3, 0.1),
                2535: (0, 0, 0),
                2569: (0, 0, 0),
                2570: (10, 0.3, 0.1),
                2584: (10, 0.3, 0.1),
                2585: (0, 0, 0),
                2619: (0, 0, 0),
                2620: (10, 0.3, 0.1),
                2634: (10, 0.3, 0.1),
                2635: (0, 0, 0),
                2669: (0, 0, 0),
                2670: (10, 0.3, 0.1),
                2684: (10, 0.3, 0.1),
                2685: (0, 0, 0),
                2719: (0, 0, 0),
                2720: (10, 0.3, 0.1),
                2734: (10, 0.3, 0.1),
                2735: (0, 0, 0),
                2769: (0, 0, 0),
                2770: (10, 0.3, 0.1),
                2784: (10, 0.3, 0.1),
                2785: (0, 0, 0),
                2819: (0, 0, 0),
                2820: (10, 0.3, 0.1),
                2834: (10, 0.3, 0.1),
                2835: (0, 0, 0),
                2869: (0, 0, 0),
                2870: (10, 0.3, 0.1),
                2884: (10, 0.3, 0.1),
                2885: (0, 0, 0),
                2919: (0, 0, 0),
                2920: (10, 0.3, 0.1),
                2934: (10, 0.3, 0.1),
                2935: (0, 0, 0),
                2969: (0, 0, 0),
                2970: (10, 0.3, 0.1),
                2984: (10, 0.3, 0.1),
                2985: (0, 0, 0),
                3019: (0, 0, 0),
                3020: (10, 0.3, 0.1),
                3034: (10, 0.3, 0.1),
                3035: (0, 0, 0),
                3069: (0, 0, 0),
                3070: (10, 0.3, 0.1),
                3084: (10, 0.3, 0.1),
                3085: (0, 0, 0),
                3119: (0, 0, 0),
                3120: (10, 0.3, 0.1),
                3134: (10, 0.3, 0.1),
                3135: (0, 0, 0),
                3169: (0, 0, 0),
                3170: (10, 0.3, 0.1),
                3184: (10, 0.3, 0.1),
                3185: (0, 0, 0),
                3219: (0, 0, 0),
                3220: (10, 0.3, 0.1),
                3234: (10, 0.3, 0.1),
                3235: (0, 0, 0),
                3269: (0, 0, 0),
                3270: (10, 0.3, 0.1),
                3284: (10, 0.3, 0.1),
                3285: (0, 0, 0),
                3319: (0, 0, 0),
                3320: (10, 0.3, 0.1),
                3334: (10, 0.3, 0.1),
                3335: (0, 0, 0),
                3369: (0, 0, 0),
                3370: (10, 0.3, 0.1),
                3384: (10, 0.3, 0.1),
                3385: (0, 0, 0),
                3419: (0, 0, 0),
                3420: (10, 0.3, 0.1),
                3434: (10, 0.3, 0.1),
                3435: (0, 0, 0),
                3469: (0, 0, 0),
                3470: (10, 0.3, 0.1),
                3484: (10, 0.3, 0.1),
                3485: (0, 0, 0),
                3519: (0, 0, 0),
                3520: (10, 0.3, 0.1),
                3534: (10, 0.3, 0.1),
                3535: (0, 0, 0),
                3569: (0, 0, 0),
                3570: (10, 0.3, 0.1),
                3584: (10, 0.3, 0.1),
                3585: (0, 0, 0),
                3619: (0, 0, 0),
                3620: (10, 0.3, 0.1),
                3634: (10, 0.3, 0.1),
                3635: (0, 0, 0),
                3669: (0, 0, 0),
                3670: (10, 0.3, 0.1),
                3684: (10, 0.3, 0.1),
                3685: (0, 0, 0),
                3719: (0, 0, 0),
                3720: (10, 0.3, 0.1),
                3734: (10, 0.3, 0.1),
                3735: (0, 0, 0),
                3769: (0, 0, 0),
                3770: (10, 0.3, 0.1),
                3784: (10, 0.3, 0.1),
                3785: (0, 0, 0),
                3819: (0, 0, 0),
                3820: (10, 0.3, 0.1),
                3834: (10, 0.3, 0.1),
                3835: (0, 0, 0),
                3869: (0, 0, 0),
                3870: (10, 0.3, 0.1),
                3884: (10, 0.3, 0.1),
                3885: (0, 0, 0),
                3919: (0, 0, 0),
                3920: (10, 0.3, 0.1),
                3934: (10, 0.3, 0.1),
                3935: (0, 0, 0),
                3969: (0, 0, 0),
                3970: (10, 0.3, 0.1),
                3984: (10, 0.3, 0.1),
                3985: (0, 0, 0),
                4019: (0, 0, 0),
                4020: (10, 0.3, 0.1),
                4034: (10, 0.3, 0.1),
                4035: (0, 0, 0),
                4069: (0, 0, 0),
                4070: (10, 0.3, 0.1),
                4084: (10, 0.3, 0.1),
                4085: (0, 0, 0),
                4119: (0, 0, 0),
                4120: (10, 0.3, 0.1),
                4134: (10, 0.3, 0.1),
                4135: (0, 0, 0),
                4169: (0, 0, 0),
                4170: (10, 0.3, 0.1),
                4184: (10, 0.3, 0.1),
                4185: (0, 0, 0),
                4219: (0, 0, 0),
                4220: (10, 0.3, 0.1),
                4234: (10, 0.3, 0.1),
                4235: (0, 0, 0),
                4269: (0, 0, 0),
                4270: (10, 0.3, 0.1),
                4284: (10, 0.3, 0.1),
                4285: (0, 0, 0),
                4319: (0, 0, 0),
                4320: (10, 0.3, 0.1),
                4334: (10, 0.3, 0.1),
                4335: (0, 0, 0),
                4369: (0, 0, 0),
                4370: (10, 0.3, 0.1),
                4384: (10, 0.3, 0.1),
                4385: (0, 0, 0),
                4419: (0, 0, 0),
                4420: (10, 0.3, 0.1),
                4434: (10, 0.3, 0.1),
                4435: (0, 0, 0),
                4469: (0, 0, 0),
                4470: (10, 0.3, 0.1),
                4484: (10, 0.3, 0.1),
                4485: (0, 0, 0),
                4519: (0, 0, 0),
                4520: (10, 0.3, 0.1),
                4534: (10, 0.3, 0.1),
                4535: (0, 0, 0),
                4569: (0, 0, 0),
                4570: (10, 0.3, 0.1),
                4584: (10, 0.3, 0.1),
                4585: (0, 0, 0),
                4619: (0, 0, 0),
                4620: (10, 0.3, 0.1),
                4634: (10, 0.3, 0.1),
                4635: (0, 0, 0),
                4669: (0, 0, 0),
                4670: (10, 0.3, 0.1),
                4684: (10, 0.3, 0.1),
                4685: (0, 0, 0),
                4719: (0, 0, 0),
                4720: (10, 0.3, 0.1),
                4734: (10, 0.3, 0.1),
                4735: (0, 0, 0),
                4769: (0, 0, 0),
                4770: (10, 0.3, 0.1),
                4784: (10, 0.3, 0.1),
                4785: (0, 0, 0),
                4819: (0, 0, 0),
                4820: (10, 0.3, 0.1),
                4834: (10, 0.3, 0.1),
                4835: (0, 0, 0),
                4869: (0, 0, 0),
                4870: (10, 0.3, 0.1),
                4884: (10, 0.3, 0.1),
                4885: (0, 0, 0),
                4919: (0, 0, 0),
                4920: (10, 0.3, 0.1),
                4934: (10, 0.3, 0.1),
                4935: (0, 0, 0),
                4969: (0, 0, 0),
                4970: (10, 0.3, 0.1),
                4984: (10, 0.3, 0.1),
                4985: (0, 0, 0),
                5019: (0, 0, 0),
                5020: (10, 0.3, 0.1),
                5034: (10, 0.3, 0.1),
                5035: (0, 0, 0),
                5069: (0, 0, 0),
                5070: (10, 0.3, 0.1),
                5084: (10, 0.3, 0.1),
                5085: (0, 0, 0),
                5119: (0, 0, 0),
                5120: (10, 0.3, 0.1),
                5134: (10, 0.3, 0.1),
                5135: (0, 0, 0),
                5169: (0, 0, 0),
                5170: (10, 0.3, 0.1),
                5184: (10, 0.3, 0.1),
                5185: (0, 0, 0),
                5219: (0, 0, 0),
                5220: (10, 0.3, 0.1),
                5234: (10, 0.3, 0.1),
                5235: (0, 0, 0),
                5269: (0, 0, 0),
                5270: (10, 0.3, 0.1),
                5284: (10, 0.3, 0.1),
                5285: (0, 0, 0),
                5319: (0, 0, 0),
                5320: (10, 0.3, 0.1),
                5334: (10, 0.3, 0.1),
                5335: (0, 0, 0),
                5369: (0, 0, 0),
                5370: (10, 0.3, 0.1),
                5384: (10, 0.3, 0.1),
                5385: (0, 0, 0),
                5419: (0, 0, 0),
                5420: (10, 0.3, 0.1),
                5434: (10, 0.3, 0.1),
                5435: (0, 0, 0),
                5469: (0, 0, 0),
                5470: (10, 0.3, 0.1),
                5484: (10, 0.3, 0.1),
                5485: (0, 0, 0),
                5519: (0, 0, 0),
                5520: (10, 0.3, 0.1),
                5534: (10, 0.3, 0.1),
                5535: (0, 0, 0),
                5569: (0, 0, 0),
                5570: (10, 0.3, 0.1),
                5584: (10, 0.3, 0.1),
                5585: (0, 0, 0),
                5619: (0, 0, 0),
                5620: (10, 0.3, 0.1),
                5634: (10, 0.3, 0.1),
                5635: (0, 0, 0),
                5669: (0, 0, 0),
                5670: (10, 0.3, 0.1),
                5684: (10, 0.3, 0.1),
                5685: (0, 0, 0),
                5719: (0, 0, 0),
                5720: (10, 0.3, 0.1),
                5734: (10, 0.3, 0.1),
                5735: (0, 0, 0),
                5769: (0, 0, 0),
                5770: (10, 0.3, 0.1),
                5784: (10, 0.3, 0.1),
                5785: (0, 0, 0),
                5819: (0, 0, 0),
                5820: (10, 0.3, 0.1),
                5834: (10, 0.3, 0.1),
                5835: (0, 0, 0),
                5869: (0, 0, 0),
                5870: (10, 0.3, 0.1),
                5884: (10, 0.3, 0.1),
                5885: (0, 0, 0),
                5919: (0, 0, 0),
                5920: (10, 0.3, 0.1),
                5934: (10, 0.3, 0.1),
                5935: (0, 0, 0),
                5969: (0, 0, 0),
                5970: (10, 0.3, 0.1),
                5984: (10, 0.3, 0.1),
                5985: (0, 0, 0),
                6019: (0, 0, 0),
                6020: (10, 0.3, 0.1),
                6034: (10, 0.3, 0.1),
                6035: (0, 0, 0),
                6069: (0, 0, 0),
                6070: (10, 0.3, 0.1),
                6084: (10, 0.3, 0.1),
                6085: (0, 0, 0),
                6119: (0, 0, 0),
                6120: (10, 0.3, 0.1),
                6134: (10, 0.3, 0.1),
                6135: (0, 0, 0),
                6169: (0, 0, 0),
                6170: (10, 0.3, 0.1),
                6184: (10, 0.3, 0.1),
                6185: (0, 0, 0),
                6219: (0, 0, 0),
                6220: (10, 0.3, 0.1),
                6234: (10, 0.3, 0.1),
                6235: (0, 0, 0),
                6269: (0, 0, 0),
                6270: (10, 0.3, 0.1),
                6284: (10, 0.3, 0.1),
                6285: (0, 0, 0),
                6319: (0, 0, 0),
                6320: (10, 0.3, 0.1),
                6334: (10, 0.3, 0.1),
                6335: (0, 0, 0),
                6369: (0, 0, 0),
                6370: (10, 0.3, 0.1),
                6384: (10, 0.3, 0.1),
                6385: (0, 0, 0),
                6419: (0, 0, 0),
                6420: (10, 0.3, 0.1),
                6434: (10, 0.3, 0.1),
                6435: (0, 0, 0),
                6469: (0, 0, 0),
                6470: (10, 0.3, 0.1),
                6484: (10, 0.3, 0.1),
                6485: (0, 0, 0),
                6519: (0, 0, 0),
                6520: (10, 0.3, 0.1),
                6534: (10, 0.3, 0.1),
                6535: (0, 0, 0),
                6569: (0, 0, 0),
                6570: (10, 0.3, 0.1),
                6584: (10, 0.3, 0.1),
                6585: (0, 0, 0),
                6619: (0, 0, 0),
                6620: (10, 0.3, 0.1),
                6634: (10, 0.3, 0.1),
                6635: (0, 0, 0),
                6669: (0, 0, 0),
                6670: (10, 0.3, 0.1),
                6684: (10, 0.3, 0.1),
                6685: (0, 0, 0),
                6719: (0, 0, 0),
                6720: (10, 0.3, 0.1),
                6734: (10, 0.3, 0.1),
                6735: (0, 0, 0),
                6769: (0, 0, 0),
                6770: (10, 0.3, 0.1),
                6784: (10, 0.3, 0.1),
                6785: (0, 0, 0),
                6819: (0, 0, 0),
                6820: (10, 0.3, 0.1),
                6834: (10, 0.3, 0.1),
                6835: (0, 0, 0),
                6869: (0, 0, 0),
                6870: (10, 0.3, 0.1),
                6884: (10, 0.3, 0.1),
                6885: (0, 0, 0),
                6919: (0, 0, 0),
                6920: (10, 0.3, 0.1),
                6934: (10, 0.3, 0.1),
                6935: (0, 0, 0),
                6969: (0, 0, 0),
                6970: (10, 0.3, 0.1),
                6984: (10, 0.3, 0.1),
                6985: (0, 0, 0),
                7019: (0, 0, 0),
                7020: (10, 0.3, 0.1),
                7034: (10, 0.3, 0.1),
                7035: (0, 0, 0),
                7069: (0, 0, 0),
                7070: (10, 0.3, 0.1),
                7084: (10, 0.3, 0.1),
                7085: (0, 0, 0),
                7119: (0, 0, 0),
                7120: (10, 0.3, 0.1),
                7134: (10, 0.3, 0.1),
                7135: (0, 0, 0),
                7169: (0, 0, 0),
                7170: (10, 0.3, 0.1),
                7184: (10, 0.3, 0.1),
                7185: (0, 0, 0),
                7219: (0, 0, 0),
                7220: (10, 0.3, 0.1),
                7234: (10, 0.3, 0.1),
                7235: (0, 0, 0),
                7269: (0, 0, 0),
                7270: (10, 0.3, 0.1),
                7284: (10, 0.3, 0.1),
                7285: (0, 0, 0),
                7319: (0, 0, 0),
                7320: (10, 0.3, 0.1),
                7334: (10, 0.3, 0.1),
                7335: (0, 0, 0),
                7369: (0, 0, 0),
                7370: (10, 0.3, 0.1),
                7384: (10, 0.3, 0.1),
                7385: (0, 0, 0),
                7419: (0, 0, 0),
                7420: (10, 0.3, 0.1),
                7434: (10, 0.3, 0.1),
                7435: (0, 0, 0),
                7469: (0, 0, 0),
                7470: (10, 0.3, 0.1),
                7484: (10, 0.3, 0.1),
                7485: (0, 0, 0),
                7519: (0, 0, 0),
                7520: (10, 0.3, 0.1),
                7534: (10, 0.3, 0.1),
                7535: (0, 0, 0),
                7569: (0, 0, 0),
                7570: (10, 0.3, 0.1),
                7584: (10, 0.3, 0.1),
                7585: (0, 0, 0),
                7619: (0, 0, 0),
                7620: (10, 0.3, 0.1),
                7634: (10, 0.3, 0.1),
                7635: (0, 0, 0),
                7669: (0, 0, 0),
                7670: (10, 0.3, 0.1),
                7684: (10, 0.3, 0.1),
                7685: (0, 0, 0),
                7719: (0, 0, 0),
                7720: (10, 0.3, 0.1),
                7734: (10, 0.3, 0.1),
                7735: (0, 0, 0),
                7769: (0, 0, 0),
                7770: (10, 0.3, 0.1),
                7784: (10, 0.3, 0.1),
                7785: (0, 0, 0),
                7819: (0, 0, 0),
                7820: (10, 0.3, 0.1),
                7834: (10, 0.3, 0.1),
                7835: (0, 0, 0),
                7869: (0, 0, 0),
                7870: (10, 0.3, 0.1),
                7884: (10, 0.3, 0.1),
                7885: (0, 0, 0),
                7919: (0, 0, 0),
                7920: (10, 0.3, 0.1),
                7934: (10, 0.3, 0.1),
                7935: (0, 0, 0),
                7969: (0, 0, 0),
                7970: (10, 0.3, 0.1),
                7984: (10, 0.3, 0.1),
                7985: (0, 0, 0),
                8019: (0, 0, 0),
                8020: (10, 0.3, 0.1),
                8034: (10, 0.3, 0.1),
                8035: (0, 0, 0),
                8069: (0, 0, 0),
                8070: (10, 0.3, 0.1),
                8084: (10, 0.3, 0.1),
                8085: (0, 0, 0),
                8119: (0, 0, 0),
                8120: (10, 0.3, 0.1),
                8134: (10, 0.3, 0.1),
                8135: (0, 0, 0),
                8169: (0, 0, 0),
                8170: (10, 0.3, 0.1),
                8184: (10, 0.3, 0.1),
                8185: (0, 0, 0),
                8219: (0, 0, 0),
                8220: (10, 0.3, 0.1),
                8234: (10, 0.3, 0.1),
                8235: (0, 0, 0),
                8269: (0, 0, 0),
                8270: (10, 0.3, 0.1),
                8284: (10, 0.3, 0.1),
                8285: (0, 0, 0),
                8319: (0, 0, 0),
                8320: (10, 0.3, 0.1),
                8334: (10, 0.3, 0.1),
                8335: (0, 0, 0),
                8369: (0, 0, 0),
                8370: (10, 0.3, 0.1),
                8384: (10, 0.3, 0.1),
                8385: (0, 0, 0),
                8419: (0, 0, 0),
                8420: (10, 0.3, 0.1),
                8434: (10, 0.3, 0.1),
                8435: (0, 0, 0),
                8469: (0, 0, 0),
                8470: (10, 0.3, 0.1),
                8484: (10, 0.3, 0.1),
                8485: (0, 0, 0),
                8519: (0, 0, 0),
                8520: (10, 0.3, 0.1),
                8534: (10, 0.3, 0.1),
                8535: (0, 0, 0),
                8569: (0, 0, 0),
                8570: (10, 0.3, 0.1),
                8584: (10, 0.3, 0.1),
                8585: (0, 0, 0),
                8619: (0, 0, 0),
                8620: (10, 0.3, 0.1),
                8634: (10, 0.3, 0.1),
                8635: (0, 0, 0),
                8669: (0, 0, 0),
                8670: (10, 0.3, 0.1),
                8684: (10, 0.3, 0.1),
                8685: (0, 0, 0),
                8719: (0, 0, 0),
                8720: (10, 0.3, 0.1),
                8734: (10, 0.3, 0.1),
                8735: (0, 0, 0),
                8769: (0, 0, 0),
                8770: (10, 0.3, 0.1),
                8784: (10, 0.3, 0.1),
                8785: (0, 0, 0),
                8819: (0, 0, 0),
                8820: (10, 0.3, 0.1),
                8834: (10, 0.3, 0.1),
                8835: (0, 0, 0),
                8869: (0, 0, 0),
                8870: (10, 0.3, 0.1),
                8884: (10, 0.3, 0.1),
                8885: (0, 0, 0),
                8919: (0, 0, 0),
                8920: (10, 0.3, 0.1),
                8934: (10, 0.3, 0.1),
                8935: (0, 0, 0),
                8969: (0, 0, 0),
                8970: (10, 0.3, 0.1),
                8984: (10, 0.3, 0.1),
                8985: (0, 0, 0),
                9019: (0, 0, 0),
                9020: (10, 0.3, 0.1),
                9034: (10, 0.3, 0.1),
                9035: (0, 0, 0),
                9069: (0, 0, 0),
                9070: (10, 0.3, 0.1),
                9084: (10, 0.3, 0.1),
                9085: (0, 0, 0),
                9119: (0, 0, 0),
                9120: (10, 0.3, 0.1),
                9134: (10, 0.3, 0.1),
                9135: (0, 0, 0),
                9169: (0, 0, 0),
                9170: (10, 0.3, 0.1),
                9184: (10, 0.3, 0.1),
                9185: (0, 0, 0),
                9219: (0, 0, 0),
                9220: (10, 0.3, 0.1),
                9234: (10, 0.3, 0.1),
                9235: (0, 0, 0),
                9269: (0, 0, 0),
                9270: (10, 0.3, 0.1),
                9284: (10, 0.3, 0.1),
                9285: (0, 0, 0),
                9319: (0, 0, 0),
                9320: (10, 0.3, 0.1),
                9334: (10, 0.3, 0.1),
                9335: (0, 0, 0),
                9369: (0, 0, 0),
                9370: (10, 0.3, 0.1),
                9384: (10, 0.3, 0.1),
                9385: (0, 0, 0),
                9419: (0, 0, 0),
                9420: (10, 0.3, 0.1),
                9434: (10, 0.3, 0.1),
                9435: (0, 0, 0),
                9469: (0, 0, 0),
                9470: (10, 0.3, 0.1),
                9484: (10, 0.3, 0.1),
                9485: (0, 0, 0),
                9519: (0, 0, 0),
                9520: (10, 0.3, 0.1),
                9534: (10, 0.3, 0.1),
                9535: (0, 0, 0),
                9569: (0, 0, 0),
                9570: (10, 0.3, 0.1),
                9584: (10, 0.3, 0.1),
                9585: (0, 0, 0),
                9619: (0, 0, 0),
                9620: (10, 0.3, 0.1),
                9634: (10, 0.3, 0.1),
                9635: (0, 0, 0),
                9669: (0, 0, 0),
                9670: (10, 0.3, 0.1),
                9684: (10, 0.3, 0.1),
                9685: (0, 0, 0),
                9719: (0, 0, 0),
                9720: (10, 0.3, 0.1),
                9734: (10, 0.3, 0.1),
                9735: (0, 0, 0),
                9769: (0, 0, 0),
                9770: (10, 0.3, 0.1),
                9784: (10, 0.3, 0.1),
                9785: (0, 0, 0),
                9819: (0, 0, 0),
                9820: (10, 0.3, 0.1),
                9834: (10, 0.3, 0.1),
                9835: (0, 0, 0),
                9869: (0, 0, 0),
                9870: (10, 0.3, 0.1),
                9884: (10, 0.3, 0.1),
                9885: (0, 0, 0),
                9919: (0, 0, 0),
                9920: (10, 0.3, 0.1),
                9934: (10, 0.3, 0.1),
                9935: (0, 0, 0),
                9969: (0, 0, 0),
                9970: (10, 0.3, 0.1),
                9984: (10, 0.3, 0.1),
                9985: (0, 0, 0),
                10019: (0, 0, 0),
                10020: (10, 0.3, 0.1),
                10034: (10, 0.3, 0.1),
                10035: (0, 0, 0),
                10069: (0, 0, 0),
                10070: (10, 0.3, 0.1),
                10084: (10, 0.3, 0.1),
                10085: (0, 0, 0),
                10119: (0, 0, 0),
                10120: (10, 0.3, 0.1),
                10134: (10, 0.3, 0.1),
                10135: (0, 0, 0),
                10169: (0, 0, 0),
                10170: (10, 0.3, 0.1),
                10184: (10, 0.3, 0.1),
                10185: (0, 0, 0),
                10219: (0, 0, 0),
                10220: (10, 0.3, 0.1),
                10234: (10, 0.3, 0.1),
                10235: (0, 0, 0),
                10269: (0, 0, 0),
                10270: (10, 0.3, 0.1),
                10284: (10, 0.3, 0.1),
                10285: (0, 0, 0),
                10319: (0, 0, 0),
                10320: (10, 0.3, 0.1),
                10334: (10, 0.3, 0.1),
                10335: (0, 0, 0),
                10369: (0, 0, 0),
                10370: (10, 0.3, 0.1),
                10384: (10, 0.3, 0.1),
                10385: (0, 0, 0),
                10419: (0, 0, 0),
                10420: (10, 0.3, 0.1),
                10434: (10, 0.3, 0.1),
                10435: (0, 0, 0),
                10469: (0, 0, 0),
                10470: (10, 0.3, 0.1),
                10484: (10, 0.3, 0.1),
                10485: (0, 0, 0),
                10519: (0, 0, 0),
                10520: (10, 0.3, 0.1),
                10534: (10, 0.3, 0.1),
                10535: (0, 0, 0),
                10569: (0, 0, 0),
                10570: (10, 0.3, 0.1),
                10584: (10, 0.3, 0.1),
                10585: (0, 0, 0),
                10619: (0, 0, 0),
                10620: (10, 0.3, 0.1),
                10634: (10, 0.3, 0.1),
                10635: (0, 0, 0),
                10669: (0, 0, 0),
                10670: (10, 0.3, 0.1),
                10684: (10, 0.3, 0.1),
                10685: (0, 0, 0),
                10719: (0, 0, 0),
                10720: (10, 0.3, 0.1),
                10734: (10, 0.3, 0.1),
                10735: (0, 0, 0),
                10769: (0, 0, 0),
                10770: (10, 0.3, 0.1),
                10784: (10, 0.3, 0.1),
                10785: (0, 0, 0),
                10819: (0, 0, 0),
                10820: (10, 0.3, 0.1),
                10834: (10, 0.3, 0.1),
                10835: (0, 0, 0),
                10869: (0, 0, 0),
                10870: (10, 0.3, 0.1),
                10884: (10, 0.3, 0.1),
                10885: (0, 0, 0),
                10919: (0, 0, 0),
                10920: (10, 0.3, 0.1),
                10934: (10, 0.3, 0.1),
                10935: (0, 0, 0),
                10969: (0, 0, 0),
                10970: (10, 0.3, 0.1),
                10984: (10, 0.3, 0.1),
                10985: (0, 0, 0),
                11019: (0, 0, 0),
                11020: (10, 0.3, 0.1),
                11034: (10, 0.3, 0.1),
                11035: (0, 0, 0),
                11069: (0, 0, 0),
                11070: (10, 0.3, 0.1),
                11084: (10, 0.3, 0.1),
                11085: (0, 0, 0),
                11119: (0, 0, 0),
                11120: (10, 0.3, 0.1),
                11134: (10, 0.3, 0.1),
                11135: (0, 0, 0),
                11169: (0, 0, 0),
                11170: (10, 0.3, 0.1),
                11184: (10, 0.3, 0.1),
                11185: (0, 0, 0),
                11219: (0, 0, 0),
                11220: (10, 0.3, 0.1),
                11234: (10, 0.3, 0.1),
                11235: (0, 0, 0),
                11269: (0, 0, 0),
                11270: (10, 0.3, 0.1),
                11284: (10, 0.3, 0.1),
                11285: (0, 0, 0),
                11319: (0, 0, 0),
                11320: (10, 0.3, 0.1),
                11334: (10, 0.3, 0.1),
                11335: (0, 0, 0),
                11369: (0, 0, 0),
                11370: (10, 0.3, 0.1),
                11384: (10, 0.3, 0.1),
                11385: (0, 0, 0),
                11419: (0, 0, 0),
                11420: (10, 0.3, 0.1),
                11434: (10, 0.3, 0.1),
                11435: (0, 0, 0),
                11469: (0, 0, 0),
                11470: (10, 0.3, 0.1),
                11484: (10, 0.3, 0.1),
                11485: (0, 0, 0),
                11519: (0, 0, 0),
                11520: (10, 0.3, 0.1),
                11534: (10, 0.3, 0.1),
                11535: (0, 0, 0),
                11569: (0, 0, 0),
                11570: (10, 0.3, 0.1),
                11584: (10, 0.3, 0.1),
                11585: (0, 0, 0),
                11619: (0, 0, 0),
                11620: (10, 0.3, 0.1),
                11634: (10, 0.3, 0.1),
                11635: (0, 0, 0),
                11669: (0, 0, 0),
                11670: (10, 0.3, 0.1),
                11684: (10, 0.3, 0.1),
                11685: (0, 0, 0),
                11719: (0, 0, 0),
                11720: (10, 0.3, 0.1),
                11734: (10, 0.3, 0.1),
                11735: (0, 0, 0),
                11769: (0, 0, 0),
                11770: (10, 0.3, 0.1),
                11784: (10, 0.3, 0.1),
                11785: (0, 0, 0),
                11819: (0, 0, 0),
                11820: (10, 0.3, 0.1),
                11834: (10, 0.3, 0.1),
                11835: (0, 0, 0),
                11869: (0, 0, 0),
                11870: (10, 0.3, 0.1),
                11884: (10, 0.3, 0.1),
                11885: (0, 0, 0),
                11919: (0, 0, 0),
                11920: (10, 0.3, 0.1),
                11934: (10, 0.3, 0.1),
                11935: (0, 0, 0),
                11969: (0, 0, 0),
                11970: (10, 0.3, 0.1),
                11984: (10, 0.3, 0.1),
                11985: (0, 0, 0),
                12019: (0, 0, 0),
                12020: (10, 0.3, 0.1),
                12034: (10, 0.3, 0.1),
                12035: (0, 0, 0),
                12069: (0, 0, 0),
                12070: (10, 0.3, 0.1),
                12084: (10, 0.3, 0.1),
                12085: (0, 0, 0),
                12119: (0, 0, 0),
                12120: (10, 0.3, 0.1),
                12134: (10, 0.3, 0.1),
                12135: (0, 0, 0),
                12169: (0, 0, 0),
                12170: (10, 0.3, 0.1),
                12184: (10, 0.3, 0.1),
                12185: (0, 0, 0),
                12219: (0, 0, 0),
                12220: (10, 0.3, 0.1),
                12234: (10, 0.3, 0.1),
                12235: (0, 0, 0),
                12269: (0, 0, 0),
                12270: (10, 0.3, 0.1),
                12284: (10, 0.3, 0.1),
                12285: (0, 0, 0),
                12319: (0, 0, 0),
                12320: (10, 0.3, 0.1),
                12334: (10, 0.3, 0.1),
                12335: (0, 0, 0),
                12369: (0, 0, 0),
                12370: (10, 0.3, 0.1),
                12384: (10, 0.3, 0.1),
                12385: (0, 0, 0),
                12419: (0, 0, 0),
                12420: (10, 0.3, 0.1),
                12434: (10, 0.3, 0.1),
                12435: (0, 0, 0),
                12469: (0, 0, 0),
                12470: (10, 0.3, 0.1),
                12484: (10, 0.3, 0.1),
                12485: (0, 0, 0),
                12519: (0, 0, 0),
                12520: (10, 0.3, 0.1),
                12534: (10, 0.3, 0.1),
                12535: (0, 0, 0),
                12569: (0, 0, 0),
                12570: (10, 0.3, 0.1),
                12584: (10, 0.3, 0.1),
                12585: (0, 0, 0),
                12619: (0, 0, 0),
                12620: (10, 0.3, 0.1),
                12634: (10, 0.3, 0.1),
                12635: (0, 0, 0),
                12669: (0, 0, 0),
                12670: (10, 0.3, 0.1),
                12684: (10, 0.3, 0.1),
                12685: (0, 0, 0),
                12719: (0, 0, 0),
                12720: (10, 0.3, 0.1),
                12734: (10, 0.3, 0.1),
                12735: (0, 0, 0),
                12769: (0, 0, 0),
                12770: (10, 0.3, 0.1),
                12784: (10, 0.3, 0.1),
                12785: (0, 0, 0),
                12819: (0, 0, 0),
                12820: (10, 0.3, 0.1),
                12834: (10, 0.3, 0.1),
                12835: (0, 0, 0),
                12869: (0, 0, 0),
                12870: (10, 0.3, 0.1),
                12884: (10, 0.3, 0.1),
                12885: (0, 0, 0),
                12919: (0, 0, 0),
                12920: (10, 0.3, 0.1),
                12934: (10, 0.3, 0.1),
                12935: (0, 0, 0),
                12969: (0, 0, 0),
                12970: (10, 0.3, 0.1),
                12984: (10, 0.3, 0.1),
                12985: (0, 0, 0),
                13019: (0, 0, 0),
                13020: (10, 0.3, 0.1),
                13034: (10, 0.3, 0.1),
                13035: (0, 0, 0),
                13069: (0, 0, 0),
                13070: (10, 0.3, 0.1),
                13084: (10, 0.3, 0.1),
                13085: (0, 0, 0),
                13119: (0, 0, 0),
                13120: (10, 0.3, 0.1),
                13134: (10, 0.3, 0.1),
                13135: (0, 0, 0),
                13169: (0, 0, 0),
                13170: (10, 0.3, 0.1),
                13184: (10, 0.3, 0.1),
                13185: (0, 0, 0),
                13219: (0, 0, 0),
                13220: (10, 0.3, 0.1),
                13234: (10, 0.3, 0.1),
                13235: (0, 0, 0),
                13269: (0, 0, 0),
                13270: (10, 0.3, 0.1),
                13284: (10, 0.3, 0.1),
                13285: (0, 0, 0),
                13319: (0, 0, 0),
                13320: (10, 0.3, 0.1),
                13334: (10, 0.3, 0.1),
                13335: (0, 0, 0),
                13369: (0, 0, 0),
                13370: (10, 0.3, 0.1),
                13384: (10, 0.3, 0.1),
                13385: (0, 0, 0),
                13419: (0, 0, 0),
                13420: (10, 0.3, 0.1),
                13434: (10, 0.3, 0.1),
                13435: (0, 0, 0),
                13469: (0, 0, 0),
                13470: (10, 0.3, 0.1),
                13484: (10, 0.3, 0.1),
                13485: (0, 0, 0),
                13519: (0, 0, 0),
                13520: (10, 0.3, 0.1),
                13534: (10, 0.3, 0.1),
                13535: (0, 0, 0),
                13569: (0, 0, 0),
                13570: (10, 0.3, 0.1),
                13584: (10, 0.3, 0.1),
                13585: (0, 0, 0),
                13619: (0, 0, 0),
                13620: (10, 0.3, 0.1),
                13634: (10, 0.3, 0.1),
                13635: (0, 0, 0),
                13669: (0, 0, 0),
                13670: (10, 0.3, 0.1),
                13684: (10, 0.3, 0.1),
                13685: (0, 0, 0),
                13719: (0, 0, 0),
                13720: (10, 0.3, 0.1),
                13734: (10, 0.3, 0.1),
                13735: (0, 0, 0),
                13769: (0, 0, 0),
                13770: (10, 0.3, 0.1),
                13784: (10, 0.3, 0.1),
                13785: (0, 0, 0),
                13819: (0, 0, 0),
                13820: (10, 0.3, 0.1),
                13834: (10, 0.3, 0.1),
                13835: (0, 0, 0),
                13869: (0, 0, 0),
                13870: (10, 0.3, 0.1),
                13884: (10, 0.3, 0.1),
                13885: (0, 0, 0),
                13919: (0, 0, 0),
                13920: (10, 0.3, 0.1),
                13934: (10, 0.3, 0.1),
                13935: (0, 0, 0),
                13969: (0, 0, 0),
                13970: (10, 0.3, 0.1),
                13984: (10, 0.3, 0.1),
                13985: (0, 0, 0),
                14019: (0, 0, 0),
                14020: (10, 0.3, 0.1),
                14034: (10, 0.3, 0.1),
                14035: (0, 0, 0),
                14069: (0, 0, 0),
                14070: (10, 0.3, 0.1),
                14084: (10, 0.3, 0.1),
                14085: (0, 0, 0),
                14119: (0, 0, 0),
                14120: (10, 0.3, 0.1),
                14134: (10, 0.3, 0.1),
                14135: (0, 0, 0),
                14169: (0, 0, 0),
                14170: (10, 0.3, 0.1),
                14184: (10, 0.3, 0.1),
                14185: (0, 0, 0),
                14219: (0, 0, 0),
                14220: (10, 0.3, 0.1),
                14234: (10, 0.3, 0.1),
                14235: (0, 0, 0),
                14269: (0, 0, 0),
                14270: (10, 0.3, 0.1),
                14284: (10, 0.3, 0.1),
                14285: (0, 0, 0),
                14319: (0, 0, 0),
                14320: (10, 0.3, 0.1),
                14334: (10, 0.3, 0.1),
                14335: (0, 0, 0),
                14369: (0, 0, 0),
                14370: (10, 0.3, 0.1),
                14384: (10, 0.3, 0.1),
                14385: (0, 0, 0),
                14419: (0, 0, 0),
                14420: (10, 0.3, 0.1),
                14434: (10, 0.3, 0.1),
                14435: (0, 0, 0),
                14469: (0, 0, 0),
                14470: (10, 0.3, 0.1),
                14484: (10, 0.3, 0.1),
                14485: (0, 0, 0),
                14519: (0, 0, 0),
                14520: (10, 0.3, 0.1),
                14534: (10, 0.3, 0.1),
                14535: (0, 0, 0),
                14569: (0, 0, 0),
                14570: (10, 0.3, 0.1),
                14584: (10, 0.3, 0.1),
                14585: (0, 0, 0),
                14619: (0, 0, 0),
                14620: (10, 0.3, 0.1),
                14634: (10, 0.3, 0.1),
                14635: (0, 0, 0),
                14669: (0, 0, 0),
                14670: (10, 0.3, 0.1),
                14684: (10, 0.3, 0.1),
                14685: (0, 0, 0),
                14719: (0, 0, 0),
                14720: (10, 0.3, 0.1),
                14734: (10, 0.3, 0.1),
                14735: (0, 0, 0),
                14769: (0, 0, 0),
                14770: (10, 0.3, 0.1),
                14784: (10, 0.3, 0.1),
                14785: (0, 0, 0),
                14819: (0, 0, 0),
                14820: (10, 0.3, 0.1),
                14834: (10, 0.3, 0.1),
                14835: (0, 0, 0),
                14869: (0, 0, 0),
                14870: (10, 0.3, 0.1),
                14884: (10, 0.3, 0.1),
                14885: (0, 0, 0),
                14919: (0, 0, 0),
                14920: (10, 0.3, 0.1),
                14934: (10, 0.3, 0.1),
                14935: (0, 0, 0),
                14969: (0, 0, 0),
                14970: (10, 0.3, 0.1),
                14984: (10, 0.3, 0.1),
                14985: (0, 0, 0),
                15019: (0, 0, 0),
                15020: (10, 0.3, 0.1),
                15034: (10, 0.3, 0.1),
                15035: (0, 0, 0),
                15069: (0, 0, 0),
                15070: (10, 0.3, 0.1),
                15084: (10, 0.3, 0.1),
                15085: (0, 0, 0),
                15119: (0, 0, 0),
                15120: (10, 0.3, 0.1),
                15134: (10, 0.3, 0.1),
                15135: (0, 0, 0),
                15169: (0, 0, 0),
                15170: (10, 0.3, 0.1),
                15184: (10, 0.3, 0.1),
                15185: (0, 0, 0),
                15219: (0, 0, 0),
                15220: (10, 0.3, 0.1),
                15234: (10, 0.3, 0.1),
                15235: (0, 0, 0),
                15269: (0, 0, 0),
                15270: (10, 0.3, 0.1),
                15284: (10, 0.3, 0.1),
                15285: (0, 0, 0),
                15319: (0, 0, 0),
                15320: (10, 0.3, 0.1),
                15334: (10, 0.3, 0.1),
                15335: (0, 0, 0),
                15369: (0, 0, 0),
                15370: (10, 0.3, 0.1),
                15384: (10, 0.3, 0.1),
                15385: (0, 0, 0),
                15419: (0, 0, 0),
                15420: (10, 0.3, 0.1),
                15434: (10, 0.3, 0.1),
                15435: (0, 0, 0),
                15469: (0, 0, 0),
                15470: (10, 0.3, 0.1),
                15484: (10, 0.3, 0.1),
                15485: (0, 0, 0),
                15519: (0, 0, 0),
                15520: (10, 0.3, 0.1),
                15534: (10, 0.3, 0.1),
                15535: (0, 0, 0),
                15569: (0, 0, 0),
                15570: (10, 0.3, 0.1),
                15584: (10, 0.3, 0.1),
                15585: (0, 0, 0),
                15619: (0, 0, 0),
                15620: (10, 0.3, 0.1),
                15634: (10, 0.3, 0.1),
                15635: (0, 0, 0),
                15669: (0, 0, 0),
                15670: (10, 0.3, 0.1),
                15684: (10, 0.3, 0.1),
                15685: (0, 0, 0),
                15719: (0, 0, 0),
                15720: (10, 0.3, 0.1),
                15734: (10, 0.3, 0.1),
                15735: (0, 0, 0),
                15769: (0, 0, 0),
                15770: (10, 0.3, 0.1),
                15784: (10, 0.3, 0.1),
                15785: (0, 0, 0),
                15819: (0, 0, 0),
                15820: (10, 0.3, 0.1),
                15834: (10, 0.3, 0.1),
                15835: (0, 0, 0),
                15869: (0, 0, 0),
                15870: (10, 0.3, 0.1),
                15884: (10, 0.3, 0.1),
                15885: (0, 0, 0),
                15919: (0, 0, 0),
                15920: (10, 0.3, 0.1),
                15934: (10, 0.3, 0.1),
                15935: (0, 0, 0),
                15969: (0, 0, 0),
                15970: (10, 0.3, 0.1),
                15984: (10, 0.3, 0.1),
                15985: (0, 0, 0),
                16019: (0, 0, 0),
                16020: (10, 0.3, 0.1),
                16034: (10, 0.3, 0.1),
                16035: (0, 0, 0),
                16069: (0, 0, 0),
                16070: (10, 0.3, 0.1),
                16084: (10, 0.3, 0.1),
                16085: (0, 0, 0),
                16119: (0, 0, 0),
                16120: (10, 0.3, 0.1),
                16134: (10, 0.3, 0.1),
                16135: (0, 0, 0),
                16169: (0, 0, 0),
                16170: (10, 0.3, 0.1),
                16184: (10, 0.3, 0.1),
                16185: (0, 0, 0),
                16219: (0, 0, 0),
                16220: (10, 0.3, 0.1),
                16234: (10, 0.3, 0.1),
                16235: (0, 0, 0),
                16269: (0, 0, 0),
                16270: (10, 0.3, 0.1),
                16284: (10, 0.3, 0.1),
                16285: (0, 0, 0),
                16319: (0, 0, 0),
                16320: (10, 0.3, 0.1),
                16334: (10, 0.3, 0.1),
                16335: (0, 0, 0),
                16369: (0, 0, 0),
                16370: (10, 0.3, 0.1),
                16384: (10, 0.3, 0.1),
                16385: (0, 0, 0),
                16419: (0, 0, 0),
                16420: (10, 0.3, 0.1),
                16434: (10, 0.3, 0.1),
                16435: (0, 0, 0),
                16469: (0, 0, 0),
                16470: (10, 0.3, 0.1),
                16484: (10, 0.3, 0.1),
                16485: (0, 0, 0),
                16519: (0, 0, 0),
                16520: (10, 0.3, 0.1),
                16534: (10, 0.3, 0.1),
                16535: (0, 0, 0),
                16569: (0, 0, 0),
                16570: (10, 0.3, 0.1),
                16584: (10, 0.3, 0.1),
                16585: (0, 0, 0),
                16619: (0, 0, 0),
                16620: (10, 0.3, 0.1),
                16634: (10, 0.3, 0.1),
                16635: (0, 0, 0),
                16669: (0, 0, 0),
                16670: (10, 0.3, 0.1),
                16684: (10, 0.3, 0.1),
                16685: (0, 0, 0),
                16719: (0, 0, 0),
                16720: (10, 0.3, 0.1),
                16734: (10, 0.3, 0.1),
                16735: (0, 0, 0),
                16769: (0, 0, 0),
                16770: (10, 0.3, 0.1),
                16784: (10, 0.3, 0.1),
                16785: (0, 0, 0),
                16819: (0, 0, 0),
                16820: (10, 0.3, 0.1),
                16834: (10, 0.3, 0.1),
                16835: (0, 0, 0),
                16869: (0, 0, 0),
                16870: (10, 0.3, 0.1),
                16884: (10, 0.3, 0.1),
                16885: (0, 0, 0),
                16919: (0, 0, 0),
                16920: (10, 0.3, 0.1),
                16934: (10, 0.3, 0.1),
                16935: (0, 0, 0),
                16969: (0, 0, 0),
                16970: (10, 0.3, 0.1),
                16984: (10, 0.3, 0.1),
                16985: (0, 0, 0),
                17019: (0, 0, 0),
                17020: (10, 0.3, 0.1),
                17034: (10, 0.3, 0.1),
                17035: (0, 0, 0),
                17069: (0, 0, 0),
                17070: (10, 0.3, 0.1),
                17084: (10, 0.3, 0.1),
                17085: (0, 0, 0),
                17119: (0, 0, 0),
                17120: (10, 0.3, 0.1),
                17134: (10, 0.3, 0.1),
                17135: (0, 0, 0),
                17169: (0, 0, 0),
                17170: (10, 0.3, 0.1),
                17184: (10, 0.3, 0.1),
                17185: (0, 0, 0),
                17219: (0, 0, 0),
                17220: (10, 0.3, 0.1),
                17234: (10, 0.3, 0.1),
                17235: (0, 0, 0),
                17269: (0, 0, 0),
                17270: (10, 0.3, 0.1),
                17284: (10, 0.3, 0.1),
                17285: (0, 0, 0),
                17319: (0, 0, 0),
                17320: (10, 0.3, 0.1),
                17334: (10, 0.3, 0.1),
                17335: (0, 0, 0),
                17369: (0, 0, 0),
                17370: (10, 0.3, 0.1),
                17384: (10, 0.3, 0.1),
                17385: (0, 0, 0),
                17419: (0, 0, 0),
                17420: (10, 0.3, 0.1),
                17434: (10, 0.3, 0.1),
                17435: (0, 0, 0),
                17469: (0, 0, 0),
                17470: (10, 0.3, 0.1),
                17484: (10, 0.3, 0.1),
                17485: (0, 0, 0),
                17519: (0, 0, 0),
                17520: (10, 0.3, 0.1),
                17534: (10, 0.3, 0.1),
                17535: (0, 0, 0),
                17569: (0, 0, 0),
                17570: (10, 0.3, 0.1),
                17584: (10, 0.3, 0.1),
                17585: (0, 0, 0),
                17619: (0, 0, 0),
                17620: (10, 0.3, 0.1),
                17634: (10, 0.3, 0.1),
                17635: (0, 0, 0),
                17669: (0, 0, 0),
                17670: (10, 0.3, 0.1),
                17684: (10, 0.3, 0.1),
                17685: (0, 0, 0),
                17719: (0, 0, 0),
                17720: (10, 0.3, 0.1),
                17734: (10, 0.3, 0.1),
                17735: (0, 0, 0),
                17769: (0, 0, 0),
                17770: (10, 0.3, 0.1),
                17784: (10, 0.3, 0.1),
                17785: (0, 0, 0),
                17819: (0, 0, 0),
                17820: (10, 0.3, 0.1),
                17834: (10, 0.3, 0.1),
                17835: (0, 0, 0),
                17869: (0, 0, 0),
                17870: (10, 0.3, 0.1),
                17884: (10, 0.3, 0.1),
                17885: (0, 0, 0),
                17919: (0, 0, 0),
                17920: (10, 0.3, 0.1),
                17934: (10, 0.3, 0.1),
                17935: (0, 0, 0),
                17969: (0, 0, 0),
                17970: (10, 0.3, 0.1),
                17984: (10, 0.3, 0.1),
                17985: (0, 0, 0),
                18019: (0, 0, 0),
                18020: (10, 0.3, 0.1),
                18034: (10, 0.3, 0.1),
                18035: (0, 0, 0),
                18069: (0, 0, 0),
                18070: (10, 0.3, 0.1),
                18084: (10, 0.3, 0.1),
                18085: (0, 0, 0),
                18119: (0, 0, 0),
                18120: (10, 0.3, 0.1),
                18134: (10, 0.3, 0.1),
                18135: (0, 0, 0),
                18169: (0, 0, 0),
                18170: (10, 0.3, 0.1),
                18184: (10, 0.3, 0.1),
                18185: (0, 0, 0),
                18219: (0, 0, 0),
                18220: (10, 0.3, 0.1),
                18234: (10, 0.3, 0.1),
                18235: (0, 0, 0),
                18269: (0, 0, 0),
                18270: (10, 0.3, 0.1),
                18284: (10, 0.3, 0.1),
                18285: (0, 0, 0),
                18319: (0, 0, 0),
                18320: (10, 0.3, 0.1),
                18334: (10, 0.3, 0.1),
                18335: (0, 0, 0),
                18369: (0, 0, 0),
                18370: (10, 0.3, 0.1),
                18384: (10, 0.3, 0.1),
                18385: (0, 0, 0),
                18419: (0, 0, 0),
                18420: (10, 0.3, 0.1),
                18434: (10, 0.3, 0.1),
                18435: (0, 0, 0),
                18469: (0, 0, 0),
                18470: (10, 0.3, 0.1),
                18484: (10, 0.3, 0.1),
                18485: (0, 0, 0),
                18519: (0, 0, 0),
                18520: (10, 0.3, 0.1),
                18534: (10, 0.3, 0.1),
                18535: (0, 0, 0),
                18569: (0, 0, 0),
                18570: (10, 0.3, 0.1),
                18584: (10, 0.3, 0.1),
                18585: (0, 0, 0),
                18619: (0, 0, 0),
                18620: (10, 0.3, 0.1),
                18634: (10, 0.3, 0.1),
                18635: (0, 0, 0),
                18669: (0, 0, 0),
                18670: (10, 0.3, 0.1),
                18684: (10, 0.3, 0.1),
                18685: (0, 0, 0),
                18719: (0, 0, 0),
                18720: (10, 0.3, 0.1),
                18734: (10, 0.3, 0.1),
                18735: (0, 0, 0),
                18769: (0, 0, 0),
                18770: (10, 0.3, 0.1),
                18784: (10, 0.3, 0.1),
                18785: (0, 0, 0),
                18819: (0, 0, 0),
                18820: (10, 0.3, 0.1),
                18834: (10, 0.3, 0.1),
                18835: (0, 0, 0),
                18869: (0, 0, 0),
                18870: (10, 0.3, 0.1),
                18884: (10, 0.3, 0.1),
                18885: (0, 0, 0),
                18919: (0, 0, 0),
                18920: (10, 0.3, 0.1),
                18934: (10, 0.3, 0.1),
                18935: (0, 0, 0),
                18969: (0, 0, 0),
                18970: (10, 0.3, 0.1),
                18984: (10, 0.3, 0.1),
                18985: (0, 0, 0),
                19019: (0, 0, 0),
                19020: (10, 0.3, 0.1),
                19034: (10, 0.3, 0.1),
                19035: (0, 0, 0),
                19069: (0, 0, 0),
                19070: (10, 0.3, 0.1),
                19084: (10, 0.3, 0.1),
                19085: (0, 0, 0),
                19119: (0, 0, 0),
                19120: (10, 0.3, 0.1),
                19134: (10, 0.3, 0.1),
                19135: (0, 0, 0),
                19169: (0, 0, 0),
                19170: (10, 0.3, 0.1),
                19184: (10, 0.3, 0.1),
                19185: (0, 0, 0),
                19219: (0, 0, 0),
                19220: (10, 0.3, 0.1),
                19234: (10, 0.3, 0.1),
                19235: (0, 0, 0),
                19269: (0, 0, 0),
                19270: (10, 0.3, 0.1),
                19284: (10, 0.3, 0.1),
                19285: (0, 0, 0),
                19319: (0, 0, 0),
                19320: (10, 0.3, 0.1),
                19334: (10, 0.3, 0.1),
                19335: (0, 0, 0),
                19369: (0, 0, 0),
                19370: (10, 0.3, 0.1),
                19384: (10, 0.3, 0.1),
                19385: (0, 0, 0),
                19419: (0, 0, 0),
                19420: (10, 0.3, 0.1),
                19434: (10, 0.3, 0.1),
                19435: (0, 0, 0),
                19469: (0, 0, 0),
                19470: (10, 0.3, 0.1),
                19484: (10, 0.3, 0.1),
                19485: (0, 0, 0),
                19519: (0, 0, 0),
                19520: (10, 0.3, 0.1),
                19534: (10, 0.3, 0.1),
                19535: (0, 0, 0),
                19569: (0, 0, 0),
                19570: (10, 0.3, 0.1),
                19584: (10, 0.3, 0.1),
                19585: (0, 0, 0),
                19619: (0, 0, 0),
                19620: (10, 0.3, 0.1),
                19634: (10, 0.3, 0.1),
                19635: (0, 0, 0),
                19669: (0, 0, 0),
                19670: (10, 0.3, 0.1),
                19684: (10, 0.3, 0.1),
                19685: (0, 0, 0),
                19719: (0, 0, 0),
                19720: (10, 0.3, 0.1),
                19734: (10, 0.3, 0.1),
                19735: (0, 0, 0),
                19769: (0, 0, 0),
                19770: (10, 0.3, 0.1),
                19784: (10, 0.3, 0.1),
                19785: (0, 0, 0),
                19819: (0, 0, 0),
                19820: (10, 0.3, 0.1),
                19834: (10, 0.3, 0.1),
                19835: (0, 0, 0),
                19869: (0, 0, 0),
                19870: (10, 0.3, 0.1),
                19884: (10, 0.3, 0.1),
                19885: (0, 0, 0),
                19919: (0, 0, 0),
                19920: (10, 0.3, 0.1),
                19934: (10, 0.3, 0.1),
                19935: (0, 0, 0),
                19969: (0, 0, 0),
                19970: (10, 0.3, 0.1),
                19984: (10, 0.3, 0.1),
                19985: (0, 0, 0),
                20019: (0, 0, 0),
                20020: (10, 0.3, 0.1),
                20034: (10, 0.3, 0.1),
                20035: (0, 0, 0),
                20069: (0, 0, 0),
                20070: (10, 0.3, 0.1),
                20084: (10, 0.3, 0.1),
                20085: (0, 0, 0),
                20119: (0, 0, 0),
                20120: (10, 0.3, 0.1),
                20134: (10, 0.3, 0.1),
                20135: (0, 0, 0),
                20169: (0, 0, 0),
                20170: (10, 0.3, 0.1),
                20184: (10, 0.3, 0.1),
                20185: (0, 0, 0),
                20219: (0, 0, 0),
                20220: (10, 0.3, 0.1),
                20234: (10, 0.3, 0.1),
                20235: (0, 0, 0),
                20269: (0, 0, 0),
                20270: (10, 0.3, 0.1),
                20284: (10, 0.3, 0.1),
                20285: (0, 0, 0),
                20319: (0, 0, 0),
                20320: (10, 0.3, 0.1),
                20334: (10, 0.3, 0.1),
                20335: (0, 0, 0),
                20369: (0, 0, 0),
                20370: (10, 0.3, 0.1),
                20384: (10, 0.3, 0.1),
                20385: (0, 0, 0),
                20419: (0, 0, 0),
                20420: (10, 0.3, 0.1),
                20434: (10, 0.3, 0.1),
                20435: (0, 0, 0),
                20469: (0, 0, 0),
                20470: (10, 0.3, 0.1),
                20484: (10, 0.3, 0.1),
                20485: (0, 0, 0),
                20519: (0, 0, 0),
                20520: (10, 0.3, 0.1),
                20534: (10, 0.3, 0.1),
                20535: (0, 0, 0),
                20569: (0, 0, 0),
                20570: (10, 0.3, 0.1),
                20584: (10, 0.3, 0.1),
                20585: (0, 0, 0),
                20619: (0, 0, 0),
                20620: (10, 0.3, 0.1),
                20634: (10, 0.3, 0.1),
                20635: (0, 0, 0),
                20669: (0, 0, 0),
                20670: (10, 0.3, 0.1),
                20684: (10, 0.3, 0.1),
                20685: (0, 0, 0),
                20719: (0, 0, 0),
                20720: (10, 0.3, 0.1),
                20734: (10, 0.3, 0.1),
                20735: (0, 0, 0),
                20769: (0, 0, 0),
                20770: (10, 0.3, 0.1),
                20784: (10, 0.3, 0.1),
                20785: (0, 0, 0),
                20819: (0, 0, 0),
                20820: (10, 0.3, 0.1),
                20834: (10, 0.3, 0.1),
                20835: (0, 0, 0),
                20869: (0, 0, 0),
                20870: (10, 0.3, 0.1),
                20884: (10, 0.3, 0.1),
                20885: (0, 0, 0),
                20919: (0, 0, 0),
                20920: (10, 0.3, 0.1),
                20934: (10, 0.3, 0.1),
                20935: (0, 0, 0),
                20969: (0, 0, 0),
                20970: (10, 0.3, 0.1),
                20984: (10, 0.3, 0.1),
                20985: (0, 0, 0),
                21019: (0, 0, 0),
                21020: (10, 0.3, 0.1),
                21034: (10, 0.3, 0.1),
                21035: (0, 0, 0),
                21069: (0, 0, 0),
                21070: (10, 0.3, 0.1),
                21084: (10, 0.3, 0.1),
                21085: (0, 0, 0),
                21119: (0, 0, 0),
                21120: (10, 0.3, 0.1),
                21134: (10, 0.3, 0.1),
                21135: (0, 0, 0),
                21169: (0, 0, 0),
                21170: (10, 0.3, 0.1),
                21184: (10, 0.3, 0.1),
                21185: (0, 0, 0),
                21219: (0, 0, 0),
                21220: (10, 0.3, 0.1),
                21234: (10, 0.3, 0.1),
                21235: (0, 0, 0),
                21269: (0, 0, 0),
                21270: (10, 0.3, 0.1),
                21284: (10, 0.3, 0.1),
                21285: (0, 0, 0),
                21319: (0, 0, 0),
                21320: (10, 0.3, 0.1),
                21334: (10, 0.3, 0.1),
                21335: (0, 0, 0),
                21369: (0, 0, 0),
                21370: (10, 0.3, 0.1),
                21384: (10, 0.3, 0.1),
                21385: (0, 0, 0),
                21419: (0, 0, 0),
                21420: (10, 0.3, 0.1),
                21434: (10, 0.3, 0.1),
                21435: (0, 0, 0),
                21469: (0, 0, 0),
                21470: (10, 0.3, 0.1),
                21484: (10, 0.3, 0.1),
                21485: (0, 0, 0),
                21519: (0, 0, 0),
                21520: (10, 0.3, 0.1),
                21534: (10, 0.3, 0.1),
                21535: (0, 0, 0),
                21569: (0, 0, 0),
                21570: (10, 0.3, 0.1),
                21584: (10, 0.3, 0.1),
                21585: (0, 0, 0),
                21619: (0, 0, 0),
                21620: (10, 0.3, 0.1),
                21634: (10, 0.3, 0.1),
                21635: (0, 0, 0),
                21669: (0, 0, 0),
                21670: (10, 0.3, 0.1),
                21684: (10, 0.3, 0.1),
                21685: (0, 0, 0),
                21719: (0, 0, 0),
                21720: (10, 0.3, 0.1),
                21734: (10, 0.3, 0.1),
                21735: (0, 0, 0),
                21769: (0, 0, 0),
                21770: (10, 0.3, 0.1),
                21784: (10, 0.3, 0.1),
                21785: (0, 0, 0),
                21819: (0, 0, 0),
                21820: (10, 0.3, 0.1),
                21834: (10, 0.3, 0.1),
                21835: (0, 0, 0),
                21869: (0, 0, 0),
                21870: (10, 0.3, 0.1),
                21884: (10, 0.3, 0.1),
                21885: (0, 0, 0),
                21919: (0, 0, 0),
                21920: (10, 0.3, 0.1),
                21934: (10, 0.3, 0.1),
                21935: (0, 0, 0),
                21969: (0, 0, 0),
                21970: (10, 0.3, 0.1),
                21984: (10, 0.3, 0.1),
                21985: (0, 0, 0),
                22019: (0, 0, 0),
                22020: (10, 0.3, 0.1),
                22034: (10, 0.3, 0.1),
                22035: (0, 0, 0),
                22069: (0, 0, 0),
                22070: (10, 0.3, 0.1),
                22084: (10, 0.3, 0.1),
                22085: (0, 0, 0),
                22119: (0, 0, 0),
                22120: (10, 0.3, 0.1),
                22134: (10, 0.3, 0.1),
                22135: (0, 0, 0),
                22169: (0, 0, 0),
                22170: (10, 0.3, 0.1),
                22184: (10, 0.3, 0.1),
                22185: (0, 0, 0),
                22219: (0, 0, 0),
                22220: (10, 0.3, 0.1),
                22234: (10, 0.3, 0.1),
                22235: (0, 0, 0),
                22269: (0, 0, 0),
                22270: (10, 0.3, 0.1),
                22284: (10, 0.3, 0.1),
                22285: (0, 0, 0),
                22319: (0, 0, 0),
                22320: (10, 0.3, 0.1),
                22334: (10, 0.3, 0.1),
                22335: (0, 0, 0),
                22369: (0, 0, 0),
                22370: (10, 0.3, 0.1),
                22384: (10, 0.3, 0.1),
                22385: (0, 0, 0),
                22419: (0, 0, 0),
                22420: (10, 0.3, 0.1),
                22434: (10, 0.3, 0.1),
                22435: (0, 0, 0),
                22469: (0, 0, 0),
                22470: (10, 0.3, 0.1),
                22484: (10, 0.3, 0.1),
                22485: (0, 0, 0),
                22519: (0, 0, 0),
                22520: (10, 0.3, 0.1),
                22534: (10, 0.3, 0.1),
                22535: (0, 0, 0),
                22569: (0, 0, 0),
                22570: (10, 0.3, 0.1),
                22584: (10, 0.3, 0.1),
                22585: (0, 0, 0),
                22619: (0, 0, 0),
                22620: (10, 0.3, 0.1),
                22634: (10, 0.3, 0.1),
                22635: (0, 0, 0),
                22669: (0, 0, 0),
                22670: (10, 0.3, 0.1),
                22684: (10, 0.3, 0.1),
                22685: (0, 0, 0),
                22719: (0, 0, 0),
                22720: (10, 0.3, 0.1),
                22734: (10, 0.3, 0.1),
                22735: (0, 0, 0),
                22769: (0, 0, 0),
                22770: (10, 0.3, 0.1),
                22784: (10, 0.3, 0.1),
                22785: (0, 0, 0),
                22819: (0, 0, 0),
                22820: (10, 0.3, 0.1),
                22834: (10, 0.3, 0.1),
                22835: (0, 0, 0),
                22869: (0, 0, 0),
                22870: (10, 0.3, 0.1),
                22884: (10, 0.3, 0.1),
                22885: (0, 0, 0),
                22919: (0, 0, 0),
                22920: (10, 0.3, 0.1),
                22934: (10, 0.3, 0.1),
                22935: (0, 0, 0),
                22969: (0, 0, 0),
                22970: (10, 0.3, 0.1),
                22984: (10, 0.3, 0.1),
                22985: (0, 0, 0),
                23019: (0, 0, 0),
                23020: (10, 0.3, 0.1),
                23034: (10, 0.3, 0.1),
                23035: (0, 0, 0),
                23069: (0, 0, 0),
                23070: (10, 0.3, 0.1),
                23084: (10, 0.3, 0.1),
                23085: (0, 0, 0),
                23119: (0, 0, 0),
                23120: (10, 0.3, 0.1),
                23134: (10, 0.3, 0.1),
                23135: (0, 0, 0),
                23169: (0, 0, 0),
                23170: (10, 0.3, 0.1),
                23184: (10, 0.3, 0.1),
                23185: (0, 0, 0),
                23219: (0, 0, 0),
                23220: (10, 0.3, 0.1),
                23234: (10, 0.3, 0.1),
                23235: (0, 0, 0),
                23269: (0, 0, 0),
                23270: (10, 0.3, 0.1),
                23284: (10, 0.3, 0.1),
                23285: (0, 0, 0),
                23319: (0, 0, 0),
                23320: (10, 0.3, 0.1),
                23334: (10, 0.3, 0.1),
                23335: (0, 0, 0),
                23369: (0, 0, 0),
                23370: (10, 0.3, 0.1),
                23384: (10, 0.3, 0.1),
                23385: (0, 0, 0),
                23419: (0, 0, 0),
                23420: (10, 0.3, 0.1),
                23434: (10, 0.3, 0.1),
                23435: (0, 0, 0),
                23469: (0, 0, 0),
                23470: (10, 0.3, 0.1),
                23484: (10, 0.3, 0.1),
                23485: (0, 0, 0),
                23519: (0, 0, 0),
                23520: (10, 0.3, 0.1),
                23534: (10, 0.3, 0.1),
                23535: (0, 0, 0),
                23569: (0, 0, 0),
                23570: (10, 0.3, 0.1),
                23584: (10, 0.3, 0.1),
                23585: (0, 0, 0),
                23619: (0, 0, 0),
                23620: (10, 0.3, 0.1),
                23634: (10, 0.3, 0.1),
                23635: (0, 0, 0),
                23669: (0, 0, 0),
                23670: (10, 0.3, 0.1),
                23684: (10, 0.3, 0.1),
                23685: (0, 0, 0),
                23719: (0, 0, 0),
                23720: (10, 0.3, 0.1),
                23734: (10, 0.3, 0.1),
                23735: (0, 0, 0),
                23769: (0, 0, 0),
                23770: (10, 0.3, 0.1),
                23784: (10, 0.3, 0.1),
                23785: (0, 0, 0),
                23819: (0, 0, 0),
                23820: (10, 0.3, 0.1),
                23834: (10, 0.3, 0.1),
                23835: (0, 0, 0),
                23869: (0, 0, 0),
                23870: (10, 0.3, 0.1),
                23884: (10, 0.3, 0.1),
                23885: (0, 0, 0),
                23919: (0, 0, 0),
                23920: (10, 0.3, 0.1),
                23934: (10, 0.3, 0.1),
                23935: (0, 0, 0),
                23969: (0, 0, 0),
                23970: (10, 0.3, 0.1),
                23984: (10, 0.3, 0.1),
                23985: (0, 0, 0),
                24019: (0, 0, 0),
                24020: (10, 0.3, 0.1),
                24034: (10, 0.3, 0.1),
                24035: (0, 0, 0),
                24069: (0, 0, 0),
                24070: (10, 0.3, 0.1),
                24084: (10, 0.3, 0.1),
                24085: (0, 0, 0),
                24119: (0, 0, 0),
                24120: (10, 0.3, 0.1),
                24134: (10, 0.3, 0.1),
                24135: (0, 0, 0),
                24169: (0, 0, 0),
                24170: (10, 0.3, 0.1),
                24184: (10, 0.3, 0.1),
                24185: (0, 0, 0),
                24219: (0, 0, 0),
                24220: (10, 0.3, 0.1),
                24234: (10, 0.3, 0.1),
                24235: (0, 0, 0),
                24269: (0, 0, 0),
                24270: (10, 0.3, 0.1),
                24284: (10, 0.3, 0.1),
                24285: (0, 0, 0),
                24319: (0, 0, 0),
                24320: (10, 0.3, 0.1),
                24334: (10, 0.3, 0.1),
                24335: (0, 0, 0),
                24369: (0, 0, 0),
                24370: (10, 0.3, 0.1),
                24384: (10, 0.3, 0.1),
                24385: (0, 0, 0),
                24419: (0, 0, 0),
                24420: (10, 0.3, 0.1),
                24434: (10, 0.3, 0.1),
                24435: (0, 0, 0),
                24469: (0, 0, 0),
                24470: (10, 0.3, 0.1),
                24484: (10, 0.3, 0.1),
                24485: (0, 0, 0),
                24519: (0, 0, 0),
                24520: (10, 0.3, 0.1),
                24534: (10, 0.3, 0.1),
                24535: (0, 0, 0),
                24569: (0, 0, 0),
                24570: (10, 0.3, 0.1),
                24584: (10, 0.3, 0.1),
                24585: (0, 0, 0),
                24619: (0, 0, 0),
                24620: (10, 0.3, 0.1),
                24634: (10, 0.3, 0.1),
                24635: (0, 0, 0),
                24669: (0, 0, 0),
                24670: (10, 0.3, 0.1),
                24684: (10, 0.3, 0.1),
                24685: (0, 0, 0),
                24719: (0, 0, 0),
                24720: (10, 0.3, 0.1),
                24734: (10, 0.3, 0.1),
                24735: (0, 0, 0),
                24769: (0, 0, 0),
                24770: (10, 0.3, 0.1),
                24784: (10, 0.3, 0.1),
                24785: (0, 0, 0),
                24819: (0, 0, 0),
                24820: (10, 0.3, 0.1),
                24834: (10, 0.3, 0.1),
                24835: (0, 0, 0),
                24869: (0, 0, 0),
                24870: (10, 0.3, 0.1),
                24884: (10, 0.3, 0.1),
                24885: (0, 0, 0),
                24919: (0, 0, 0),
                24920: (10, 0.3, 0.1),
                24934: (10, 0.3, 0.1),
                24935: (0, 0, 0),
                24969: (0, 0, 0),
                24970: (10, 0.3, 0.1),
                24984: (10, 0.3, 0.1),
                24985: (0, 0, 0),
                25019: (0, 0, 0),
                25020: (10, 0.3, 0.1),
                25034: (10, 0.3, 0.1),
                25035: (0, 0, 0),
                25069: (0, 0, 0),
                25070: (10, 0.3, 0.1),
                25084: (10, 0.3, 0.1),
                25085: (0, 0, 0),
                25119: (0, 0, 0),
                25120: (10, 0.3, 0.1),
                25134: (10, 0.3, 0.1),
                25135: (0, 0, 0),
                25169: (0, 0, 0),
                25170: (10, 0.3, 0.1),
                25184: (10, 0.3, 0.1),
                25185: (0, 0, 0),
                25219: (0, 0, 0),
                25220: (10, 0.3, 0.1),
                25234: (10, 0.3, 0.1),
                25235: (0, 0, 0),
                25269: (0, 0, 0),
                25270: (10, 0.3, 0.1),
                25284: (10, 0.3, 0.1),
                25285: (0, 0, 0),
                25319: (0, 0, 0),
                25320: (10, 0.3, 0.1),
                25334: (10, 0.3, 0.1),
                25335: (0, 0, 0),
                25369: (0, 0, 0),
                25370: (10, 0.3, 0.1),
                25384: (10, 0.3, 0.1),
                25385: (0, 0, 0),
                25419: (0, 0, 0),
                25420: (10, 0.3, 0.1),
                25434: (10, 0.3, 0.1),
                25435: (0, 0, 0),
                25469: (0, 0, 0),
                25470: (10, 0.3, 0.1),
                25484: (10, 0.3, 0.1),
                25485: (0, 0, 0),
                25519: (0, 0, 0),
                25520: (10, 0.3, 0.1),
                25534: (10, 0.3, 0.1),
                25535: (0, 0, 0),
                25569: (0, 0, 0),
                25570: (10, 0.3, 0.1),
                25584: (10, 0.3, 0.1),
                25585: (0, 0, 0),
                25619: (0, 0, 0),
                25620: (10, 0.3, 0.1),
                25634: (10, 0.3, 0.1),
                25635: (0, 0, 0),
                25669: (0, 0, 0),
                25670: (10, 0.3, 0.1),
                25684: (10, 0.3, 0.1),
                25685: (0, 0, 0),
                25719: (0, 0, 0),
                25720: (10, 0.3, 0.1),
                25734: (10, 0.3, 0.1),
                25735: (0, 0, 0),
                25769: (0, 0, 0),
                25770: (10, 0.3, 0.1),
                25784: (10, 0.3, 0.1),
                25785: (0, 0, 0),
                25819: (0, 0, 0),
                25820: (10, 0.3, 0.1),
                25834: (10, 0.3, 0.1),
                25835: (0, 0, 0),
                25869: (0, 0, 0),
                25870: (10, 0.3, 0.1),
                25884: (10, 0.3, 0.1),
                25885: (0, 0, 0),
                25919: (0, 0, 0),
                25920: (10, 0.3, 0.1),
                25934: (10, 0.3, 0.1),
                25935: (0, 0, 0),
                25969: (0, 0, 0),
                25970: (10, 0.3, 0.1),
                25984: (10, 0.3, 0.1),
                25985: (0, 0, 0),
                26019: (0, 0, 0),
                26020: (10, 0.3, 0.1),
                26034: (10, 0.3, 0.1),
                26035: (0, 0, 0),
                26069: (0, 0, 0),
                26070: (10, 0.3, 0.1),
                26084: (10, 0.3, 0.1),
                26085: (0, 0, 0),
                26119: (0, 0, 0),
                26120: (10, 0.3, 0.1),
                26134: (10, 0.3, 0.1),
                26135: (0, 0, 0),
                26169: (0, 0, 0),
                26170: (10, 0.3, 0.1),
                26184: (10, 0.3, 0.1),
                26185: (0, 0, 0),
                26219: (0, 0, 0),
                26220: (10, 0.3, 0.1),
                26234: (10, 0.3, 0.1),
                26235: (0, 0, 0),
                26269: (0, 0, 0),
                26270: (10, 0.3, 0.1),
                26284: (10, 0.3, 0.1),
                26285: (0, 0, 0),
                26319: (0, 0, 0),
                26320: (10, 0.3, 0.1),
                26334: (10, 0.3, 0.1),
                26335: (0, 0, 0),
                26369: (0, 0, 0),
                26370: (10, 0.3, 0.1),
                26384: (10, 0.3, 0.1),
                26385: (0, 0, 0),
                26419: (0, 0, 0),
                26420: (10, 0.3, 0.1),
                26434: (10, 0.3, 0.1),
                26435: (0, 0, 0),
                26469: (0, 0, 0),
                26470: (10, 0.3, 0.1),
                26484: (10, 0.3, 0.1),
                26485: (0, 0, 0),
                26519: (0, 0, 0),
                26520: (10, 0.3, 0.1),
                26534: (10, 0.3, 0.1),
                26535: (0, 0, 0),
                26569: (0, 0, 0),
                26570: (10, 0.3, 0.1),
                26584: (10, 0.3, 0.1),
                26585: (0, 0, 0),
                26619: (0, 0, 0),
                26620: (10, 0.3, 0.1),
                26634: (10, 0.3, 0.1),
                26635: (0, 0, 0),
                26669: (0, 0, 0),
                26670: (10, 0.3, 0.1),
                26684: (10, 0.3, 0.1),
                26685: (0, 0, 0),
                26719: (0, 0, 0),
                26720: (10, 0.3, 0.1),
                26734: (10, 0.3, 0.1),
                26735: (0, 0, 0),
                26769: (0, 0, 0),
                26770: (10, 0.3, 0.1),
                26784: (10, 0.3, 0.1),
                26785: (0, 0, 0),
                26819: (0, 0, 0),
                26820: (10, 0.3, 0.1),
                26834: (10, 0.3, 0.1),
                26835: (0, 0, 0),
                26869: (0, 0, 0),
                26870: (10, 0.3, 0.1),
                26884: (10, 0.3, 0.1),
                26885: (0, 0, 0),
                26919: (0, 0, 0),
                26920: (10, 0.3, 0.1),
                26934: (10, 0.3, 0.1),
                26935: (0, 0, 0),
                26969: (0, 0, 0),
                26970: (10, 0.3, 0.1),
                26984: (10, 0.3, 0.1),
                26985: (0, 0, 0),
                27019: (0, 0, 0),
                27020: (10, 0.3, 0.1),
                27034: (10, 0.3, 0.1),
                27035: (0, 0, 0),
                27069: (0, 0, 0),
                27070: (10, 0.3, 0.1),
                27084: (10, 0.3, 0.1),
                27085: (0, 0, 0),
                27119: (0, 0, 0),
                27120: (10, 0.3, 0.1),
                27134: (10, 0.3, 0.1),
                27135: (0, 0, 0),
                27169: (0, 0, 0),
                27170: (10, 0.3, 0.1),
                27184: (10, 0.3, 0.1),
                27185: (0, 0, 0),
                27219: (0, 0, 0),
                27220: (10, 0.3, 0.1),
                27234: (10, 0.3, 0.1),
                27235: (0, 0, 0),
                27269: (0, 0, 0),
                27270: (10, 0.3, 0.1),
                27284: (10, 0.3, 0.1),
                27285: (0, 0, 0),
                27319: (0, 0, 0),
                27320: (10, 0.3, 0.1),
                27334: (10, 0.3, 0.1),
                27335: (0, 0, 0),
                27369: (0, 0, 0),
                27370: (10, 0.3, 0.1),
                27384: (10, 0.3, 0.1),
                27385: (0, 0, 0),
                27419: (0, 0, 0),
                27420: (10, 0.3, 0.1),
                27434: (10, 0.3, 0.1),
                27435: (0, 0, 0),
                27469: (0, 0, 0),
                27470: (10, 0.3, 0.1),
                27484: (10, 0.3, 0.1),
                27485: (0, 0, 0),
                27519: (0, 0, 0),
                27520: (10, 0.3, 0.1),
                27534: (10, 0.3, 0.1),
                27535: (0, 0, 0),
                27569: (0, 0, 0),
                27570: (10, 0.3, 0.1),
                27584: (10, 0.3, 0.1),
                27585: (0, 0, 0),
                27619: (0, 0, 0),
                27620: (10, 0.3, 0.1),
                27634: (10, 0.3, 0.1),
                27635: (0, 0, 0),
                27669: (0, 0, 0),
                27670: (10, 0.3, 0.1),
                27684: (10, 0.3, 0.1),
                27685: (0, 0, 0),
                27719: (0, 0, 0),
                27720: (10, 0.3, 0.1),
                27734: (10, 0.3, 0.1),
                27735: (0, 0, 0),
                27769: (0, 0, 0),
                27770: (10, 0.3, 0.1),
                27784: (10, 0.3, 0.1),
                27785: (0, 0, 0),
                27819: (0, 0, 0),
                27820: (10, 0.3, 0.1),
                27834: (10, 0.3, 0.1),
                27835: (0, 0, 0),
                27869: (0, 0, 0),
                27870: (10, 0.3, 0.1),
                27884: (10, 0.3, 0.1),
                27885: (0, 0, 0),
                27919: (0, 0, 0),
                27920: (10, 0.3, 0.1),
                27934: (10, 0.3, 0.1),
                27935: (0, 0, 0),
                27969: (0, 0, 0),
                27970: (10, 0.3, 0.1),
                27984: (10, 0.3, 0.1),
                27985: (0, 0, 0),
                28019: (0, 0, 0),
                28020: (10, 0.3, 0.1),
                28034: (10, 0.3, 0.1),
                28035: (0, 0, 0),
                28069: (0, 0, 0),
                28070: (10, 0.3, 0.1),
                28084: (10, 0.3, 0.1),
                28085: (0, 0, 0),
                28119: (0, 0, 0),
                28120: (10, 0.3, 0.1),
                28134: (10, 0.3, 0.1),
                28135: (0, 0, 0),
                28169: (0, 0, 0),
                28170: (10, 0.3, 0.1),
                28184: (10, 0.3, 0.1),
                28185: (0, 0, 0),
                28219: (0, 0, 0),
                28220: (10, 0.3, 0.1),
                28234: (10, 0.3, 0.1),
                28235: (0, 0, 0),
                28269: (0, 0, 0),
                28270: (10, 0.3, 0.1),
                28284: (10, 0.3, 0.1),
                28285: (0, 0, 0),
                28319: (0, 0, 0),
                28320: (10, 0.3, 0.1),
                28334: (10, 0.3, 0.1),
                28335: (0, 0, 0),
                28369: (0, 0, 0),
                28370: (10, 0.3, 0.1),
                28384: (10, 0.3, 0.1),
                28385: (0, 0, 0),
                28419: (0, 0, 0),
                28420: (10, 0.3, 0.1),
                28434: (10, 0.3, 0.1),
                28435: (0, 0, 0),
                28469: (0, 0, 0),
                28470: (10, 0.3, 0.1),
                28484: (10, 0.3, 0.1),
                28485: (0, 0, 0),
                28519: (0, 0, 0),
                28520: (10, 0.3, 0.1),
                28534: (10, 0.3, 0.1),
                28535: (0, 0, 0),
                28569: (0, 0, 0),
                28570: (10, 0.3, 0.1),
                28584: (10, 0.3, 0.1),
                28585: (0, 0, 0),
                28619: (0, 0, 0),
                28620: (10, 0.3, 0.1),
                28634: (10, 0.3, 0.1),
                28635: (0, 0, 0),
                28669: (0, 0, 0),
                28670: (10, 0.3, 0.1),
                28684: (10, 0.3, 0.1),
                28685: (0, 0, 0),
                28719: (0, 0, 0),
                28720: (10, 0.3, 0.1),
                28734: (10, 0.3, 0.1),
                28735: (0, 0, 0),
                28769: (0, 0, 0),
                28770: (10, 0.3, 0.1),
                28784: (10, 0.3, 0.1),
                28785: (0, 0, 0),
                28819: (0, 0, 0),
                28820: (10, 0.3, 0.1),
                28834: (10, 0.3, 0.1),
                28835: (0, 0, 0),
                28869: (0, 0, 0),
                28870: (10, 0.3, 0.1),
                28884: (10, 0.3, 0.1),
                28885: (0, 0, 0),
                28919: (0, 0, 0),
                28920: (10, 0.3, 0.1),
                28934: (10, 0.3, 0.1),
                28935: (0, 0, 0),
                28969: (0, 0, 0),
                28970: (10, 0.3, 0.1),
                28984: (10, 0.3, 0.1),
                28985: (0, 0, 0),
                29019: (0, 0, 0),
                29020: (10, 0.3, 0.1),
                29034: (10, 0.3, 0.1),
                29035: (0, 0, 0),
                29069: (0, 0, 0),
                29070: (10, 0.3, 0.1),
                29084: (10, 0.3, 0.1),
                29085: (0, 0, 0),
                29119: (0, 0, 0),
                29120: (10, 0.3, 0.1),
                29134: (10, 0.3, 0.1),
                29135: (0, 0, 0),
                29169: (0, 0, 0),
                29170: (10, 0.3, 0.1),
                29184: (10, 0.3, 0.1),
                29185: (0, 0, 0),
                29219: (0, 0, 0),
                29220: (10, 0.3, 0.1),
                29234: (10, 0.3, 0.1),
                29235: (0, 0, 0),
                29269: (0, 0, 0),
                29270: (10, 0.3, 0.1),
                29284: (10, 0.3, 0.1),
                29285: (0, 0, 0),
                29319: (0, 0, 0),
                29320: (10, 0.3, 0.1),
                29334: (10, 0.3, 0.1),
                29335: (0, 0, 0),
                29369: (0, 0, 0),
                29370: (10, 0.3, 0.1),
                29384: (10, 0.3, 0.1),
                29385: (0, 0, 0),
                29419: (0, 0, 0),
                29420: (10, 0.3, 0.1),
                29434: (10, 0.3, 0.1),
                29435: (0, 0, 0),
                29469: (0, 0, 0),
                29470: (10, 0.3, 0.1),
                29484: (10, 0.3, 0.1),
                29485: (0, 0, 0),
                29519: (0, 0, 0),
                29520: (10, 0.3, 0.1),
                29534: (10, 0.3, 0.1),
                29535: (0, 0, 0),
                29569: (0, 0, 0),
                29570: (10, 0.3, 0.1),
                29584: (10, 0.3, 0.1),
                29585: (0, 0, 0),
                29619: (0, 0, 0),
                29620: (10, 0.3, 0.1),
                29634: (10, 0.3, 0.1),
                29635: (0, 0, 0),
                29669: (0, 0, 0),
                29670: (10, 0.3, 0.1),
                29684: (10, 0.3, 0.1),
                29685: (0, 0, 0),
                29719: (0, 0, 0),
                29720: (10, 0.3, 0.1),
                29734: (10, 0.3, 0.1),
                29735: (0, 0, 0),
                29769: (0, 0, 0),
                29770: (10, 0.3, 0.1),
                29784: (10, 0.3, 0.1),
                29785: (0, 0, 0),
                29819: (0, 0, 0),
                29820: (10, 0.3, 0.1),
                29834: (10, 0.3, 0.1),
                29835: (0, 0, 0),
                29869: (0, 0, 0),
                29870: (10, 0.3, 0.1),
                29884: (10, 0.3, 0.1),
                29885: (0, 0, 0),
                29919: (0, 0, 0),
                29920: (10, 0.3, 0.1),
                29934: (10, 0.3, 0.1),
                29935: (0, 0, 0),
                29969: (0, 0, 0),
                29970: (10, 0.3, 0.1),
                29984: (10, 0.3, 0.1),
                29985: (0, 0, 0),
                30019: (0, 0, 0),
                30020: (10, 0.3, 0.1),
                30034: (10, 0.3, 0.1),
                30035: (0, 0, 0),
                30069: (0, 0, 0),
                30070: (10, 0.3, 0.1),
                30084: (10, 0.3, 0.1),
                30085: (0, 0, 0),
                30119: (0, 0, 0),
                30120: (10, 0.3, 0.1),
                30134: (10, 0.3, 0.1),
                30135: (0, 0, 0),
                30169: (0, 0, 0),
                30170: (10, 0.3, 0.1),
                30184: (10, 0.3, 0.1),
                30185: (0, 0, 0),
                30219: (0, 0, 0),
                30220: (10, 0.3, 0.1),
                30234: (10, 0.3, 0.1),
                30235: (0, 0, 0),
                30269: (0, 0, 0),
                30270: (10, 0.3, 0.1),
                30284: (10, 0.3, 0.1),
                30285: (0, 0, 0),
                30319: (0, 0, 0),
                30320: (10, 0.3, 0.1),
                30334: (10, 0.3, 0.1),
                30335: (0, 0, 0),
                30369: (0, 0, 0),
                30370: (10, 0.3, 0.1),
                30384: (10, 0.3, 0.1),
                30385: (0, 0, 0),
                30419: (0, 0, 0),
                30420: (10, 0.3, 0.1),
                30434: (10, 0.3, 0.1),
                30435: (0, 0, 0),
                30469: (0, 0, 0),
                30470: (10, 0.3, 0.1),
                30484: (10, 0.3, 0.1),
                30485: (0, 0, 0),
                30519: (0, 0, 0),
                30520: (10, 0.3, 0.1),
                30534: (10, 0.3, 0.1),
                30535: (0, 0, 0),
                30569: (0, 0, 0),
                30570: (10, 0.3, 0.1),
                30584: (10, 0.3, 0.1),
                30585: (0, 0, 0),
                30619: (0, 0, 0),
                30620: (10, 0.3, 0.1),
                30634: (10, 0.3, 0.1),
                30635: (0, 0, 0),
                30669: (0, 0, 0),
                30670: (10, 0.3, 0.1),
                30684: (10, 0.3, 0.1),
                30685: (0, 0, 0),
                30719: (0, 0, 0),
                30720: (10, 0.3, 0.1),
                30734: (10, 0.3, 0.1),
                30735: (0, 0, 0),
                30769: (0, 0, 0),
                30770: (10, 0.3, 0.1),
                30784: (10, 0.3, 0.1),
                30785: (0, 0, 0),
                30819: (0, 0, 0),
                30820: (10, 0.3, 0.1),
                30834: (10, 0.3, 0.1),
                30835: (0, 0, 0),
                30869: (0, 0, 0),
                30870: (10, 0.3, 0.1),
                30884: (10, 0.3, 0.1),
                30885: (0, 0, 0),
                30919: (0, 0, 0),
                30920: (10, 0.3, 0.1),
                30934: (10, 0.3, 0.1),
                30935: (0, 0, 0),
                30969: (0, 0, 0),
                30970: (10, 0.3, 0.1),
                30984: (10, 0.3, 0.1),
                30985: (0, 0, 0),
                31019: (0, 0, 0),
                31020: (10, 0.3, 0.1),
                31034: (10, 0.3, 0.1),
                31035: (0, 0, 0),
                31069: (0, 0, 0),
                31070: (10, 0.3, 0.1),
                31084: (10, 0.3, 0.1),
                31085: (0, 0, 0),
                31119: (0, 0, 0),
                31120: (10, 0.3, 0.1),
                31134: (10, 0.3, 0.1),
                31135: (0, 0, 0),
                31169: (0, 0, 0),
                31170: (10, 0.3, 0.1),
                31184: (10, 0.3, 0.1),
                31185: (0, 0, 0),
                31219: (0, 0, 0),
                31220: (10, 0.3, 0.1),
                31234: (10, 0.3, 0.1),
                31235: (0, 0, 0),
                31269: (0, 0, 0),
                31270: (10, 0.3, 0.1),
                31284: (10, 0.3, 0.1),
                31285: (0, 0, 0),
                31319: (0, 0, 0),
                31320: (10, 0.3, 0.1),
                31334: (10, 0.3, 0.1),
                31335: (0, 0, 0),
                31369: (0, 0, 0),
                31370: (10, 0.3, 0.1),
                31384: (10, 0.3, 0.1),
                31385: (0, 0, 0),
                31419: (0, 0, 0),
                31420: (10, 0.3, 0.1),
                31434: (10, 0.3, 0.1),
                31435: (0, 0, 0),
                31469: (0, 0, 0),
                31470: (10, 0.3, 0.1),
                31484: (10, 0.3, 0.1),
                31485: (0, 0, 0),
                31519: (0, 0, 0),
                31520: (10, 0.3, 0.1),
                31534: (10, 0.3, 0.1),
                31535: (0, 0, 0),
                31569: (0, 0, 0),
                31570: (10, 0.3, 0.1),
                31584: (10, 0.3, 0.1),
                31585: (0, 0, 0),
                31619: (0, 0, 0),
                31620: (10, 0.3, 0.1),
                31634: (10, 0.3, 0.1),
                31635: (0, 0, 0),
                31669: (0, 0, 0),
                31670: (10, 0.3, 0.1),
                31684: (10, 0.3, 0.1),
                31685: (0, 0, 0),
                31719: (0, 0, 0),
                31720: (10, 0.3, 0.1),
                31734: (10, 0.3, 0.1),
                31735: (0, 0, 0),
                31769: (0, 0, 0),
                31770: (10, 0.3, 0.1),
                31784: (10, 0.3, 0.1),
                31785: (0, 0, 0),
                31819: (0, 0, 0),
                31820: (10, 0.3, 0.1),
                31834: (10, 0.3, 0.1),
                31835: (0, 0, 0),
                31869: (0, 0, 0),
                31870: (10, 0.3, 0.1),
                31884: (10, 0.3, 0.1),
                31885: (0, 0, 0),
                31919: (0, 0, 0),
                31920: (10, 0.3, 0.1),
                31934: (10, 0.3, 0.1),
                31935: (0, 0, 0),
                31969: (0, 0, 0),
                31970: (10, 0.3, 0.1),
                31984: (10, 0.3, 0.1),
                31985: (0, 0, 0),
                32019: (0, 0, 0),
                32020: (10, 0.3, 0.1),
                32034: (10, 0.3, 0.1),
                32035: (0, 0, 0),
                32069: (0, 0, 0),
                32070: (10, 0.3, 0.1),
                32084: (10, 0.3, 0.1),
                32085: (0, 0, 0),
                32119: (0, 0, 0),
                32120: (10, 0.3, 0.1),
                32134: (10, 0.3, 0.1),
                32135: (0, 0, 0),
                32169: (0, 0, 0),
                32170: (10, 0.3, 0.1),
                32184: (10, 0.3, 0.1),
                32185: (0, 0, 0),
                32219: (0, 0, 0),
                32220: (10, 0.3, 0.1),
                32234: (10, 0.3, 0.1),
                32235: (0, 0, 0),
                32269: (0, 0, 0),
                32270: (10, 0.3, 0.1),
                32284: (10, 0.3, 0.1),
                32285: (0, 0, 0),
                32319: (0, 0, 0),
                32320: (10, 0.3, 0.1),
                32334: (10, 0.3, 0.1),
                32335: (0, 0, 0),
                32369: (0, 0, 0),
                32370: (10, 0.3, 0.1),
                32384: (10, 0.3, 0.1),
                32385: (0, 0, 0),
                32419: (0, 0, 0),
                32420: (10, 0.3, 0.1),
                32434: (10, 0.3, 0.1),
                32435: (0, 0, 0),
                32469: (0, 0, 0),
                32470: (10, 0.3, 0.1),
                32484: (10, 0.3, 0.1),
                32485: (0, 0, 0),
                32519: (0, 0, 0),
                32520: (10, 0.3, 0.1),
                32534: (10, 0.3, 0.1),
                32535: (0, 0, 0),
                32569: (0, 0, 0),
                32570: (10, 0.3, 0.1),
                32584: (10, 0.3, 0.1),
                32585: (0, 0, 0),
                32619: (0, 0, 0),
                32620: (10, 0.3, 0.1),
                32634: (10, 0.3, 0.1),
                32635: (0, 0, 0),
                32669: (0, 0, 0),
                32670: (10, 0.3, 0.1),
                32684: (10, 0.3, 0.1),
                32685: (0, 0, 0),
                32719: (0, 0, 0),
                32720: (10, 0.3, 0.1),
                32734: (10, 0.3, 0.1),
                32735: (0, 0, 0),
                32769: (0, 0, 0),
                32770: (10, 0.3, 0.1),
                32784: (10, 0.3, 0.1),
                32785: (0, 0, 0),
                32819: (0, 0, 0),
                32820: (10, 0.3, 0.1),
                32834: (10, 0.3, 0.1),
                32835: (0, 0, 0),
                32869: (0, 0, 0),
                32870: (10, 0.3, 0.1),
                32884: (10, 0.3, 0.1),
                32885: (0, 0, 0),
                32919: (0, 0, 0),
                32920: (10, 0.3, 0.1),
                32934: (10, 0.3, 0.1),
                32935: (0, 0, 0),
                32969: (0, 0, 0),
                32970: (10, 0.3, 0.1),
                32984: (10, 0.3, 0.1),
                32985: (0, 0, 0),
                33019: (0, 0, 0),
                33020: (10, 0.3, 0.1),
                33034: (10, 0.3, 0.1),
                33035: (0, 0, 0),
                33069: (0, 0, 0),
                33070: (10, 0.3, 0.1),
                33084: (10, 0.3, 0.1),
                33085: (0, 0, 0),
                33119: (0, 0, 0),
                33120: (10, 0.3, 0.1),
                33134: (10, 0.3, 0.1),
                33135: (0, 0, 0),
                33169: (0, 0, 0),
                33170: (10, 0.3, 0.1),
                33184: (10, 0.3, 0.1),
                33185: (0, 0, 0),
                33219: (0, 0, 0),
                33220: (10, 0.3, 0.1),
                33234: (10, 0.3, 0.1),
                33235: (0, 0, 0),
                33269: (0, 0, 0),
                33270: (10, 0.3, 0.1),
                33284: (10, 0.3, 0.1),
                33285: (0, 0, 0),
                33319: (0, 0, 0),
                33320: (10, 0.3, 0.1),
                33334: (10, 0.3, 0.1),
                33335: (0, 0, 0),
                33369: (0, 0, 0),
                33370: (10, 0.3, 0.1),
                33384: (10, 0.3, 0.1),
                33385: (0, 0, 0),
                33419: (0, 0, 0),
                33420: (10, 0.3, 0.1),
                33434: (10, 0.3, 0.1),
                33435: (0, 0, 0),
                33469: (0, 0, 0),
                33470: (10, 0.3, 0.1),
                33484: (10, 0.3, 0.1),
                33485: (0, 0, 0),
                33519: (0, 0, 0),
                33520: (10, 0.3, 0.1),
                33534: (10, 0.3, 0.1),
                33535: (0, 0, 0),
                33569: (0, 0, 0),
                33570: (10, 0.3, 0.1),
                33584: (10, 0.3, 0.1),
                33585: (0, 0, 0),
                33619: (0, 0, 0),
                33620: (10, 0.3, 0.1),
                33634: (10, 0.3, 0.1),
                33635: (0, 0, 0),
                33669: (0, 0, 0),
                33670: (10, 0.3, 0.1),
                33684: (10, 0.3, 0.1),
                33685: (0, 0, 0),
                33719: (0, 0, 0),
                33720: (10, 0.3, 0.1),
                33734: (10, 0.3, 0.1),
                33735: (0, 0, 0),
                33769: (0, 0, 0),
                33770: (10, 0.3, 0.1),
                33784: (10, 0.3, 0.1),
                33785: (0, 0, 0),
                33819: (0, 0, 0),
                33820: (10, 0.3, 0.1),
                33834: (10, 0.3, 0.1),
                33835: (0, 0, 0),
                33869: (0, 0, 0),
                33870: (10, 0.3, 0.1),
                33884: (10, 0.3, 0.1),
                33885: (0, 0, 0),
                33919: (0, 0, 0),
                33920: (10, 0.3, 0.1),
                33934: (10, 0.3, 0.1),
                33935: (0, 0, 0),
                33969: (0, 0, 0),
                33970: (10, 0.3, 0.1),
                33984: (10, 0.3, 0.1),
                33985: (0, 0, 0),
                34019: (0, 0, 0),
                34020: (10, 0.3, 0.1),
                34034: (10, 0.3, 0.1),
                34035: (0, 0, 0),
                34069: (0, 0, 0),
                34070: (10, 0.3, 0.1),
                34084: (10, 0.3, 0.1),
                34085: (0, 0, 0),
                34119: (0, 0, 0),
                34120: (10, 0.3, 0.1),
                34134: (10, 0.3, 0.1),
                34135: (0, 0, 0),
                34169: (0, 0, 0),
                34170: (10, 0.3, 0.1),
                34184: (10, 0.3, 0.1),
                34185: (0, 0, 0),
                34219: (0, 0, 0),
                34220: (10, 0.3, 0.1),
                34234: (10, 0.3, 0.1),
                34235: (0, 0, 0),
                34269: (0, 0, 0),
                34270: (10, 0.3, 0.1),
                34284: (10, 0.3, 0.1),
                34285: (0, 0, 0),
                34319: (0, 0, 0),
                34320: (10, 0.3, 0.1),
                34334: (10, 0.3, 0.1),
                34335: (0, 0, 0),
                34369: (0, 0, 0),
                34370: (10, 0.3, 0.1),
                34384: (10, 0.3, 0.1),
                34385: (0, 0, 0),
                34419: (0, 0, 0),
                34420: (10, 0.3, 0.1),
                34434: (10, 0.3, 0.1),
                34435: (0, 0, 0),
                34469: (0, 0, 0),
                34470: (10, 0.3, 0.1),
                34484: (10, 0.3, 0.1),
                34485: (0, 0, 0),
                34519: (0, 0, 0),
                34520: (10, 0.3, 0.1),
                34534: (10, 0.3, 0.1),
                34535: (0, 0, 0),
                34569: (0, 0, 0),
                34570: (10, 0.3, 0.1),
                34584: (10, 0.3, 0.1),
                34585: (0, 0, 0),
                34619: (0, 0, 0),
                34620: (10, 0.3, 0.1),
                34634: (10, 0.3, 0.1),
                34635: (0, 0, 0),
                34669: (0, 0, 0),
                34670: (10, 0.3, 0.1),
                34684: (10, 0.3, 0.1),
                34685: (0, 0, 0),
                34719: (0, 0, 0),
                34720: (10, 0.3, 0.1),
                34734: (10, 0.3, 0.1),
                34735: (0, 0, 0),
                34769: (0, 0, 0),
                34770: (10, 0.3, 0.1),
                34784: (10, 0.3, 0.1),
                34785: (0, 0, 0),
                34819: (0, 0, 0),
                34820: (10, 0.3, 0.1),
                34834: (10, 0.3, 0.1),
                34835: (0, 0, 0),
                34869: (0, 0, 0),
                34870: (10, 0.3, 0.1),
                34884: (10, 0.3, 0.1),
                34885: (0, 0, 0),
                34919: (0, 0, 0),
                34920: (10, 0.3, 0.1),
                34934: (10, 0.3, 0.1),
                34935: (0, 0, 0),
                34969: (0, 0, 0),
                34970: (10, 0.3, 0.1),
                34984: (10, 0.3, 0.1),
                34985: (0, 0, 0),
                35019: (0, 0, 0),
                35020: (10, 0.3, 0.1),
                35034: (10, 0.3, 0.1),
                35035: (0, 0, 0),
                35069: (0, 0, 0),
                35070: (10, 0.3, 0.1),
                35084: (10, 0.3, 0.1),
                35085: (0, 0, 0),
                35119: (0, 0, 0),
                35120: (10, 0.3, 0.1),
                35134: (10, 0.3, 0.1),
                35135: (0, 0, 0),
                35169: (0, 0, 0),
                35170: (10, 0.3, 0.1),
                35184: (10, 0.3, 0.1),
                35185: (0, 0, 0),
                35219: (0, 0, 0),
                35220: (10, 0.3, 0.1),
                35234: (10, 0.3, 0.1),
                35235: (0, 0, 0),
                35269: (0, 0, 0),
                35270: (10, 0.3, 0.1),
                35284: (10, 0.3, 0.1),
                35285: (0, 0, 0),
                35319: (0, 0, 0),
                35320: (10, 0.3, 0.1),
                35334: (10, 0.3, 0.1),
                35335: (0, 0, 0),
                35369: (0, 0, 0),
                35370: (10, 0.3, 0.1),
                35384: (10, 0.3, 0.1),
                35385: (0, 0, 0),
                35419: (0, 0, 0),
                35420: (10, 0.3, 0.1),
                35434: (10, 0.3, 0.1),
                35435: (0, 0, 0),
                35469: (0, 0, 0),
                35470: (10, 0.3, 0.1),
                35484: (10, 0.3, 0.1),
                35485: (0, 0, 0),
                35519: (0, 0, 0),
                35520: (10, 0.3, 0.1),
                35534: (10, 0.3, 0.1),
                35535: (0, 0, 0),
                35569: (0, 0, 0),
                35570: (10, 0.3, 0.1),
                35584: (10, 0.3, 0.1),
                35585: (0, 0, 0),
                35619: (0, 0, 0),
                35620: (10, 0.3, 0.1),
                35634: (10, 0.3, 0.1),
                35635: (0, 0, 0),
                35669: (0, 0, 0),
                35670: (10, 0.3, 0.1),
                35684: (10, 0.3, 0.1),
                35685: (0, 0, 0),
                35719: (0, 0, 0),
                35720: (10, 0.3, 0.1),
                35734: (10, 0.3, 0.1),
                35735: (0, 0, 0),
                35769: (0, 0, 0),
                35770: (10, 0.3, 0.1),
                35784: (10, 0.3, 0.1),
                35785: (0, 0, 0),
                35819: (0, 0, 0),
                35820: (10, 0.3, 0.1),
                35834: (10, 0.3, 0.1),
                35835: (0, 0, 0),
                35869: (0, 0, 0),
                35870: (10, 0.3, 0.1),
                35884: (10, 0.3, 0.1),
                35885: (0, 0, 0),
                35919: (0, 0, 0),
                35920: (10, 0.3, 0.1),
                35934: (10, 0.3, 0.1),
                35935: (0, 0, 0),
                35969: (0, 0, 0),
                35970: (10, 0.3, 0.1),
                35984: (10, 0.3, 0.1),
                35985: (0, 0, 0),
                36019: (0, 0, 0),
            }
            token outputs:surface
        }
    }
}

over "ChemLab"
{
    over "Point_LabCeiling"
    {
        over "Point_002"
        {
            color3f inputs:color.timeSamples = {
                0: (0.3529254, 0.72891116, 1),
                119: (0.3529254, 0.72891116, 1),
                120: (0.7, 0.8, 1),
            }
            float inputs:intensity.timeSamples = {
                0: 501.1819,
                119: 501.1819,
                120: 40.09455,
            }
        }
    }

    over "______"
    {
        over "______"
        {
            color3f inputs:color.timeSamples = {
                0: (1, 1, 1),
                119: (1, 1, 1),
                120: (0.7, 0.8, 1),
            }
            float inputs:intensity.timeSamples = {
                0: 18000,
                119: 18000,
                120: 1080,
            }
        }
    }

    over "Point_LabFill1"
    {
        over "Point_001"
        {
            color3f inputs:color.timeSamples = {
                0: (0.6030751, 0.97125864, 1),
                119: (0.6030751, 0.97125864, 1),
                120: (0.7, 0.8, 1),
            }
            float inputs:intensity.timeSamples = {
                0: 30089.531,
                119: 30089.531,
                120: 3008.9531,
            }
        }
    }

    over "Point_LabFill2"
    {
        over "Point"
        {
            color3f inputs:color.timeSamples = {
                0: (0.6030751, 0.97125864, 1),
                119: (0.6030751, 0.97125864, 1),
                120: (0.7, 0.8, 1),
            }
            float inputs:intensity.timeSamples = {
                0: 30089.531,
                119: 30089.531,
                120: 3008.9531,
            }
        }
    }
}

over "Environment"
{
    over "defaultLight"
    {
        color3f inputs:color.timeSamples = {
            0: (1, 1, 1),
            119: (1, 1, 1),
            120: (0.8, 0.85, 1),
        }
        float inputs:intensity.timeSamples = {
            0: 3000,
            119: 3000,
            120: 300,
        }
    }
}

